# Blender 5.0.1
# www.blender.org
mtllib noga_prawa.mtl
o lego_obj.010
v 0.203865 -0.592990 0.389202
v 0.200597 -0.565833 0.045680
v 0.203865 -0.592990 0.042408
v 0.107441 -0.592990 0.389202
v 0.200597 -0.565833 0.385930
v 0.110708 -0.565833 0.045680
v 0.110708 -0.565833 0.385930
v 0.107441 -0.592990 0.042408
v 0.200152 -0.562158 0.046121
v 0.204306 -0.596660 0.389643
v 0.200152 -0.562158 0.385489
v 0.106999 -0.596660 0.389643
v 0.111150 -0.562158 0.385489
v 0.106996 -0.596660 0.041967
v 0.111150 -0.562158 0.046121
v 0.204306 -0.596660 0.041967
v 0.217306 -0.589754 0.402643
v 0.214035 -0.562593 0.032238
v 0.214035 -0.562593 0.399372
v 0.093999 -0.589754 0.402643
v 0.097267 -0.562593 0.399372
v 0.093999 -0.589754 0.028967
v 0.097267 -0.562593 0.032238
v 0.210635 -0.549825 0.035642
v 0.210635 -0.549825 0.395968
v 0.217306 -0.589754 0.028967
v 0.207328 -0.578363 0.394920
v 0.207328 -0.578363 0.036690
v 0.100671 -0.549825 0.395968
v 0.100117 -0.580014 0.396522
v 0.100671 -0.549825 0.035642
v 0.100117 -0.580014 0.035088
v 0.209180 -0.542389 0.026509
v 0.106996 -0.498329 0.026509
v 0.209180 -0.498329 0.026509
v -0.176414 -0.541102 0.026509
v 0.106996 -0.544685 0.026509
v 0.106996 -0.399995 0.026509
v -0.174426 -0.133358 0.026509
v 0.105176 -0.133358 0.026509
v 0.105183 -0.127941 0.026509
v -0.174426 -0.053016 0.026509
v 0.147609 -0.073663 0.026509
v -0.174412 -0.069571 0.026509
v -0.147055 0.101799 0.026509
v 0.152482 0.080462 0.026509
v -0.158926 0.081282 0.026509
v 0.167887 0.023606 0.026509
v -0.174426 0.003482 0.026509
v -0.176284 0.023533 0.026509
v 0.166555 -0.016351 0.026509
v -0.174412 -0.016249 0.026509
v 0.162814 -0.035683 0.026509
v -0.174391 -0.035195 0.026509
v 0.156703 -0.054685 0.026509
v -0.174408 -0.098656 0.026509
v 0.121784 -0.109977 0.026509
v -0.174405 -0.084724 0.026509
v 0.136298 -0.092016 0.026509
v -0.070121 0.167584 0.026509
v 0.041824 0.174067 0.026509
v 0.058137 0.168650 0.026509
v -0.110404 0.142745 0.026509
v 0.084218 0.155861 0.026509
v 0.105699 0.141174 0.026509
v -0.130658 0.122793 0.026509
v 0.126380 0.120703 0.026509
v 0.141911 0.100123 0.026509
v -0.173139 0.042079 0.026509
v 0.165401 0.042061 0.026509
v -0.167056 0.061512 0.026509
v 0.160475 0.060916 0.026509
v -0.046512 0.176342 0.026509
v 0.008689 0.180921 0.026509
v 0.025195 0.178277 0.026509
v -0.058383 0.172289 0.026509
v -0.090374 0.156586 0.026509
v 0.209180 -0.454267 0.405101
v 0.106996 -0.498329 0.405101
v 0.209180 -0.498329 0.405101
v 0.106996 -0.451970 0.405101
v -0.176414 -0.495893 0.405101
v -0.174426 -0.132895 0.388262
v 0.106996 -0.399995 0.405101
v 0.105176 -0.132895 0.388262
v 0.105183 -0.127493 0.387866
v -0.174408 -0.111053 0.386653
v 0.147609 -0.073358 0.383876
v -0.174426 -0.052767 0.382358
v -0.174412 -0.069280 0.383574
v -0.147055 0.101627 0.370981
v 0.152482 0.080350 0.372552
v 0.141911 0.099955 0.371104
v 0.167887 0.023648 0.376727
v -0.174426 0.003577 0.378207
v 0.168514 0.003577 0.378207
v 0.166555 -0.016200 0.379665
v -0.174412 -0.016102 0.379658
v 0.162814 -0.035483 0.381085
v -0.174391 -0.034996 0.381050
v 0.156703 -0.054432 0.382481
v -0.174408 -0.098285 0.385713
v 0.121784 -0.109577 0.386544
v -0.174405 -0.084391 0.384689
v 0.136298 -0.091662 0.385226
v 0.041824 0.173702 0.365673
v -0.070121 0.167234 0.366147
v 0.058137 0.168296 0.366069
v 0.084218 0.155541 0.367009
v -0.110404 0.142461 0.367973
v 0.105699 0.140897 0.368089
v -0.130658 0.122565 0.369439
v 0.126380 0.120479 0.369593
v -0.173139 0.042072 0.375371
v -0.176284 0.023571 0.376734
v 0.165401 0.042051 0.375371
v -0.167056 0.061449 0.373944
v -0.158926 0.081167 0.372489
v 0.008689 0.180535 0.365168
v -0.046512 0.175967 0.365505
v 0.025195 0.177899 0.365361
v -0.058383 0.171928 0.365803
v -0.090374 0.156267 0.366956
v 0.119649 -0.399995 0.041967
v 0.204306 -0.399995 0.389643
v 0.204306 -0.399995 0.041967
v 0.209180 -0.454267 0.389643
v 0.209180 -0.498329 0.041967
v 0.209180 -0.454267 0.041967
v -0.176414 -0.543840 0.041967
v -0.176414 -0.524028 0.135680
v -0.176414 -0.517072 0.133566
v 0.106912 -0.387346 0.041935
v 0.105176 -0.132913 0.373491
v 0.106912 -0.387367 0.388879
v -0.174426 -0.133340 0.041279
v -0.174426 -0.129712 0.152312
v -0.174412 -0.115951 0.126358
v -0.174408 -0.111351 0.120941
v -0.174408 -0.111442 0.041213
v 0.105176 -0.133341 0.041279
v 0.105183 -0.127510 0.373109
v 0.147609 -0.073649 0.041101
v 0.156703 -0.054443 0.367945
v 0.147609 -0.073372 0.369284
v -0.174426 -0.052981 0.076672
v -0.174412 -0.069561 0.041087
v -0.174412 -0.069525 0.084329
v -0.147055 0.101634 0.356915
v -0.147998 0.100046 0.290555
v -0.158926 0.081188 0.308421
v -0.158926 0.081170 0.358363
v 0.152482 0.080458 0.040638
v 0.141911 0.099962 0.357035
v 0.152482 0.080353 0.358419
v 0.168514 0.003486 0.040869
v 0.167887 0.023645 0.362427
v 0.168514 0.003573 0.363847
v -0.176284 0.023571 0.362434
v -0.174426 0.003566 0.337692
v -0.174426 0.003573 0.363847
v 0.166555 -0.016344 0.040929
v 0.166555 -0.016207 0.365242
v -0.174422 -0.003502 0.338460
v -0.174412 -0.016109 0.365235
v -0.174412 -0.016120 0.337089
v 0.162814 -0.035676 0.040985
v 0.162814 -0.035490 0.366606
v -0.174412 -0.018192 0.067536
v -0.174412 -0.016246 0.040929
v -0.174391 -0.035188 0.040985
v -0.174391 -0.035171 0.071273
v 0.156703 -0.054674 0.041045
v -0.174426 -0.053006 0.041038
v -0.174412 -0.046881 0.073853
v -0.174408 -0.098576 0.105897
v -0.174408 -0.098642 0.041174
v 0.105183 -0.127924 0.041262
v 0.121784 -0.109591 0.371844
v -0.174408 -0.096931 0.103966
v -0.174405 -0.084661 0.094636
v -0.174405 -0.084710 0.041132
v 0.121784 -0.109963 0.041209
v 0.136298 -0.091676 0.370578
v -0.174412 -0.073543 0.086187
v 0.136298 -0.092002 0.041157
v -0.070121 0.167570 0.040375
v -0.058383 0.171942 0.351947
v -0.058383 0.172275 0.040361
v 0.058137 0.168636 0.040375
v 0.041824 0.173716 0.351821
v 0.058137 0.168310 0.352203
v -0.110404 0.142734 0.040452
v -0.090374 0.156278 0.353055
v -0.090374 0.156572 0.040410
v 0.105699 0.141164 0.040456
v 0.084218 0.155555 0.353104
v 0.105699 0.140908 0.354142
v 0.126380 0.120692 0.040519
v 0.126380 0.120489 0.355583
v -0.130658 0.122575 0.355436
v -0.135433 0.116535 0.266238
v -0.147055 0.101669 0.288164
v 0.141911 0.100116 0.040578
v 0.167887 0.023610 0.040810
v 0.165401 0.042054 0.361126
v -0.173139 0.042072 0.361126
v -0.175919 0.025703 0.335284
v -0.176284 0.023568 0.335519
v 0.165401 0.042061 0.040754
v 0.160475 0.060860 0.359797
v -0.167056 0.061453 0.359755
v -0.169538 0.053543 0.325905
v -0.173139 0.042072 0.329769
v 0.160475 0.060916 0.040698
v -0.159946 0.078719 0.310760
v -0.167056 0.061460 0.321141
v -0.046512 0.176328 0.040350
v -0.034784 0.179021 0.351446
v -0.034784 0.179371 0.040340
v 0.008689 0.180549 0.351341
v 0.008689 0.180903 0.040336
v 0.025195 0.178260 0.040343
v 0.025195 0.177913 0.351527
v -0.046512 0.175985 0.351663
v 0.041824 0.174053 0.040358
v 0.084218 0.155846 0.040410
v -0.070121 0.167248 0.352280
v 0.207013 -0.596120 0.041967
v 0.207013 -0.400535 0.389643
v -0.175870 -0.594497 0.389643
v -0.176414 -0.591791 0.331452
v -0.176414 -0.591791 0.308323
v -0.176414 -0.591791 0.285194
v -0.176414 -0.591791 0.262066
v -0.176414 -0.591791 0.238934
v -0.176414 -0.591791 0.215805
v -0.176414 -0.591791 0.186832
v -0.176414 -0.591791 0.157859
v -0.176414 -0.591791 0.128886
v -0.176414 -0.591791 0.099913
v -0.176414 -0.591791 0.070940
v -0.176414 -0.591791 0.041967
v -0.175870 -0.594497 0.041967
v 0.208636 -0.594497 0.041967
v 0.207013 -0.596120 0.389643
v 0.209180 -0.591791 0.041967
v 0.208636 -0.594497 0.389643
v 0.208636 -0.402162 0.389643
v 0.207013 -0.400535 0.041967
v 0.209180 -0.404868 0.389643
v 0.208636 -0.402162 0.041967
v -0.174247 -0.596120 0.041967
v -0.171540 -0.596660 0.041967
v -0.174247 -0.596120 0.389643
v 0.106999 -0.596660 0.405101
v 0.204306 -0.596660 0.026509
v 0.204306 -0.399995 0.405101
v 0.106996 -0.399995 0.402293
v 0.115431 -0.399995 0.393861
v 0.111213 -0.399995 0.398075
v 0.111213 -0.399995 0.033531
v 0.115431 -0.399995 0.037749
v 0.204306 -0.399995 0.026509
v 0.209180 -0.586448 0.405101
v 0.209180 -0.591791 0.389643
v 0.209180 -0.542389 0.405101
v 0.209180 -0.410208 0.389643
v 0.209180 -0.404868 0.405101
v 0.209180 -0.498329 0.389643
v 0.209180 -0.542389 0.389643
v 0.209180 -0.586448 0.389643
v 0.209180 -0.410208 0.405101
v 0.209180 -0.410208 0.026509
v 0.209180 -0.404868 0.041967
v 0.209180 -0.454267 0.026509
v 0.209180 -0.586448 0.041967
v 0.209180 -0.591791 0.026509
v 0.209180 -0.542389 0.041967
v 0.209180 -0.410208 0.041967
v 0.209180 -0.586448 0.026509
v -0.176414 -0.405475 0.405101
v -0.176414 -0.399995 0.389643
v -0.176414 -0.450684 0.405101
v -0.176414 -0.546592 0.389643
v -0.176414 -0.591791 0.405101
v -0.176414 -0.536453 0.389643
v -0.176414 -0.526310 0.389643
v -0.176414 -0.516171 0.389643
v -0.176414 -0.506032 0.389643
v -0.176414 -0.495893 0.389643
v -0.176414 -0.479909 0.389643
v -0.176414 -0.463926 0.389643
v -0.176414 -0.447946 0.389643
v -0.176414 -0.431962 0.389643
v -0.176414 -0.415978 0.389643
v -0.176414 -0.586311 0.405101
v -0.176414 -0.541102 0.405101
v -0.176414 -0.586311 0.026509
v -0.176414 -0.415978 0.041967
v -0.176414 -0.399995 0.026509
v -0.176414 -0.431962 0.041967
v -0.176414 -0.447946 0.041967
v -0.176414 -0.463926 0.041967
v -0.176414 -0.479909 0.041967
v -0.176414 -0.495893 0.041967
v -0.176414 -0.511876 0.041967
v -0.176414 -0.527860 0.041967
v -0.176414 -0.559823 0.041967
v -0.176414 -0.575807 0.041967
v -0.176414 -0.405475 0.026509
v -0.176414 -0.450684 0.026509
v -0.176414 -0.495893 0.026509
v -0.171540 -0.596660 0.405101
v -0.171540 -0.596660 0.389643
v 0.106996 -0.596660 0.026509
v -0.176414 -0.399995 0.405101
v -0.176414 -0.399995 0.041967
v 0.106968 -0.395784 0.397823
v 0.106940 -0.391577 0.393349
v 0.106996 -0.399995 0.029317
v 0.106940 -0.391560 0.037728
v 0.106968 -0.395777 0.033521
v -0.174426 -0.132913 0.373491
v -0.174412 -0.069291 0.368993
v -0.147055 0.101792 0.040575
v -0.158926 0.081275 0.040634
v 0.168514 0.003482 0.026509
v -0.176284 0.023533 0.040810
v -0.174426 0.003486 0.040869
v -0.174391 -0.035006 0.366571
v -0.174426 -0.052778 0.367829
v -0.174408 -0.111067 0.371949
v -0.174408 -0.111456 0.026509
v -0.174408 -0.098302 0.371044
v -0.174405 -0.084405 0.370063
v -0.110404 0.142475 0.354030
v -0.130658 0.122782 0.040512
v -0.173139 0.042079 0.040754
v 0.160475 0.060857 0.373986
v -0.167056 0.061509 0.040694
v -0.034784 0.179003 0.365281
v 0.204306 -0.596660 0.405101
v 0.207013 -0.596120 0.026509
v 0.207013 -0.400535 0.405101
v -0.175870 -0.594497 0.405101
v -0.175870 -0.594497 0.026509
v 0.207013 -0.596120 0.405101
v 0.208636 -0.594497 0.026509
v 0.208636 -0.594497 0.405101
v 0.207013 -0.400535 0.026509
v 0.208636 -0.402162 0.405101
v 0.208636 -0.402162 0.026509
v -0.174247 -0.596120 0.026509
v -0.174247 -0.596120 0.405101
v -0.171540 -0.596660 0.026509
v 0.109800 -0.398589 0.033528
v 0.108384 -0.397190 0.397907
v 0.115403 -0.395784 0.389387
v 0.119649 -0.399995 0.389643
v 0.108384 -0.397183 0.033524
v 0.109769 -0.394371 0.037735
v 0.111157 -0.391560 0.041946
v 0.112602 -0.397183 0.037742
v 0.115403 -0.395777 0.041956
v 0.109800 -0.398593 0.397991
v 0.112602 -0.397190 0.393689
v 0.109769 -0.394382 0.393521
v 0.111157 -0.391577 0.389131
v -0.176414 -0.569020 0.258981
v -0.176414 -0.474713 0.133566
v -0.176414 -0.474713 0.298044
v -0.176414 -0.432481 0.272289
v -0.176414 -0.399995 0.302724
v -0.176414 -0.422766 0.258981
v -0.176414 -0.399995 0.128886
v -0.176414 -0.432481 0.159321
v -0.176414 -0.422766 0.172629
v -0.176414 -0.559305 0.159321
v -0.176414 -0.569020 0.172629
v -0.176414 -0.517072 0.298044
v -0.176414 -0.524028 0.295930
v -0.176414 -0.574857 0.358945
v -0.176414 -0.591791 0.354584
v -0.176414 -0.548124 0.282765
v -0.176414 -0.559305 0.272289
v -0.176414 -0.579751 0.229198
v -0.176414 -0.580813 0.215805
v -0.176414 -0.575982 0.244045
v -0.176414 -0.579751 0.202412
v -0.176414 -0.575982 0.187561
v -0.176414 -0.536912 0.141448
v -0.176414 -0.548124 0.148845
v -0.176414 -0.502852 0.131168
v -0.176414 -0.509959 0.132055
v -0.176414 -0.530682 0.138334
v -0.176414 -0.454873 0.141448
v -0.176414 -0.461103 0.138334
v -0.176414 -0.467758 0.135680
v -0.176414 -0.488933 0.131168
v -0.176414 -0.495893 0.130884
v -0.176414 -0.481823 0.132055
v -0.176414 -0.399995 0.215805
v -0.176414 -0.412034 0.202412
v -0.176414 -0.410972 0.215805
v -0.176414 -0.399995 0.186832
v -0.176414 -0.415803 0.187561
v -0.176414 -0.399995 0.157859
v -0.176414 -0.399995 0.070940
v -0.176414 -0.443661 0.148845
v -0.176414 -0.399995 0.099913
v -0.176414 -0.412034 0.229198
v -0.176414 -0.415803 0.244045
v -0.176414 -0.399995 0.244778
v -0.176414 -0.399995 0.273751
v -0.176414 -0.399995 0.360670
v -0.176414 -0.454873 0.290162
v -0.176414 -0.399995 0.331697
v -0.176414 -0.443661 0.282765
v -0.176414 -0.461103 0.293272
v -0.176414 -0.467758 0.295930
v -0.176414 -0.488933 0.300442
v -0.176414 -0.481823 0.299555
v -0.176414 -0.495893 0.300726
v -0.176414 -0.502852 0.300442
v -0.176414 -0.509959 0.299555
v -0.176414 -0.536912 0.290162
v -0.176414 -0.530682 0.293272
v 0.106996 -0.405615 0.026509
v 0.106996 -0.451970 0.026509
v 0.106996 -0.591044 0.026509
v 0.106999 -0.591044 0.405101
v 0.106996 -0.544685 0.405101
v 0.106996 -0.405615 0.405101
v -0.175137 0.011188 0.067536
v -0.176284 0.023536 0.070256
v -0.173511 0.039877 0.073853
v -0.173139 0.042079 0.074870
v -0.174426 0.003493 0.067536
v -0.174412 -0.016235 0.067536
v -0.167056 0.061502 0.083856
v -0.164984 0.066543 0.086187
v -0.158926 0.081258 0.097374
v -0.153905 0.089928 0.103966
v -0.147055 0.101753 0.117884
v -0.141428 0.108948 0.126358
v -0.130658 0.122708 0.152309
v -0.130658 0.122642 0.250903
v -0.125819 0.127406 0.238948
v -0.121009 0.132160 0.209957
v -0.174394 -0.032706 0.335284
v -0.174391 -0.035024 0.334505
v -0.174426 -0.052806 0.328514
v -0.174419 -0.060547 0.325905
v -0.174412 -0.069333 0.320618
v -0.174405 -0.084461 0.311517
v -0.174405 -0.085719 0.310760
v -0.174408 -0.098376 0.298769
v -0.174408 -0.107049 0.290555
v -0.174408 -0.111169 0.284483
v -0.174419 -0.123534 0.266238
v -0.174426 -0.133081 0.242282
v -0.174436 -0.134410 0.238948
v -0.174471 -0.139164 0.209957
v -0.174426 -0.133183 0.164804
v -0.174461 -0.137572 0.180619
v 0.106996 -0.498329 0.045792
v 0.195545 -0.542389 0.040144
v 0.195545 -0.498329 0.040144
v -0.162775 -0.541102 0.040144
v -0.162775 -0.495893 0.040144
v -0.162761 -0.400048 0.040126
v 0.091559 -0.133397 0.040161
v -0.160805 -0.133414 0.040158
v -0.160774 -0.111464 0.040144
v 0.094381 -0.123706 0.041907
v 0.135443 -0.067022 0.039916
v -0.160784 -0.053023 0.040137
v -0.160777 -0.069564 0.040144
v -0.135513 0.094005 0.039846
v 0.139948 0.074551 0.039916
v 0.130163 0.092592 0.039818
v 0.154080 0.022463 0.039923
v -0.161008 0.004106 0.040343
v 0.154617 0.003948 0.039867
v 0.152871 -0.014353 0.039944
v -0.160777 -0.016239 0.040140
v 0.149365 -0.032229 0.039888
v -0.160763 -0.035199 0.040151
v 0.143773 -0.049531 0.039853
v -0.160774 -0.098656 0.040144
v 0.111361 -0.100967 0.039996
v -0.160774 -0.084724 0.040144
v 0.124950 -0.083981 0.039867
v 0.037953 0.160825 0.039979
v -0.064213 0.155019 0.039888
v 0.052868 0.155762 0.039849
v 0.077199 0.143818 0.039832
v -0.101481 0.131961 0.039772
v 0.096783 0.130369 0.039758
v -0.120273 0.113537 0.039863
v 0.115890 0.111528 0.039835
v -0.159606 0.038832 0.039856
v -0.162137 0.022996 0.039600
v 0.151774 0.039376 0.039884
v -0.154060 0.056818 0.039958
v 0.147275 0.056516 0.039860
v -0.146441 0.075136 0.039856
v 0.007823 0.166908 0.039726
v -0.042550 0.163121 0.039975
v 0.022401 0.164731 0.039944
v -0.053601 0.159395 0.040024
v -0.083117 0.144771 0.039909
v 0.106996 -0.498329 0.385818
v 0.195545 -0.454267 0.391466
v 0.195545 -0.498329 0.391466
v -0.162775 -0.495893 0.391466
v 0.106996 -0.451970 0.385818
v -0.162898 -0.400475 0.391358
v 0.091584 -0.133866 0.374620
v 0.101425 -0.406204 0.387718
v -0.160774 -0.112059 0.373053
v 0.094146 -0.124495 0.372342
v -0.160784 -0.053777 0.368765
v 0.135257 -0.067569 0.370248
v -0.160777 -0.070276 0.369975
v -0.135724 0.093041 0.357953
v 0.140130 0.073569 0.359387
v -0.146620 0.074172 0.359394
v 0.154119 0.021555 0.363391
v -0.160987 0.003156 0.364386
v -0.162151 0.022162 0.363692
v 0.152804 -0.015152 0.366189
v -0.160777 -0.017094 0.366059
v 0.149256 -0.032948 0.367612
v -0.160763 -0.036005 0.367444
v 0.143622 -0.050159 0.368972
v -0.160774 -0.099287 0.372114
v 0.111133 -0.101342 0.372741
v -0.160774 -0.085393 0.371090
v 0.124746 -0.084426 0.371588
v -0.064395 0.154115 0.353231
v 0.038087 0.159948 0.352684
v 0.053029 0.154875 0.353203
v -0.101702 0.131028 0.355117
v 0.077399 0.142913 0.354132
v 0.097000 0.129440 0.355247
v -0.120504 0.112576 0.356442
v 0.116115 0.110571 0.356621
v 0.130366 0.091628 0.358097
v -0.159708 0.037907 0.362174
v 0.151858 0.038440 0.362129
v -0.154210 0.055847 0.360698
v 0.147412 0.055563 0.360828
v -0.042687 0.162238 0.352519
v 0.007851 0.166059 0.352456
v 0.022499 0.163865 0.352417
v -0.053765 0.158497 0.352761
v -0.083327 0.143849 0.353995
v 0.114179 -0.418380 0.387666
v 0.202406 -0.419183 0.041967
v 0.202406 -0.419183 0.389643
v 0.189897 -0.454267 0.389643
v 0.189897 -0.498329 0.041967
v 0.189897 -0.498329 0.389643
v -0.157131 -0.524028 0.135680
v -0.157131 -0.543840 0.041967
v -0.157131 -0.517072 0.133566
v 0.085894 -0.132965 0.373491
v 0.088586 -0.393018 0.043895
v 0.088632 -0.393204 0.386989
v -0.155143 -0.129729 0.152312
v -0.155143 -0.133421 0.041279
v -0.155129 -0.115969 0.126358
v -0.155125 -0.111365 0.120941
v -0.155125 -0.111449 0.041213
v 0.087236 -0.120460 0.373099
v 0.085894 -0.133390 0.041279
v 0.138795 -0.047291 0.367941
v 0.130682 -0.064410 0.041094
v 0.130692 -0.064116 0.369274
v -0.155129 -0.069550 0.041087
v -0.155143 -0.052984 0.076672
v -0.155129 -0.069515 0.084329
v -0.131327 0.090352 0.290548
v -0.131085 0.090825 0.356912
v -0.141905 0.072128 0.308414
v -0.141635 0.072637 0.358360
v 0.125689 0.089539 0.357031
v 0.135043 0.072230 0.040634
v 0.135050 0.072111 0.358416
v 0.148667 0.022049 0.362427
v 0.149242 0.004134 0.040869
v 0.149242 0.004222 0.363847
v -0.155168 0.004527 0.337692
v -0.157015 0.022838 0.362434
v -0.155164 0.004474 0.363847
v 0.147475 -0.013560 0.040929
v 0.147475 -0.013417 0.365242
v -0.155139 -0.003491 0.338460
v -0.155129 -0.016102 0.337089
v -0.155129 -0.016092 0.365235
v 0.144138 -0.030880 0.040985
v 0.144141 -0.030687 0.366602
v -0.155129 -0.016228 0.040929
v -0.155129 -0.018167 0.067536
v -0.155108 -0.035195 0.040985
v -0.155108 -0.035181 0.071273
v 0.138788 -0.047536 0.041038
v -0.155143 -0.053016 0.041038
v -0.155129 -0.046919 0.073853
v -0.155125 -0.098576 0.105897
v 0.107213 -0.096966 0.371830
v 0.087233 -0.120880 0.041255
v -0.155125 -0.096935 0.103966
v -0.155125 -0.098642 0.041174
v -0.155122 -0.084661 0.094636
v -0.155122 -0.084710 0.041132
v 0.120571 -0.080517 0.370564
v 0.107199 -0.097352 0.041195
v -0.155129 -0.073540 0.086187
v 0.120560 -0.080860 0.041146
v -0.061917 0.150118 0.040358
v -0.051693 0.153859 0.351930
v -0.061934 0.149788 0.352263
v 0.036428 0.155205 0.351804
v 0.050838 0.150787 0.040354
v 0.050852 0.150458 0.352186
v -0.098112 0.127876 0.040438
v -0.080298 0.139838 0.353038
v -0.098129 0.127603 0.354019
v 0.074524 0.138885 0.353090
v 0.093428 0.126288 0.040442
v 0.093445 0.126021 0.354128
v 0.111866 0.107997 0.040508
v 0.111880 0.107777 0.355576
v -0.120248 0.104646 0.266231
v -0.116276 0.109726 0.355429
v -0.131527 0.090233 0.288153
v 0.125679 0.089711 0.040575
v 0.146483 0.038313 0.361126
v 0.148667 0.022018 0.040810
v -0.154452 0.037304 0.329769
v -0.157022 0.022660 0.335519
v -0.156910 0.022467 0.335291
v -0.154389 0.037556 0.361126
v 0.142185 0.054746 0.359797
v 0.146483 0.038331 0.040754
v -0.151139 0.047773 0.325902
v -0.148927 0.054886 0.359755
v 0.142181 0.054816 0.040694
v -0.142122 0.071357 0.310756
v -0.149022 0.054634 0.321141
v -0.040976 0.157855 0.040329
v -0.032011 0.159938 0.351425
v -0.040986 0.157512 0.351642
v -0.032004 0.160288 0.040319
v 0.007501 0.161305 0.351316
v 0.021300 0.159377 0.040322
v 0.021311 0.159026 0.351506
v -0.051679 0.154195 0.040343
v 0.036414 0.155545 0.040336
v 0.074506 0.139186 0.040396
v -0.080281 0.140143 0.040396
v 0.197915 -0.579120 0.041967
v 0.197915 -0.579120 0.389643
v 0.197915 -0.417539 0.389643
v 0.197915 -0.417539 0.041967
v -0.157222 -0.589890 0.331452
v -0.158870 -0.585399 0.389643
v -0.157222 -0.589890 0.308323
v -0.157222 -0.589890 0.285194
v -0.157222 -0.589890 0.262066
v -0.157222 -0.589890 0.238934
v -0.157222 -0.589890 0.215805
v -0.157222 -0.589890 0.186832
v -0.157222 -0.589890 0.157859
v -0.157222 -0.589890 0.128886
v -0.157222 -0.589890 0.099913
v -0.157222 -0.589890 0.070940
v -0.157222 -0.589890 0.041967
v -0.158870 -0.585399 0.041967
v 0.191636 -0.585399 0.041967
v 0.191636 -0.585399 0.389643
v 0.189992 -0.589890 0.041967
v 0.189992 -0.589890 0.389643
v 0.191636 -0.411260 0.389643
v 0.191636 -0.411260 0.041967
v 0.189992 -0.406768 0.389643
v 0.189992 -0.406768 0.041967
v -0.165149 -0.579120 0.041967
v -0.165149 -0.579120 0.389643
v -0.169009 -0.577546 0.041967
v -0.169009 -0.577546 0.389643
v 0.106999 -0.583026 0.391466
v 0.202925 -0.582693 0.391880
v 0.106996 -0.583026 0.040144
v 0.202925 -0.582693 0.039726
v 0.093550 -0.413563 0.399653
v 0.105141 -0.417258 0.392003
v 0.109359 -0.417258 0.387785
v 0.104959 -0.417128 0.039789
v 0.101179 -0.405853 0.043934
v 0.109176 -0.417128 0.044007
v 0.114088 -0.418356 0.043923
v 0.202925 -0.413966 0.039726
v 0.195545 -0.586448 0.391466
v 0.195545 -0.542389 0.391466
v 0.195209 -0.406250 0.391880
v 0.189897 -0.410208 0.389643
v 0.189897 -0.542389 0.389643
v 0.195545 -0.410208 0.391466
v 0.195545 -0.410208 0.040144
v 0.195545 -0.454267 0.040144
v 0.195208 -0.590406 0.039726
v 0.189897 -0.586448 0.041967
v 0.189897 -0.542389 0.041967
v 0.189897 -0.454267 0.041967
v 0.195545 -0.586448 0.040144
v -0.157131 -0.400065 0.389643
v -0.162775 -0.405475 0.391466
v -0.162775 -0.450684 0.391466
v -0.162442 -0.590406 0.391880
v -0.157131 -0.546592 0.389643
v -0.157131 -0.536453 0.389643
v -0.157131 -0.526310 0.389643
v -0.157131 -0.516171 0.389643
v -0.157131 -0.506032 0.389643
v -0.157131 -0.495893 0.389643
v -0.157131 -0.479909 0.389643
v -0.157131 -0.463926 0.389643
v -0.157131 -0.447946 0.389643
v -0.157131 -0.431962 0.389643
v -0.157131 -0.415978 0.389643
v -0.162775 -0.541102 0.391466
v -0.162775 -0.586311 0.391466
v -0.162775 -0.586311 0.040144
v -0.157131 -0.415978 0.041967
v -0.157131 -0.431962 0.041967
v -0.157131 -0.447946 0.041967
v -0.157131 -0.463926 0.041967
v -0.157131 -0.479909 0.041967
v -0.157131 -0.495893 0.041967
v -0.157131 -0.511876 0.041967
v -0.157131 -0.527860 0.041967
v -0.157131 -0.559823 0.041967
v -0.157131 -0.575807 0.041967
v -0.162775 -0.405475 0.040144
v -0.162775 -0.450684 0.040144
v -0.170155 -0.582693 0.391880
v -0.170155 -0.582693 0.039726
v -0.160833 -0.133884 0.374624
v -0.157131 -0.400069 0.041967
v 0.089939 -0.402428 0.391680
v 0.089911 -0.398217 0.387210
v 0.093547 -0.413535 0.032069
v 0.089869 -0.402134 0.039775
v 0.089841 -0.397916 0.043983
v -0.155143 -0.132993 0.373491
v -0.155129 -0.069280 0.368993
v -0.131071 0.091001 0.040568
v 0.154603 0.003103 0.364867
v -0.157015 0.022803 0.040810
v -0.155108 -0.035010 0.366571
v -0.155143 -0.052788 0.367829
v -0.155125 -0.111078 0.371949
v -0.155125 -0.098302 0.371044
v -0.155122 -0.084401 0.370063
v -0.154389 0.037577 0.040754
v -0.141628 0.072759 0.040634
v -0.032817 0.164597 0.352617
v -0.032754 0.165446 0.039677
v 0.007501 0.161659 0.040315
v 0.200078 -0.583163 0.392620
v 0.200078 -0.583163 0.038990
v 0.200078 -0.413496 0.038990
v 0.202925 -0.413966 0.391880
v 0.200078 -0.413496 0.392620
v -0.162912 -0.587562 0.392620
v -0.162442 -0.590406 0.039726
v -0.162912 -0.587562 0.038990
v 0.195678 -0.587562 0.392620
v 0.195678 -0.587562 0.038990
v 0.195678 -0.409096 0.038990
v 0.195678 -0.409096 0.392620
v 0.195209 -0.406250 0.039726
v -0.167312 -0.583162 0.392620
v -0.167312 -0.583162 0.038990
v 0.098683 -0.409755 0.044645
v 0.097509 -0.408816 0.387031
v 0.102606 -0.409040 0.383694
v 0.097267 -0.408350 0.044642
v 0.098655 -0.405538 0.048852
v 0.098196 -0.404595 0.047776
v 0.101484 -0.408350 0.048859
v 0.102441 -0.408812 0.047787
v 0.098922 -0.410222 0.387115
v 0.101723 -0.408816 0.382814
v 0.098893 -0.406011 0.382642
v 0.098361 -0.404830 0.383441
v -0.157131 -0.569020 0.258981
v -0.157131 -0.474713 0.133566
v -0.157131 -0.474713 0.298044
v -0.157131 -0.399995 0.302724
v -0.157131 -0.432481 0.272289
v -0.157131 -0.422766 0.258981
v -0.157131 -0.432481 0.159321
v -0.157131 -0.400069 0.128886
v -0.157131 -0.422766 0.172629
v -0.157131 -0.559305 0.159321
v -0.157131 -0.569020 0.172629
v -0.157131 -0.517072 0.298044
v -0.157131 -0.574857 0.358945
v -0.157222 -0.589890 0.354584
v -0.157131 -0.548124 0.282765
v -0.157131 -0.559305 0.272289
v -0.157131 -0.579751 0.229198
v -0.157131 -0.580813 0.215805
v -0.157131 -0.575979 0.244045
v -0.157131 -0.579751 0.202412
v -0.157131 -0.575979 0.187561
v -0.157131 -0.536912 0.141448
v -0.157131 -0.548124 0.148845
v -0.157131 -0.502852 0.131168
v -0.157131 -0.495893 0.130884
v -0.157131 -0.509959 0.132055
v -0.157131 -0.530682 0.138334
v -0.157131 -0.454873 0.141448
v -0.157131 -0.461103 0.138334
v -0.157131 -0.467758 0.135680
v -0.157131 -0.488933 0.131168
v -0.157131 -0.481823 0.132055
v -0.157131 -0.412034 0.202412
v -0.157131 -0.399995 0.215805
v -0.157131 -0.410972 0.215805
v -0.157131 -0.415803 0.187561
v -0.157131 -0.399995 0.186832
v -0.157131 -0.399995 0.157859
v -0.157131 -0.400069 0.070940
v -0.157131 -0.400019 0.099913
v -0.157131 -0.443661 0.148845
v -0.157131 -0.412034 0.229198
v -0.157131 -0.400019 0.244778
v -0.157131 -0.415803 0.244045
v -0.157131 -0.399995 0.273751
v -0.157131 -0.454873 0.290162
v -0.157131 -0.400069 0.360670
v -0.157131 -0.443661 0.282765
v -0.157131 -0.399995 0.331697
v -0.157131 -0.461103 0.293272
v -0.157131 -0.467758 0.295930
v -0.157131 -0.488933 0.300442
v -0.157131 -0.495893 0.300726
v -0.157131 -0.481823 0.299555
v -0.157131 -0.502852 0.300442
v -0.157131 -0.509959 0.299555
v -0.157131 -0.536912 0.290162
v -0.157131 -0.530682 0.293272
v -0.157131 -0.524028 0.295930
v 0.106996 -0.405615 0.045792
v 0.106996 -0.451970 0.045792
v 0.106996 -0.591044 0.045792
v 0.106996 -0.544685 0.045792
v 0.106996 -0.544685 0.385818
v 0.106999 -0.591044 0.385818
v 0.106996 -0.405615 0.385818
v 0.189897 -0.586448 0.389643
v 0.189897 -0.410208 0.041967
v -0.155939 0.012969 0.067536
v -0.155164 0.004383 0.040869
v -0.157033 0.022463 0.070256
v -0.154498 0.036659 0.073853
v -0.154473 0.037237 0.074870
v -0.155164 0.004390 0.067536
v -0.155129 -0.016218 0.067536
v -0.148920 0.054956 0.040694
v -0.148997 0.054746 0.083856
v -0.147153 0.059205 0.086187
v -0.141852 0.072293 0.097371
v -0.137217 0.080269 0.103962
v -0.131457 0.090415 0.117881
v -0.116262 0.109954 0.040501
v -0.126233 0.097073 0.126351
v -0.116820 0.109277 0.152302
v -0.116872 0.109158 0.250892
v -0.112300 0.113660 0.238937
v -0.109121 0.116829 0.180609
v -0.107487 0.118414 0.209943
v -0.155111 -0.032685 0.335284
v -0.155108 -0.035034 0.334505
v -0.155143 -0.052809 0.328514
v -0.155136 -0.060533 0.325905
v -0.155129 -0.069322 0.320618
v -0.155122 -0.084457 0.311517
v -0.155122 -0.085723 0.310760
v -0.155125 -0.098376 0.298769
v -0.155125 -0.107049 0.290555
v -0.155125 -0.111183 0.284483
v -0.155136 -0.123552 0.266238
v -0.155147 -0.133207 0.242282
v -0.155154 -0.134554 0.238948
v -0.155189 -0.139308 0.209957
v -0.155147 -0.133316 0.164804
v -0.122650 0.130569 0.180619
v -0.155178 -0.137716 0.180619
v -0.176414 -0.556731 0.389643
v -0.157131 -0.556731 0.389643
vn -0.9928 -0.1194 -0.0000
vn -0.9928 -0.1198 -0.0000
vn -0.0000 -0.1195 -0.9928
vn -0.0000 -0.1194 -0.9928
vn 0.9928 -0.1195 -0.0000
vn 0.9928 -0.1194 -0.0000
vn -0.0000 -0.1195 0.9928
vn -0.0000 -0.1194 0.9928
vn -0.9928 -0.1197 -0.0005
vn -0.9928 -0.1198 0.0006
vn -0.9929 -0.1193 -0.0000
vn -0.0003 -0.1193 -0.9929
vn -0.0000 -0.1193 -0.9929
vn 0.9928 -0.1199 -0.0000
vn -0.0000 -0.1193 0.9929
vn 0.9928 0.1196 -0.0000
vn -0.0000 0.1196 0.9928
vn -0.9928 0.1195 -0.0000
vn -0.0000 0.1196 -0.9928
vn 0.9663 0.2573 -0.0000
vn -0.7522 -0.6589 -0.0000
vn -0.0000 0.2576 0.9662
vn -0.0045 -0.5301 -0.8480
vn -0.9662 0.2576 -0.0000
vn -0.9663 0.2574 -0.0002
vn -0.9664 0.2571 -0.0000
vn 0.8468 -0.5319 -0.0000
vn -0.0000 0.2573 -0.9663
vn -0.0000 0.2576 -0.9663
vn -0.0000 0.2571 -0.9664
vn -0.0045 -0.5301 0.8480
vn -0.9928 -0.1195 -0.0000
vn -0.0000 -0.1191 -0.9929
vn 0.9928 -0.1196 -0.0000
vn -0.0000 -0.5612 -0.8277
vn -0.9663 0.2576 -0.0000
vn -0.0000 -0.5612 0.8277
vn -0.0000 -0.0000 -1.0000
vn -0.1745 0.6980 -0.6946
vn 0.0416 0.7269 -0.6855
vn -0.0000 -0.0000 1.0000
vn -0.0000 0.0682 0.9977
vn -0.0000 0.0209 0.9998
vn -0.0000 0.0680 0.9977
vn -0.0000 0.0734 0.9973
vn -0.0000 0.0735 0.9973
vn -0.0000 0.0736 0.9973
vn -0.0000 0.0731 0.9973
vn -0.0000 0.0732 0.9973
vn -0.0000 0.0740 0.9973
vn -0.0000 -1.0000 -0.0000
vn -0.0000 1.0000 -0.0000
vn 0.0983 0.9952 -0.0000
vn 1.0000 -0.0000 -0.0000
vn -1.0000 -0.0000 -0.0000
vn 1.0000 0.0068 -0.0001
vn 1.0000 0.0028 -0.0000
vn 1.0000 0.0068 0.0001
vn -1.0000 0.0041 -0.0000
vn -1.0000 0.0001 -0.0000
vn -1.0000 0.0009 -0.0000
vn -1.0000 0.0007 -0.0000
vn -1.0000 0.0004 -0.0000
vn 1.0000 -0.0013 -0.0000
vn 0.8778 -0.4791 0.0004
vn 0.9287 -0.3708 0.0003
vn 0.8773 -0.4800 0.0004
vn -1.0000 0.0003 -0.0000
vn -1.0000 -0.0007 -0.0000
vn -1.0000 -0.0004 -0.0001
vn -0.8282 0.5605 0.0003
vn -0.8641 0.5033 0.0003
vn -0.8828 0.4697 0.0002
vn -0.8968 0.4425 0.0001
vn 0.9044 0.4267 0.0001
vn 0.8413 0.5405 0.0003
vn 0.9040 0.4276 0.0001
vn 0.9994 -0.0337 -0.0000
vn 0.9966 0.0826 -0.0000
vn -0.9993 0.0379 -0.0000
vn -0.9988 -0.0497 -0.0000
vn -0.9989 -0.0467 -0.0000
vn 0.9895 -0.1443 0.0001
vn 0.9895 -0.1447 0.0001
vn -1.0000 -0.0009 -0.0000
vn 0.9686 -0.2485 0.0001
vn 0.9685 -0.2491 0.0001
vn -1.0000 0.0005 -0.0000
vn 0.9290 -0.3701 0.0003
vn -1.0000 0.0006 -0.0000
vn -1.0000 0.0017 -0.0000
vn 0.7343 -0.6788 0.0008
vn 0.7557 -0.6549 0.0007
vn 0.7336 -0.6796 0.0008
vn -1.0000 -0.0001 -0.0000
vn 0.7565 -0.6540 0.0007
vn 0.8155 -0.5787 0.0006
vn 0.8162 -0.5778 0.0005
vn -0.4253 0.9050 0.0009
vn -0.3469 0.9379 0.0010
vn -0.3477 0.9376 0.0010
vn 0.3786 0.9256 0.0010
vn 0.2798 0.9601 0.0010
vn 0.3778 0.9259 0.0009
vn -0.6375 0.7705 0.0006
vn -0.5222 0.8528 0.0008
vn -0.5236 0.8520 0.0008
vn 0.6365 0.7713 0.0006
vn 0.5026 0.8645 0.0008
vn 0.6355 0.7721 0.0006
vn 0.7528 0.6583 -0.0002
vn 0.7520 0.6592 0.0004
vn -0.7457 0.6663 0.0005
vn -0.7874 0.6165 0.0004
vn -0.8053 0.5929 0.0004
vn 0.8419 0.5396 0.0003
vn 0.9966 0.0824 -0.0000
vn 0.9810 0.1940 -0.0000
vn -0.9722 0.2341 -0.0000
vn -0.9858 0.1680 -0.0004
vn -0.9989 0.0472 -0.0002
vn 0.9811 0.1935 -0.0000
vn 0.9484 0.3171 0.0001
vn -0.9402 0.3406 0.0001
vn -0.9542 0.2993 -0.0000
vn -0.9689 0.2473 -0.0000
vn 0.9486 0.3164 -0.0000
vn -0.9241 0.3821 0.0001
vn -0.9353 0.3539 0.0001
vn -0.2873 0.9578 0.0010
vn -0.1437 0.9896 0.0012
vn -0.1342 0.9899 -0.0455
vn 0.0616 0.9981 0.0011
vn 0.0617 0.9981 0.0012
vn 0.2019 0.9794 0.0011
vn 0.2014 0.9795 0.0010
vn -0.2867 0.9580 0.0011
vn 0.2804 0.9599 0.0010
vn 0.5036 0.8639 0.0009
vn -0.4245 0.9054 0.0009
vn 0.1956 -0.9807 -0.0000
vn 0.1310 -0.9914 -0.0000
vn 0.1313 -0.9913 -0.0000
vn 0.1960 0.9806 -0.0000
vn -0.9806 -0.1962 -0.0000
vn -0.9951 -0.0990 -0.0000
vn -0.9951 -0.0985 -0.0000
vn -0.9951 -0.0991 -0.0000
vn -0.9951 -0.0989 -0.0019
vn -0.9806 -0.1960 -0.0000
vn 0.7071 -0.7071 -0.0000
vn 0.9951 -0.0990 -0.0000
vn 0.9806 -0.1962 -0.0000
vn 0.9806 -0.1961 -0.0000
vn 0.7075 0.7067 -0.0000
vn 0.7073 0.7069 -0.0000
vn 0.9951 0.0990 -0.0000
vn 0.9806 0.1962 -0.0000
vn -0.7071 -0.7071 -0.0000
vn -0.1310 -0.9914 -0.0000
vn -0.1956 -0.9807 -0.0000
vn 0.0983 -0.9952 -0.0000
vn 0.7111 -0.0189 0.7028
vn 0.9951 -0.0989 0.0019
vn 0.9951 0.0987 -0.0000
vn 0.7111 0.0189 -0.7028
vn 0.9952 0.0982 -0.0019
vn -1.0000 0.0037 -0.0000
vn -0.7110 -0.0185 -0.7030
vn -0.0983 -0.9952 -0.0000
vn -0.1315 -0.9913 -0.0000
vn -1.0000 0.0043 -0.0000
vn -1.0000 0.0036 -0.0000
vn 1.0000 0.0067 0.0001
vn 1.0000 0.0067 -0.0000
vn 1.0000 0.0066 -0.0000
vn 1.0000 0.0029 -0.0000
vn 1.0000 0.0068 -0.0000
vn 1.0000 0.0068 -0.0002
vn 0.9276 -0.3736 0.0003
vn 0.8762 -0.4819 0.0005
vn 0.9290 -0.3700 0.0003
vn -1.0000 -0.0006 -0.0000
vn -0.8296 0.5583 0.0003
vn -0.8980 0.4400 0.0001
vn -0.8288 0.5596 0.0003
vn -0.8972 0.4416 0.0002
vn 0.8429 0.5380 0.0002
vn 0.9049 0.4256 0.0001
vn 0.9044 0.4266 0.0001
vn 0.9968 0.0803 -0.0000
vn 0.9993 -0.0368 -0.0000
vn -0.9995 0.0318 -0.0000
vn -0.9990 -0.0445 -0.0000
vn -0.9993 0.0378 -0.0000
vn -0.9989 -0.0465 -0.0000
vn 0.9892 -0.1468 0.0001
vn 0.9678 -0.2517 0.0001
vn 0.7550 -0.6558 0.0006
vn 0.7335 -0.6796 0.0008
vn 0.7344 -0.6787 0.0007
vn 0.7565 -0.6540 0.0006
vn 0.8141 -0.5807 0.0006
vn 0.8162 -0.5778 0.0006
vn -0.3472 0.9378 0.0009
vn -0.4255 0.9050 0.0009
vn 0.2803 0.9599 0.0010
vn 0.3789 0.9254 0.0009
vn 0.3786 0.9256 0.0009
vn -0.5237 0.8519 0.0007
vn -0.6365 0.7713 0.0007
vn -0.6385 0.7696 0.0007
vn 0.5041 0.8637 0.0008
vn 0.6376 0.7704 0.0006
vn -0.7471 0.6647 0.0005
vn -0.7465 0.6654 0.0005
vn -0.7465 0.6654 0.0004
vn 0.7536 0.6573 0.0004
vn 0.7528 0.6583 0.0005
vn 0.9815 0.1912 -0.0000
vn -0.9729 0.2311 -0.0000
vn -0.9724 0.2335 -0.0000
vn 0.9493 0.3143 0.0001
vn -0.9408 0.3389 0.0001
vn -0.9405 0.3399 0.0001
vn -0.1445 0.9895 0.0013
vn -0.2871 0.9579 0.0012
vn 0.0618 0.9981 0.0010
vn 0.2018 0.9794 0.0010
vn 0.2020 0.9794 0.0012
vn -0.3477 0.9376 0.0009
vn -0.5236 0.8520 0.0009
vn 0.1961 -0.9806 -0.0000
vn 0.1956 0.9807 -0.0000
vn -0.9806 -0.1963 -0.0000
vn -0.5363 -0.0447 -0.8428
vn 0.5362 -0.0452 0.8429
vn 0.7080 0.7062 -0.0000
vn 0.5363 0.0448 -0.8428
vn 0.5763 0.5787 -0.5770
vn 0.5766 0.5787 -0.5768
vn 0.5768 0.5785 -0.5768
vn 0.5644 0.6027 0.5641
vn 0.5646 0.6026 0.5640
vn 0.7052 0.7090 -0.0000
vn 0.7040 0.7102 -0.0000
vn 0.7038 0.7104 -0.0000
vn 0.5763 0.5791 -0.5766
vn 0.5763 0.5790 -0.5767
vn 0.5765 0.5791 -0.5765
vn 0.5766 0.5790 -0.5764
vn 0.5765 0.5791 -0.5764
vn 0.5766 0.5790 -0.5765
vn 0.5767 0.5788 -0.5766
vn 0.5642 0.6027 0.5642
vn 0.5642 0.6028 0.5641
vn 0.5640 0.6030 0.5642
vn 0.5639 0.6031 0.5642
vn 0.5640 0.6031 0.5641
vn 0.5640 0.6032 0.5640
vn 0.5640 0.6032 0.5639
vn 0.5641 0.6032 0.5639
vn 0.7047 0.7095 -0.0000
vn 0.7046 0.7096 -0.0000
vn 0.7042 0.7100 -0.0000
vn 0.7208 -0.3903 0.5728
vn 0.3007 -0.2846 -0.9102
vn -0.3899 -0.4979 0.7747
vn 0.4056 -0.7275 0.5534
vn -0.3505 -0.9050 0.2409
vn -1.0000 0.0009 0.0023
vn -0.7455 0.5979 -0.2945
vn 0.7954 0.6045 -0.0436
vn -0.0000 0.0314 0.9995
vn -0.9957 -0.0923 -0.0000
vn -0.9985 0.0556 -0.0000
vn -0.9860 0.1669 -0.0000
vn -0.9680 0.2511 -0.0000
vn -0.9989 -0.0464 -0.0000
vn -1.0000 -0.0004 -0.0000
vn -0.9366 0.3505 -0.0000
vn -0.9248 0.3804 -0.0000
vn -0.8854 0.4648 0.0002
vn -0.8654 0.5010 0.0003
vn -0.8088 0.5880 0.0003
vn -0.7879 0.6158 0.0004
vn -0.7177 0.6964 0.0005
vn -0.7148 0.6994 0.0005
vn -0.7012 0.7130 0.0006
vn -0.7013 0.7128 0.0006
vn -1.0000 -0.0012 -0.0000
vn -1.0000 0.0002 -0.0000
vn -1.0000 -0.0008 -0.0000
vn -1.0000 0.0008 -0.0000
vn -1.0000 0.0067 -0.0000
vn -1.0000 0.0074 -0.0000
vn -1.0000 0.0075 -0.0000
vn -1.0000 0.0068 -0.0000
vn -1.0000 0.0074 -0.0001
vn -0.0000 -0.0000 -0.0000
vn -0.3898 -0.4979 0.7747
vn 0.3007 -0.2849 -0.9102
vn 0.7954 0.6045 -0.0435
vn -1.0000 0.0009 0.0024
vn 0.0214 -0.0000 0.9998
vn 0.0637 -0.0000 0.9980
vn -0.0209 -0.0000 0.9998
vn -0.0210 -0.1567 0.9874
vn -0.0128 -0.1422 0.9898
vn 0.0024 0.0276 0.9996
vn -0.0044 -0.0054 1.0000
vn -0.0075 -0.0451 0.9990
vn 0.0009 0.0009 1.0000
vn 0.0009 -0.0001 1.0000
vn 0.0009 0.0001 1.0000
vn -0.0000 -0.0015 1.0000
vn -0.0000 -0.0019 1.0000
vn -0.0000 0.0052 1.0000
vn -0.0002 -0.0071 1.0000
vn 0.0003 0.0225 0.9997
vn 0.0011 -0.0061 1.0000
vn 0.0013 0.0032 1.0000
vn 0.0006 -0.0073 1.0000
vn 0.0006 -0.0041 1.0000
vn 0.0010 0.0011 1.0000
vn 0.0009 -0.0002 1.0000
vn -0.0054 -0.0242 0.9997
vn 0.0020 0.0396 0.9992
vn 0.0008 0.0001 1.0000
vn 0.0008 -0.0003 1.0000
vn 0.0003 -0.0183 0.9998
vn 0.0004 -0.0028 1.0000
vn 0.0005 -0.0030 1.0000
vn -0.0000 -0.0035 1.0000
vn 0.0002 0.0016 1.0000
vn 0.0001 0.0023 1.0000
vn 0.0001 0.0005 1.0000
vn -0.0002 -0.0181 0.9998
vn -0.0002 0.0184 0.9998
vn -0.0003 0.0080 1.0000
vn 0.0001 -0.0017 1.0000
vn 0.0001 -0.0002 1.0000
vn -0.0000 0.0056 1.0000
vn -0.0002 0.0678 0.9977
vn -0.0004 0.0246 0.9997
vn 0.0004 0.0127 0.9999
vn 0.0012 -0.0334 0.9994
vn 0.0006 -0.0118 0.9999
vn 0.0214 -0.0000 -0.9998
vn 0.0637 -0.0000 -0.9980
vn -0.0209 -0.0000 -0.9998
vn -0.0152 -0.2335 -0.9722
vn -0.0118 -0.1984 -0.9800
vn -0.2569 0.6336 0.7298
vn -0.0045 -0.0822 -0.9966
vn -0.0061 -0.1079 -0.9941
vn 0.0017 -0.0725 -0.9974
vn 0.0015 -0.0771 -0.9970
vn 0.0019 -0.0715 -0.9974
vn -0.0000 -0.0780 -0.9970
vn 0.0001 -0.0784 -0.9969
vn -0.0000 -0.0711 -0.9975
vn -0.0002 -0.0834 -0.9965
vn 0.0005 -0.0508 -0.9987
vn -0.0003 -0.0600 -0.9982
vn 0.0013 -0.0754 -0.9972
vn 0.0011 -0.0778 -0.9970
vn 0.0010 -0.0824 -0.9966
vn 0.0015 -0.0711 -0.9975
vn 0.0013 -0.0786 -0.9969
vn -0.0047 -0.0985 -0.9951
vn 0.0031 -0.0343 -0.9994
vn 0.0019 -0.0728 -0.9973
vn 0.0016 -0.0784 -0.9969
vn 0.0003 -0.0789 -0.9969
vn 0.0002 -0.0951 -0.9955
vn 0.0004 -0.0792 -0.9969
vn 0.0001 -0.0749 -0.9972
vn -0.0000 -0.0801 -0.9968
vn 0.0001 -0.0745 -0.9972
vn 0.0001 -0.0758 -0.9971
vn 0.0001 -0.0763 -0.9971
vn -0.0000 -0.0723 -0.9974
vn -0.0003 -0.0972 -0.9953
vn -0.0002 -0.0683 -0.9977
vn 0.0002 -0.0780 -0.9970
vn 0.0002 -0.0771 -0.9970
vn -0.0005 -0.0528 -0.9986
vn -0.0003 -0.0124 -0.9999
vn 0.0002 -0.0643 -0.9979
vn 0.0010 -0.1085 -0.9941
vn 0.0004 -0.0877 -0.9962
vn -0.0353 -0.6362 0.7707
vn 0.8876 -0.2641 -0.3774
vn 0.0680 0.0658 -0.9955
vn -0.8331 -0.0000 0.5531
vn -0.8333 -0.0000 -0.5528
vn 0.8096 -0.0000 -0.5870
vn -0.7705 0.1096 0.6279
vn -0.5031 -0.0300 -0.8637
vn -0.4723 0.0347 0.8808
vn 1.0000 -0.0010 -0.0000
vn 0.7638 -0.0045 -0.6455
vn 1.0000 -0.0009 -0.0000
vn 1.0000 -0.0007 -0.0000
vn 0.7698 -0.0015 -0.6382
vn -0.7611 0.0492 0.6467
vn -0.7892 0.2308 -0.5691
vn -0.6814 0.3270 0.6548
vn -0.6753 0.3670 -0.6398
vn -0.6375 0.3997 0.6587
vn 0.7629 -0.0008 -0.6465
vn 1.0000 -0.0003 -0.0000
vn 1.0000 0.0004 0.0001
vn -0.2409 -0.9253 -0.2928
vn 0.6543 -0.3908 0.6474
vn 0.8849 -0.4658 -0.0003
vn 0.7027 -0.2937 0.6480
vn -0.6663 -0.3745 0.6449
vn -0.6692 -0.3162 -0.6725
vn -0.7018 -0.2830 0.6537
vn -0.7543 -0.0116 0.6564
vn -0.7587 0.0233 -0.6510
vn -0.7532 0.0804 0.6529
vn 0.9984 0.0562 -0.0001
vn 0.7726 0.0403 0.6336
vn 0.7343 0.0645 0.6758
vn -0.7500 0.1082 -0.6525
vn -0.7360 0.1576 0.6584
vn 1.0000 0.0029 0.0008
vn 1.0000 0.0009 -0.0000
vn 0.7533 0.0504 0.6557
vn -0.7409 0.1883 -0.6447
vn -0.7164 0.2378 0.6559
vn 0.7550 0.0038 -0.6557
vn 1.0000 0.0007 -0.0000
vn 0.7570 -0.0016 -0.6534
vn 1.0000 -0.0005 -0.0000
vn -0.7134 0.2862 -0.6396
vn 0.7602 -0.0013 -0.6497
vn 1.0000 -0.0017 -0.0000
vn -0.5721 0.5216 0.6330
vn -0.5440 0.4851 -0.6846
vn -0.5378 0.4445 0.7164
vn 1.0000 -0.0001 -0.0000
vn 0.7676 -0.0013 -0.6409
vn 0.7653 -0.0011 -0.6436
vn -0.5894 0.4732 0.6548
vn -0.5933 0.5001 -0.6307
vn -0.6306 0.4496 -0.6326
vn 0.3087 -0.6547 -0.6899
vn 0.2749 -0.7044 0.6544
vn 0.3469 -0.6791 0.6469
vn -0.2229 -0.7244 0.6524
vn -0.2743 -0.6721 -0.6878
vn -0.3091 -0.6999 0.6439
vn 0.4643 -0.5667 -0.6806
vn 0.4175 -0.6346 0.6504
vn 0.5168 -0.5693 0.6394
vn -0.4060 -0.6484 0.6441
vn -0.4668 -0.5677 -0.6781
vn -0.5152 -0.5713 0.6389
vn -0.5525 -0.4843 -0.6784
vn -0.5971 -0.4736 0.6475
vn 0.8019 -0.5974 -0.0017
vn 0.5909 -0.4786 0.6494
vn 0.8003 -0.5996 -0.0000
vn -0.6242 -0.3982 -0.6722
vn -0.7513 -0.0959 0.6530
vn -0.7497 -0.0661 -0.6584
vn 0.9686 -0.2486 0.0014
vn 0.3529 -0.7597 0.5462
vn 0.8008 -0.2329 0.5519
vn 0.7479 -0.1258 0.6518
vn -0.7356 -0.1919 0.6497
vn -0.7359 -0.1469 -0.6610
vn 0.9548 -0.2973 -0.0000
vn 0.7241 -0.2140 0.6557
vn -0.7098 -0.2342 -0.6644
vn 0.9713 -0.2380 -0.0036
vn 0.9351 -0.3544 0.0001
vn 0.2110 -0.6901 -0.6923
vn 0.1320 -0.7690 0.6255
vn 0.2274 -0.7280 0.6468
vn 0.1086 -0.7193 -0.6861
vn -0.0575 -0.7729 0.6319
vn -0.1492 -0.7026 -0.6958
vn -0.1597 -0.7450 0.6477
vn 0.2458 -0.6756 -0.6951
vn -0.1983 -0.6931 -0.6930
vn -0.3651 -0.6301 -0.6853
vn 0.3758 -0.6189 -0.6897
vn 0.1333 -0.9222 0.3629
vn 0.2458 -0.9537 0.1732
vn 0.2042 -0.9323 -0.2987
vn 0.2538 0.8253 -0.5045
vn 0.3122 0.8287 0.4645
vn 0.1739 -0.9848 -0.0000
vn -0.8615 0.4426 -0.2488
vn 0.1734 -0.9849 -0.0009
vn 0.1727 -0.9850 -0.0006
vn 0.1724 -0.9850 0.0007
vn 0.1713 -0.9852 0.0018
vn 0.1703 -0.9854 -0.0000
vn 0.1715 -0.9852 -0.0014
vn 0.1723 -0.9850 0.0003
vn 0.1731 -0.9849 0.0010
vn 0.1733 -0.9849 0.0010
vn 0.1738 -0.9848 0.0008
vn 0.4367 -0.8354 -0.3339
vn -0.8251 -0.2541 0.5047
vn 0.6390 -0.6390 0.4281
vn 0.6390 -0.6390 -0.4281
vn 0.6390 -0.6390 -0.4282
vn -0.3025 -0.8711 -0.3868
vn 0.8127 -0.2432 -0.5295
vn -0.4066 -0.8434 0.3512
vn 0.6390 0.6390 -0.4282
vn 0.6390 0.6390 0.4282
vn -0.3020 0.8708 0.3880
vn 0.8253 0.2539 0.5045
vn -0.4052 0.8440 -0.3514
vn -0.6390 -0.6390 0.4281
vn -0.6390 -0.6390 -0.4281
vn -0.6451 -0.7059 -0.2926
vn -0.3485 -0.8098 -0.4720
vn -0.6901 -0.6725 0.2673
vn 0.0051 -0.9710 0.2388
vn -0.7417 0.3890 0.5463
vn 0.0258 -0.9647 -0.2622
vn 0.3150 -0.9252 -0.2115
vn 0.4419 -0.8485 0.2912
vn 0.1179 0.9530 0.2790
vn 0.1102 0.6454 0.7559
vn -0.0321 -0.9565 0.2901
vn -0.2109 -0.9036 -0.3729
vn 0.6251 0.4452 -0.6412
vn 0.4028 0.2919 -0.8675
vn 0.2314 0.1561 -0.9603
vn -0.0365 -0.5107 -0.8590
vn -0.9354 0.2464 0.2536
vn -0.5410 0.0542 0.8393
vn -0.3119 -0.0000 0.9501
vn 0.4473 -0.8616 -0.2400
vn -0.8355 0.0117 0.5493
vn -0.8348 -0.0000 0.5506
vn -0.3646 -0.0003 0.9312
vn 0.9981 -0.0039 -0.0609
vn -0.3516 -0.0728 -0.9333
vn -0.3119 -0.0000 -0.9501
vn 0.4465 0.8618 0.2409
vn -0.8355 -0.0118 -0.5493
vn -0.8347 -0.0004 -0.5507
vn -0.3652 0.0003 -0.9309
vn 0.9980 0.0037 0.0630
vn 0.7994 0.0297 0.6000
vn 0.2969 0.0121 0.9548
vn 0.3074 -0.0000 0.9516
vn -0.3115 0.6801 -0.6637
vn 0.8331 -0.0000 0.5531
vn 0.3594 0.0003 0.9332
vn -0.9982 0.0040 -0.0606
vn 0.3511 0.0689 -0.9338
vn 0.3119 -0.0000 -0.9501
vn 0.3365 -0.0007 -0.9417
vn 0.8173 0.0010 -0.5763
vn 0.7878 -0.0051 -0.6159
vn 0.1050 -0.0067 -0.9944
vn 0.3243 0.0004 -0.9460
vn -0.0041 -1.0000 -0.0018
vn 0.7233 -0.3247 -0.6094
vn 0.9157 0.0577 0.3977
vn 0.0143 -0.9997 -0.0199
vn 0.1607 0.0635 0.9850
vn 0.2920 0.0553 0.9548
vn 0.1680 -0.0023 -0.9858
vn 0.8091 -0.0167 -0.5875
vn 0.4300 0.6492 0.6274
vn 0.2817 0.4370 0.8542
vn 0.1322 0.2655 0.9550
vn -0.2432 0.2281 0.9428
vn 0.9613 0.0500 -0.2710
vn 0.5950 0.0254 -0.8033
vn -0.9615 -0.0383 -0.2720
vn -0.8812 -0.2157 0.4207
vn 0.7693 0.0499 0.6369
vn 0.1805 0.0708 0.9810
vn 0.1866 -0.0014 -0.9824
vn 0.0752 0.0618 0.9953
vn -0.5170 -0.0197 -0.8558
vn -0.7386 0.1589 -0.6551
vn 0.3123 0.1893 -0.9309
vn -0.1325 0.1325 0.9823
vn -0.1049 0.1318 0.9857
vn -0.1837 0.0991 -0.9780
vn -0.2042 0.0792 -0.9757
vn 0.7609 0.0470 0.6472
vn 0.1532 0.0719 0.9856
vn 0.1601 0.0712 0.9845
vn 0.1600 -0.0003 -0.9871
vn 0.1664 -0.0011 -0.9861
vn 0.1954 -0.0528 0.9793
vn 0.1982 -0.0190 0.9800
vn 0.6126 -0.4139 -0.6734
vn 0.1301 -0.0674 -0.9892
vn 0.1123 -0.0757 -0.9908
vn -0.2034 -0.0498 0.9778
vn -0.1777 -0.0099 0.9840
vn -0.1143 -0.0548 -0.9919
vn -0.1207 -0.0817 -0.9893
vn -0.1643 0.0625 0.9844
vn -0.1714 0.0864 0.9814
vn -0.1568 -0.0142 -0.9875
vn -0.1878 0.0040 -0.9822
vn 0.2463 0.0859 0.9654
vn 0.0447 0.0427 0.9981
vn 0.7699 -0.0313 -0.6374
vn 0.0647 -0.0148 -0.9978
vn 0.2671 -0.0110 -0.9636
vn -0.1387 0.0943 0.9858
vn -0.1722 0.0243 -0.9848
vn 0.1418 0.0791 0.9867
vn 0.1499 0.0079 -0.9887
vn -0.1433 0.1175 0.9827
vn -0.1936 0.0503 -0.9798
vn 0.7546 0.0463 0.6545
vn 0.1411 0.0712 0.9874
vn 0.1474 -0.0014 -0.9891
vn 0.7580 0.0467 0.6506
vn 0.7677 0.0455 0.6392
vn 0.1751 0.0714 0.9820
vn 0.1815 -0.0007 -0.9834
vn -0.1037 0.1531 0.9828
vn 0.1409 -0.1578 0.9774
vn 0.1288 -0.0890 -0.9877
vn -0.2705 0.1431 -0.9520
vn 0.7657 0.0461 0.6415
vn 0.1677 0.0714 0.9832
vn 0.1745 -0.0007 -0.9847
vn -0.1028 0.1522 0.9830
vn -0.1968 0.1345 -0.9712
vn 0.7634 0.0465 0.6443
vn 0.0775 -0.1398 0.9871
vn 0.1214 -0.1587 0.9798
vn 0.0183 -0.0552 -0.9983
vn 0.0475 -0.0806 -0.9956
vn -0.0658 -0.1561 0.9855
vn -0.1112 -0.1775 0.9778
vn -0.0193 -0.0576 -0.9982
vn -0.0385 -0.0876 -0.9954
vn 0.1273 -0.1323 0.9830
vn 0.1837 -0.1350 0.9737
vn 0.0429 -0.0751 -0.9963
vn 0.0885 -0.1019 -0.9908
vn -0.1359 -0.1544 0.9786
vn -0.1827 -0.1374 0.9735
vn -0.0518 -0.0887 -0.9947
vn -0.0841 -0.1041 -0.9910
vn 0.1737 -0.0805 0.9815
vn 0.0835 -0.0790 -0.9934
vn -0.1812 -0.0825 0.9800
vn -0.0907 -0.0814 -0.9925
vn -0.1826 0.0416 0.9823
vn -0.1551 -0.0334 -0.9873
vn 0.1976 0.0379 0.9795
vn 0.1662 -0.0385 -0.9853
vn -0.1980 0.0155 0.9801
vn -0.1476 -0.0493 -0.9878
vn 0.1707 0.0113 0.9853
vn 0.1208 -0.0486 -0.9915
vn 0.7279 -0.1716 -0.6639
vn 0.6660 -0.3286 -0.6697
vn 0.0470 -0.2383 0.9701
vn 0.0436 -0.1488 0.9879
vn 0.0037 -0.0620 -0.9981
vn 0.0070 -0.1304 -0.9914
vn -0.0211 -0.2310 0.9727
vn 0.0030 -0.1204 -0.9927
vn -0.0379 -0.1637 0.9858
vn -0.0128 -0.0683 -0.9976
vn -0.0425 -0.7211 -0.6916
vn -0.1246 -0.5639 -0.8164
vn -0.5928 -0.8036 -0.0529
vn -0.1632 0.5990 0.7839
vn -0.5618 0.7939 -0.2325
vn -0.2553 0.7446 -0.6168
vn -0.6238 0.0986 -0.7753
vn -0.5274 0.8273 0.1934
vn -0.7444 0.2553 0.6170
vn 0.3970 -0.3970 -0.8275
vn 0.3970 -0.3971 -0.8275
vn 0.3970 -0.3970 0.8275
vn 0.3969 -0.3970 0.8276
vn 0.8287 -0.3122 0.4645
vn 0.5990 0.1633 0.7839
vn 0.3970 0.3970 0.8275
vn 0.3970 0.3970 -0.8275
vn 0.5097 -0.8394 0.1889
vn 0.7442 -0.2550 0.6173
vn 0.8287 0.3122 -0.4645
vn 0.5994 -0.1635 -0.7836
vn -0.3970 -0.3967 -0.8277
vn -0.3970 -0.3970 -0.8275
vn -0.3970 -0.3970 0.8275
vn 0.1699 -0.6096 -0.7743
vn 0.0860 -0.4458 0.8910
vn -0.5064 -0.7382 0.4456
vn -0.5495 -0.6612 0.5108
vn -0.6333 -0.6370 0.4395
vn -0.7279 -0.5274 -0.4383
vn -0.6480 -0.5733 -0.5014
vn -0.6268 -0.6494 -0.4305
vn -0.6620 -0.7495 0.0001
vn -0.6364 -0.7714 -0.0004
vn -0.6252 -0.7805 0.0003
vn -0.6631 -0.5450 0.5132
vn -0.7270 -0.5106 0.4591
vn -0.6289 -0.3484 0.6951
vn 0.1380 0.3384 0.9308
vn 0.5730 0.7266 -0.3791
vn 0.3049 0.1512 0.9403
vn 0.4703 0.6450 -0.6023
vn -0.3569 -0.6803 0.6402
vn -0.2347 -0.5996 0.7651
vn -0.5306 -0.6844 -0.5001
vn -0.4962 -0.7444 -0.4468
vn -0.3523 -0.6566 -0.6669
vn 0.2835 0.0379 -0.9582
vn 0.7992 0.5882 0.1235
vn 0.0464 0.1538 -0.9870
vn 0.7006 0.6943 0.1643
vn -0.6615 -0.3684 -0.6532
vn -0.5845 -0.2519 -0.7713
vn -0.7375 -0.6754 -0.0001
vn -0.6691 -0.7432 -0.0003
vn -0.7659 -0.6429 -0.0000
vn -0.7407 -0.6718 -0.0002
vn 1.0000 -0.0033 0.0019
vn 0.1802 0.6767 -0.7139
vn 1.0000 -0.0037 -0.0000
vn 1.0000 -0.0013 -0.0013
vn 1.0000 -0.0024 -0.0019
vn 0.9979 -0.0338 0.0545
vn 0.2074 -0.9598 0.1894
vn 1.0000 -0.0003 0.0010
vn 1.0000 -0.0016 0.0022
vn 1.0000 -0.0091 0.0011
vn 0.9999 -0.0100 -0.0000
vn 1.0000 -0.0059 0.0012
vn 1.0000 -0.0085 -0.0005
vn 1.0000 -0.0056 -0.0011
vn 1.0000 0.0015 -0.0012
vn 1.0000 -0.0004 -0.0013
vn 1.0000 0.0021 -0.0008
vn 0.0268 0.9996 -0.0000
vn -0.0371 0.7884 0.6140
vn -0.2884 -0.8913 -0.3499
vn -0.1169 -0.8231 -0.5558
vn 0.0065 0.6465 -0.7629
vn -0.2548 -0.9668 -0.0189
vn 0.1340 0.8680 -0.4781
vn 1.0000 0.0016 0.0006
vn -0.2553 -0.2945 0.9209
vn -0.1816 -0.1937 -0.9641
vn -0.9615 -0.2272 0.1546
vn 0.0787 0.7431 0.6646
vn -0.1258 -0.8673 -0.4815
vn -0.0948 0.7976 -0.5957
vn -0.0877 -0.9581 -0.2727
vn -0.0014 -0.6322 -0.7748
vn -0.1211 0.6644 0.7375
vn 0.0278 -0.9357 0.3517
vn -0.1983 0.6950 -0.6911
vn -0.9545 0.0576 -0.2926
vn -0.2842 0.2842 0.9157
vn -0.0241 -0.1627 0.9864
vn 0.2335 0.2968 0.9259
vn 0.2428 -0.0013 -0.9701
vn 0.9534 0.2423 0.1798
vn 0.0410 0.7188 -0.6940
vn 0.0018 0.8467 -0.5321
vn -0.0104 -0.6327 0.7743
vn -0.0442 0.7274 0.6848
vn -0.0052 0.8527 0.5223
vn -0.0195 -0.9496 -0.3128
vn -0.0740 0.1229 -0.9897
vn 0.0721 0.8522 -0.5182
vn -0.1980 -0.6949 0.6913
vn -0.9544 -0.0542 0.2935
vn -0.2842 -0.2842 -0.9157
vn 0.1207 0.6667 -0.7355
vn 0.1560 0.7635 0.6267
vn 0.9481 0.1089 0.2987
vn 0.2844 0.2844 -0.9155
vn -0.0177 -0.2042 -0.9788
vn -0.7094 -0.0968 0.6981
vn -0.7092 0.0971 -0.6983
vn 0.9949 0.1007 0.0008
vn 0.7407 0.0518 -0.6698
vn 0.9985 -0.0544 -0.0001
vn 0.9959 -0.0910 0.0008
vn 0.9688 -0.2480 0.0004
vn 0.9991 0.0424 0.0011
vn 0.6993 -0.2604 -0.6657
vn 0.9355 -0.3532 -0.0004
vn 0.9257 -0.3783 -0.0003
vn 0.8850 -0.4656 -0.0006
vn 0.8678 -0.4968 -0.0000
vn 0.8077 -0.5896 -0.0006
vn 0.5491 -0.4913 -0.6761
vn 0.7904 -0.6126 -0.0001
vn 0.7173 -0.6968 -0.0007
vn 0.7145 -0.6997 -0.0002
vn 0.7020 -0.7121 -0.0002
vn 0.7020 -0.7122 -0.0009
vn 0.7048 -0.7094 -0.0006
vn 1.0000 0.0012 -0.0000
vn 1.0000 -0.0002 -0.0000
vn 1.0000 0.0008 -0.0000
vn 1.0000 0.0006 -0.0000
vn 1.0000 0.0001 -0.0000
vn 1.0000 -0.0047 -0.0000
vn 1.0000 -0.0075 -0.0000
vn 1.0000 -0.0069 -0.0000
vn -0.0000 0.3309 0.9437
vn -0.0000 0.2495 0.9684
vn 0.0064 0.9636 0.2673
vn 0.0011 0.9272 0.3746
vn 0.0009 0.9291 0.3699
vn 0.0007 0.8277 0.5612
vn 0.0008 0.8276 0.5613
vn 0.0006 0.7620 0.6476
vn 0.0004 0.7622 0.6474
vn -0.0001 0.4199 0.9076
vn 0.0003 0.4206 0.9072
vn 0.0001 0.4198 0.9076
vn -0.4133 -0.5060 -0.7571
vn -0.5173 -0.8402 -0.1627
vn -0.3702 -0.7511 0.5466
vn -0.3220 -0.5478 -0.7722
vn -0.3519 -0.8053 -0.4772
vn -0.2814 -0.4898 -0.8252
vn 0.0023 -0.1125 -0.9937
vn 0.0003 -0.1133 -0.9936
vn 0.0075 -0.1079 -0.9941
vn 0.0006 0.0081 -1.0000
vn 0.0008 -0.0018 -1.0000
vn -0.0001 0.1081 -0.9941
vn -0.0000 0.1080 0.9942
vn 0.0001 0.2149 0.9766
vn -0.0001 0.1082 0.9941
vn 0.0005 0.3201 0.9474
vn 0.0001 0.2146 0.9767
vn 0.0003 0.3194 0.9476
vn 0.0001 0.7620 0.6475
vn 0.0001 0.7618 0.6479
vn -0.0000 0.6876 0.7261
vn 0.0001 0.6877 0.7260
vn -0.0000 0.6051 0.7961
vn -0.0000 0.6051 0.7962
vn -0.0001 0.5151 0.8571
vn -0.0001 0.5154 0.8569
vn -0.0002 0.4197 0.9077
vn -0.5449 -0.6457 -0.5348
vn -0.6098 -0.6658 -0.4298
vn -0.5232 -0.7075 -0.4751
vn -0.4123 -0.5181 -0.7494
vn -0.0445 -0.2136 -0.9759
vn -0.0759 -0.3256 -0.9425
vn -0.0718 -0.8747 -0.4793
vn -0.0122 -0.0056 -0.9999
vn -0.5808 -0.4986 0.6435
vn 0.6645 0.6550 -0.3597
vn -0.1330 -0.3820 -0.9146
vn -0.1711 -0.4954 -0.8517
vn -0.1301 -0.4442 -0.8864
vn -0.0825 -0.2916 -0.9530
vn -0.2355 -0.4647 -0.8536
vn -0.3096 -0.7999 -0.5141
vn -0.1766 -0.4459 -0.8775
vn 0.9913 -0.1313 -0.0000
vn 0.0102 -0.1877 -0.9822
vn 0.0156 0.5655 -0.8246
vn 0.0127 0.5382 -0.8427
vn 0.0361 -0.1727 0.9843
vn -0.0122 0.5441 0.8389
vn 0.0368 -0.1853 0.9820
vn -0.0000 0.8611 -0.5084
vn -0.0001 0.9419 -0.3358
vn -0.0000 -0.1660 0.9861
vn -0.0000 -0.2496 0.9684
vn -0.0000 -0.2496 -0.9684
vn -0.0000 -0.1660 -0.9861
vn -0.0000 -0.8611 -0.5085
vn -0.0000 -0.7490 -0.6626
vn -0.0000 -0.7490 0.6626
vn -0.0000 -0.8611 0.5085
vn -0.0000 0.8611 0.5085
vn -0.0000 0.7490 0.6626
vn -0.0000 0.2495 -0.9684
vn -0.0000 0.3312 -0.9436
vn -0.0000 0.4996 -0.8663
vn -0.0000 0.6194 -0.7850
vn -0.0000 0.7490 -0.6626
vn -0.0000 0.9866 -0.1631
vn -0.0000 0.9866 -0.1632
vn -0.0000 0.9866 0.1632
vn -0.0000 0.9866 0.1631
vn -0.0001 0.9419 0.3358
vn -0.0000 0.8611 0.5084
vn -0.0000 0.6194 0.7850
vn -0.0000 0.4998 0.8661
vn -0.0000 0.0824 0.9966
vn -0.0000 0.1660 0.9861
vn -0.0000 0.4091 0.9125
vn -0.0000 -0.4091 0.9125
vn -0.0000 -0.4998 0.8661
vn -0.0000 -0.3309 0.9437
vn -0.0000 -0.0824 0.9966
vn -0.0000 -0.9866 0.1631
vn -0.0000 -0.9419 0.3358
vn -0.0000 -0.6195 0.7850
vn -0.0000 -0.9866 -0.1631
vn -0.0000 -0.9419 -0.3358
vn -0.0000 -0.6195 -0.7850
vn -0.0000 -0.4996 -0.8663
vn -0.0000 -0.4091 -0.9125
vn -0.0000 -0.3312 -0.9436
vn -0.0000 -0.0824 -0.9966
vn -0.0000 0.0824 -0.9966
vn -0.0000 0.1660 -0.9861
vn -0.0000 0.4091 -0.9125
vn -0.0000 0.4092 -0.9125
vn -0.9242 -0.3819 -0.0000
vn -0.9241 -0.3821 -0.0000
vn 0.0093 -0.1429 0.9897
vn 0.0074 -0.1033 0.9946
vn -0.0187 -0.2590 0.9657
vn -0.0030 -0.2044 0.9789
vn -0.0361 -0.2320 0.9720
vn -0.1553 -0.7282 0.6675
vn -0.1817 -0.7952 0.5784
vn -0.0775 -0.3204 0.9441
vn -0.1623 -0.4093 0.8979
vn -0.1341 -0.3659 0.9209
vn -0.1775 -0.4505 0.8749
vn -0.2095 -0.4994 0.8407
vn -0.2868 -0.5270 0.8000
vn -0.2528 -0.4946 0.8315
vn -0.3116 -0.5568 0.7700
vn -0.3496 -0.5913 0.7267
vn -0.4401 -0.5907 0.6764
vn -0.4012 -0.5626 0.7228
vn -0.4586 -0.6127 0.6437
vn -0.4879 -0.6253 0.6090
vn -0.6306 -0.6373 0.4429
vn -0.6181 -0.6356 0.4626
vn -0.6932 -0.6862 0.2205
vn -0.6994 -0.6814 0.2157
vn -0.7108 -0.6993 -0.0757
vn -0.7109 -0.6992 -0.0757
vn -0.6669 -0.6566 -0.3522
vn -0.6632 -0.6532 -0.3654
vn -0.6256 -0.6019 -0.4963
vn -0.0003 0.2160 -0.9764
vn -0.0000 0.2128 -0.9771
vn -0.0002 0.3197 -0.9475
vn 0.0002 0.3171 -0.9484
vn -0.0001 0.3200 -0.9474
vn 0.0001 0.3193 -0.9476
vn -0.0002 0.4200 -0.9075
vn -0.0003 0.4202 -0.9074
vn -0.0003 0.5155 -0.8569
vn -0.0002 0.5154 -0.8569
vn -0.0001 0.5155 -0.8569
vn -0.0001 0.5143 -0.8576
vn -0.0000 0.6042 -0.7968
vn 0.0001 0.6053 -0.7960
vn -0.0000 0.6877 -0.7260
vn 0.0002 0.7616 -0.6480
vn -0.0000 0.7620 -0.6476
vn 0.0003 0.8277 -0.5612
vn 0.0006 0.8272 -0.5620
vn 0.0019 0.8832 -0.4691
vn -0.0004 0.8840 -0.4675
vn 0.0050 0.9288 -0.3705
vn 0.0079 0.9268 -0.3755
vn 0.0068 0.9634 -0.2679
vn 0.0073 0.9627 -0.2703
vn 0.0075 0.9985 -0.0541
vn 0.0072 0.9868 0.1619
vn 0.0061 0.9621 0.2727
vn 0.0074 0.9868 0.1617
vn 0.9806 -0.1960 -0.0000
vn 0.7076 0.7066 -0.0000
vn 0.7072 0.7070 -0.0000
vn 0.5765 0.5792 -0.5763
vn 0.5766 0.5789 -0.5766
vn 0.5641 0.6030 0.5641
vn 0.5643 0.6027 0.5642
vn 0.7048 0.7094 -0.0000
vn -0.7014 0.7127 0.0006
vn 0.7209 -0.3903 0.5727
vn -0.0102 0.1999 0.9798
vn 0.0023 -0.0419 -0.9991
vn 0.0010 -0.0839 -0.9965
vn -0.0096 0.1099 -0.9939
vn -0.4095 -0.8078 0.4239
vn 0.5811 0.4452 -0.6813
vn 0.8385 -0.0394 0.5434
vn 0.4301 0.5989 0.6755
vn -0.5753 -0.2778 0.7693
vn -0.2920 -0.6092 -0.7373
vn -0.7705 -0.6374 -0.0003
vn -0.9670 -0.2260 -0.1178
vn -0.0094 0.8877 -0.4603
vn -0.7344 0.6785 -0.0192
vn 0.9689 -0.2127 0.1266
vn 1.0000 -0.0075 -0.0001
vn -0.3269 -0.5564 -0.7639
vn -0.0103 -0.1038 -0.9945
vn -0.0380 -0.0941 -0.9948
vn 0.0139 -0.1682 -0.9857
vn -0.0114 0.5479 0.8365
vt 0.064277 0.350790
vt 0.132470 0.348375
vt 0.062208 0.388945
vt 0.134910 0.417289
vt 0.063302 0.419824
vt 0.332464 0.380282
vt 0.133760 0.384800
vt 0.137350 0.486200
vt 0.335965 0.479168
vt 0.064395 0.450701
vt 0.136061 0.449775
vt 0.333586 0.411962
vt 0.128485 0.486513
vt 0.069157 0.488614
vt 0.332396 0.378360
vt 0.333305 0.404050
vt 0.333375 0.406028
vt 0.062394 0.351235
vt 0.067247 0.488303
vt 0.330761 0.342875
vt 0.331206 0.344759
vt 0.061294 0.352416
vt 0.060983 0.354326
vt 0.066066 0.487206
vt 0.065621 0.485322
vt 0.329583 0.341775
vt 0.327673 0.341464
vt 0.133412 0.486339
vt 0.136365 0.486234
vt 0.061115 0.358068
vt 0.065488 0.481578
vt 0.335829 0.475327
vt 0.334707 0.443645
vt 0.332328 0.376434
vt 0.332579 0.383539
vt 0.332831 0.390645
vt 0.333082 0.397751
vt 0.333334 0.404856
vt 0.333982 0.423163
vt 0.334379 0.434365
vt 0.334775 0.445566
vt 0.335172 0.456767
vt 0.335568 0.467969
vt 0.331342 0.348599
vt 0.333189 0.400763
vt 0.332792 0.389562
vt 0.331999 0.367159
vt 0.331603 0.355957
vt 0.131441 0.486409
vt 0.134397 0.486304
vt 0.332941 0.393743
vt 0.333796 0.417898
vt 0.334156 0.428065
vt 0.334231 0.430183
vt 0.333016 0.395861
vt 0.331626 0.356626
vt 0.333090 0.397979
vt 0.332791 0.389510
vt 0.332716 0.387392
vt 0.332866 0.391628
vt 0.333165 0.400095
vt 0.333516 0.409984
vt 0.333445 0.408006
vt 0.333235 0.402072
vt 0.334006 0.423831
vt 0.333936 0.421854
vt 0.333866 0.419876
vt 0.333656 0.413942
vt 0.333726 0.415920
vt 0.334381 0.434416
vt 0.334455 0.436532
vt 0.334306 0.432298
vt 0.334081 0.425947
vt 0.137211 0.482261
vt 0.132610 0.352314
vt 0.332076 0.369328
s 1
f 1/1/1 2/1/2 3/1/1
f 4/2/3 5/1/4 1/1/3
f 4/2/5 6/2/6 7/2/6
f 8/2/7 2/1/8 6/2/8
f 5/1/9 9/1/10 2/1/2
f 3/1/1 10/1/11 1/1/1
f 7/2/4 11/1/12 5/1/4
f 1/1/3 12/2/13 4/2/3
f 6/2/6 13/2/6 7/2/6
f 4/2/5 14/2/14 8/2/14
f 6/2/8 9/1/7 15/2/7
f 8/2/7 16/1/15 3/1/7
f 17/1/16 18/1/16 19/1/16
f 20/2/17 19/1/17 21/2/17
f 22/2/18 21/2/18 23/2/18
f 18/1/19 22/2/19 23/2/19
f 19/1/20 24/1/20 25/1/20
f 26/1/21 27/1/21 28/1/21
f 29/2/22 19/1/22 25/1/22
f 27/1/23 20/2/23 30/2/23
f 23/2/24 29/2/25 31/2/26
f 20/2/27 32/2/27 30/2/27
f 18/1/28 31/2/29 24/1/30
f 22/2/31 28/1/31 32/2/31
f 1/1/1 5/1/9 2/1/2
f 4/2/3 7/2/4 5/1/4
f 4/2/5 8/2/14 6/2/6
f 8/2/7 3/1/7 2/1/8
f 5/1/9 11/1/32 9/1/10
f 3/1/1 16/1/11 10/1/11
f 7/2/4 13/2/33 11/1/12
f 1/1/3 10/1/13 12/2/13
f 6/2/6 15/2/6 13/2/6
f 4/2/5 12/2/34 14/2/14
f 6/2/8 2/1/8 9/1/7
f 8/2/7 14/2/15 16/1/15
f 17/1/16 26/1/16 18/1/16
f 20/2/17 17/1/17 19/1/17
f 22/2/18 20/2/18 21/2/18
f 18/1/19 26/1/19 22/2/19
f 19/1/20 18/1/20 24/1/20
f 26/1/21 17/1/21 27/1/21
f 29/2/22 21/2/22 19/1/22
f 27/1/35 17/1/35 20/2/35
f 23/2/24 21/2/36 29/2/25
f 20/2/27 22/2/27 32/2/27
f 18/1/28 23/2/29 31/2/29
f 22/2/37 26/1/37 28/1/37
f 33/3/38 34/4/38 35/5/38
f 36/6/38 34/4/38 37/7/38
f 38/8/38 39/9/38 40/8/38
f 39/9/38 41/8/38 40/8/38
f 42/9/38 43/8/38 44/9/38
f 45/9/38 46/8/38 47/9/38
f 48/8/38 49/9/38 50/9/38
f 49/9/38 51/8/38 52/9/38
f 52/9/38 53/8/38 54/9/38
f 54/9/38 55/8/38 42/9/38
f 41/8/38 56/9/38 57/8/38
f 57/8/38 58/9/38 59/8/38
f 59/8/38 44/9/38 43/8/38
f 60/9/38 61/8/38 62/8/38
f 63/9/38 64/8/38 65/8/38
f 66/9/38 65/8/38 67/8/38
f 66/9/38 68/8/38 45/9/38
f 48/8/38 69/9/38 70/8/38
f 70/8/38 71/9/38 72/8/38
f 46/8/38 71/9/38 47/9/38
f 73/9/39 74/8/40 75/8/38
f 76/9/38 75/8/38 61/8/38
f 62/8/38 77/9/38 60/9/38
f 78/10/41 79/4/41 80/5/41
f 81/11/41 82/12/41 79/4/41
f 83/9/42 84/8/43 85/8/44
f 83/9/42 86/8/45 87/9/45
f 88/8/46 89/9/45 90/9/46
f 91/9/46 92/8/46 93/8/47
f 94/8/46 95/9/46 96/8/46
f 97/8/46 95/9/46 98/9/46
f 99/8/46 98/9/46 100/9/45
f 101/8/46 100/9/45 89/9/45
f 102/9/46 86/8/45 103/8/45
f 104/9/46 103/8/45 105/8/46
f 90/9/46 105/8/46 88/8/46
f 106/8/48 107/9/46 108/8/46
f 109/8/46 110/9/46 111/8/46
f 111/8/46 112/9/46 113/8/45
f 112/9/46 93/8/47 113/8/45
f 94/8/46 114/9/46 115/9/46
f 116/8/46 117/9/46 114/9/46
f 117/9/46 92/8/46 118/9/47
f 119/8/49 120/9/46 121/8/50
f 121/8/50 122/9/48 106/8/48
f 123/9/46 108/8/46 107/9/46
f 9/1/51 13/2/51 15/2/51
f 124/13/52 125/14/53 126/14/53
f 127/10/54 128/5/54 129/10/54
f 130/15/55 131/16/55 132/17/55
f 133/8/56 134/8/57 135/8/58
f 136/9/59 137/9/60 138/9/61
f 136/9/59 139/9/62 140/9/63
f 141/8/57 142/8/64 134/8/57
f 143/8/65 144/8/66 145/8/67
f 146/9/68 147/9/69 148/9/70
f 149/9/71 150/9/72 151/9/73
f 149/9/71 151/9/73 152/9/74
f 153/8/75 154/8/76 155/8/77
f 156/8/78 157/8/79 158/8/78
f 159/9/80 160/9/81 161/9/82
f 162/8/83 158/8/78 163/8/84
f 161/9/82 164/9/69 165/9/85
f 165/9/85 164/9/69 166/9/85
f 167/8/86 163/8/84 168/8/87
f 169/9/69 170/9/85 171/9/63
f 169/9/69 171/9/63 172/9/88
f 173/8/89 168/8/87 144/8/66
f 172/9/88 174/9/90 175/9/91
f 175/9/91 174/9/90 146/9/68
f 140/9/63 176/9/55 177/9/60
f 178/8/92 179/8/93 142/8/94
f 177/9/60 180/9/55 181/9/55
f 177/9/60 181/9/55 182/9/95
f 183/8/96 184/8/97 179/8/93
f 182/9/95 185/9/70 148/9/70
f 182/9/95 148/9/70 147/9/69
f 186/8/98 145/8/67 184/8/97
f 187/9/99 188/9/100 189/9/101
f 190/8/102 191/8/103 192/8/104
f 193/9/105 194/9/106 195/9/107
f 196/8/108 197/8/109 198/8/110
f 199/8/111 198/8/110 200/8/112
f 201/9/113 202/9/114 203/9/115
f 201/9/113 203/9/115 149/9/71
f 204/8/116 200/8/112 154/8/76
f 205/8/117 206/8/118 157/8/79
f 207/9/119 208/9/120 209/9/121
f 207/9/119 209/9/121 159/9/80
f 210/8/122 211/8/123 206/8/118
f 212/9/124 213/9/125 214/9/126
f 212/9/124 214/9/126 207/9/119
f 215/8/127 155/8/77 211/8/123
f 152/9/74 216/9/128 217/9/129
f 152/9/74 217/9/129 212/9/124
f 218/9/130 219/9/131 220/9/132
f 220/9/132 221/8/133 222/8/134
f 223/8/135 221/8/133 224/8/136
f 189/9/101 225/9/137 218/9/130
f 226/8/138 224/8/136 191/8/103
f 227/8/139 192/8/104 197/8/109
f 195/9/107 228/9/140 187/9/99
f 229/18/141 10/1/142 16/1/143
f 230/19/144 126/14/53 125/14/53
f 231/20/145 232/21/146 233/21/146
f 231/20/145 234/21/146 235/21/146
f 231/20/145 236/21/146 237/21/146
f 231/20/145 238/21/146 239/21/146
f 231/20/145 240/21/147 241/21/148
f 231/20/145 242/21/146 243/21/149
f 231/20/145 243/21/149 244/20/150
f 245/22/151 246/18/151 229/18/151
f 247/23/152 248/22/153 245/22/154
f 249/24/155 250/19/156 230/19/156
f 251/25/157 252/24/158 249/24/158
f 253/26/159 231/20/159 244/20/159
f 254/27/160 255/26/161 253/26/161
f 10/1/142 256/2/51 12/2/51
f 14/2/51 257/1/162 16/1/143
f 258/14/53 259/8/52 84/8/52
f 125/14/53 260/28/52 261/29/52
f 125/14/53 261/29/52 259/8/52
f 38/8/52 262/29/52 263/28/52
f 263/28/52 264/14/53 38/8/52
f 124/13/52 126/14/53 264/14/53
f 265/30/163 266/23/164 267/3/54
f 268/31/54 269/25/165 127/10/54
f 270/5/54 269/25/165 271/3/54
f 272/30/54 269/25/165 266/23/164
f 266/23/164 273/31/54 78/10/54
f 266/23/164 80/5/54 267/3/54
f 274/31/166 275/25/167 276/10/54
f 277/30/54 278/23/152 279/3/54
f 128/5/54 278/23/152 129/10/54
f 280/31/54 278/23/152 275/25/167
f 275/25/167 281/30/54 33/3/54
f 275/25/167 35/5/54 276/10/54
f 282/32/55 283/9/168 284/33/55
f 285/34/55 286/21/146 287/35/55
f 288/36/55 286/21/146 289/37/55
f 290/38/55 286/21/146 291/12/55
f 292/39/55 286/21/146 293/40/55
f 294/41/55 286/21/146 295/42/55
f 296/43/55 286/21/146 283/9/168
f 283/9/168 297/44/55 298/6/55
f 283/9/168 82/12/55 284/33/55
f 299/44/169 243/21/149 36/6/55
f 300/43/55 301/9/168 302/42/55
f 303/41/55 301/9/168 304/40/55
f 305/39/55 301/9/168 306/12/55
f 307/45/55 301/9/168 308/46/55
f 130/15/55 301/9/168 309/47/55
f 310/48/55 301/9/168 243/21/149
f 243/21/149 311/32/55 312/33/55
f 243/21/149 313/12/55 36/6/55
f 12/2/51 314/27/170 315/27/171
f 254/27/160 316/2/51 14/2/51
f 83/9/172 283/9/168 317/9/173
f 136/9/59 301/9/168 318/9/168
f 84/8/174 319/8/175 320/8/176
f 84/8/174 135/8/58 85/8/177
f 135/8/58 134/8/57 85/8/177
f 40/8/57 321/8/56 38/8/178
f 141/8/57 322/8/179 323/8/179
f 141/8/57 323/8/179 321/8/56
f 87/9/63 324/9/59 83/9/172
f 140/9/63 39/9/59 136/9/59
f 134/8/57 86/8/64 85/8/177
f 178/8/64 40/8/57 41/8/64
f 145/8/67 101/8/180 88/8/181
f 173/8/89 43/8/65 55/8/182
f 89/9/88 325/9/69 90/9/183
f 174/9/90 44/9/69 147/9/69
f 91/9/184 152/9/74 118/9/185
f 326/9/186 47/9/187 327/9/187
f 155/8/77 93/8/188 92/8/189
f 204/8/116 46/8/190 68/8/116
f 158/8/78 94/8/191 96/8/192
f 205/8/117 328/8/78 48/8/117
f 115/9/193 161/9/82 95/9/194
f 329/9/195 49/9/196 330/9/196
f 163/8/84 96/8/192 97/8/197
f 156/8/78 51/8/83 328/8/78
f 95/9/194 165/9/85 98/9/85
f 330/9/196 52/9/85 170/9/85
f 168/8/87 97/8/197 99/8/198
f 162/8/83 53/8/86 51/8/83
f 98/9/85 331/9/63 100/9/88
f 170/9/85 54/9/63 171/9/63
f 144/8/66 99/8/198 101/8/180
f 167/8/86 55/8/182 53/8/86
f 100/9/88 332/9/90 89/9/88
f 171/9/63 42/9/90 174/9/90
f 102/9/60 333/9/63 87/9/63
f 177/9/60 334/9/63 140/9/63
f 142/8/94 103/8/199 86/8/200
f 183/8/96 41/8/201 57/8/202
f 104/9/95 335/9/60 102/9/60
f 182/9/95 56/9/60 177/9/60
f 179/8/93 105/8/203 103/8/199
f 186/8/98 57/8/202 59/8/204
f 90/9/183 336/9/95 104/9/95
f 147/9/69 58/9/95 182/9/95
f 184/8/97 88/8/181 105/8/203
f 143/8/65 59/8/204 43/8/65
f 122/9/205 228/9/140 107/9/206
f 189/9/101 60/9/99 187/9/99
f 192/8/104 106/8/207 108/8/208
f 226/8/138 62/8/209 61/8/138
f 123/9/210 337/9/211 110/9/212
f 195/9/107 63/9/105 193/9/105
f 198/8/110 109/8/213 111/8/214
f 227/8/139 65/8/108 64/8/139
f 110/9/212 201/9/113 112/9/215
f 193/9/105 66/9/216 338/9/217
f 200/8/112 111/8/214 113/8/218
f 196/8/108 67/8/219 65/8/108
f 112/9/215 149/9/71 91/9/184
f 338/9/217 45/9/186 326/9/186
f 154/8/76 113/8/218 93/8/188
f 199/8/111 68/8/116 67/8/219
f 157/8/79 116/8/220 94/8/191
f 210/8/122 48/8/117 70/8/122
f 114/9/221 159/9/80 115/9/193
f 339/9/222 50/9/195 329/9/195
f 206/8/118 340/8/223 116/8/220
f 215/8/127 70/8/122 72/8/127
f 117/9/224 207/9/119 114/9/221
f 341/9/225 69/9/222 339/9/222
f 211/8/123 92/8/189 340/8/223
f 153/8/75 72/8/127 46/8/190
f 118/9/185 212/9/124 117/9/224
f 327/9/187 71/9/225 341/9/225
f 342/9/226 225/9/137 120/9/227
f 220/9/132 73/9/39 218/9/130
f 219/9/131 119/8/228 221/8/133
f 220/9/132 74/8/40 73/9/39
f 224/8/136 119/8/228 121/8/229
f 222/8/134 75/8/230 74/8/40
f 120/9/227 188/9/100 122/9/205
f 218/9/130 76/9/231 189/9/101
f 191/8/103 121/8/229 106/8/207
f 223/8/135 61/8/138 75/8/230
f 197/8/109 108/8/208 109/8/213
f 190/8/102 64/8/139 62/8/209
f 107/9/206 194/9/106 123/9/210
f 187/9/99 77/9/232 195/9/107
f 246/18/141 343/1/162 10/1/142
f 16/1/143 344/18/233 229/18/141
f 250/19/234 264/14/53 126/14/53
f 125/14/53 345/19/234 230/19/144
f 231/20/145 346/20/235 286/21/146
f 243/21/149 347/20/236 244/20/150
f 248/22/151 348/18/151 246/18/151
f 229/18/151 349/22/151 245/22/151
f 266/23/164 350/22/237 248/22/153
f 245/22/154 278/23/152 247/23/152
f 252/24/238 351/19/156 250/19/156
f 230/19/156 352/24/156 249/24/155
f 275/25/167 353/24/239 252/24/158
f 249/24/158 269/25/165 251/25/157
f 255/26/159 346/20/159 231/20/159
f 244/20/159 354/26/159 253/26/159
f 315/27/171 355/26/161 255/26/161
f 253/26/161 356/27/170 254/27/160
f 321/8/240 357/8/241 262/29/242
f 259/8/243 358/8/243 319/8/244
f 124/13/245 359/49/246 360/13/247
f 321/8/240 323/8/248 361/8/249
f 323/8/248 362/8/250 361/8/249
f 322/8/251 363/50/252 362/8/250
f 321/8/240 361/8/249 357/8/241
f 362/8/250 357/8/241 361/8/249
f 363/50/252 364/8/253 362/8/250
f 364/8/253 262/29/242 357/8/241
f 365/49/253 263/28/254 364/8/253
f 259/8/243 261/29/255 366/8/256
f 261/29/255 367/8/257 366/8/256
f 260/28/258 359/49/259 367/8/257
f 259/8/243 366/8/256 358/8/243
f 367/8/257 358/8/243 366/8/256
f 359/49/259 368/8/260 367/8/257
f 368/8/260 319/8/244 358/8/243
f 369/50/261 320/8/262 368/8/260
f 365/49/263 369/50/246 359/49/246
f 363/50/264 135/8/265 369/50/246
f 370/51/55 235/21/146 234/21/146
f 304/40/55 371/52/55 303/41/55
f 372/52/55 293/40/55 294/41/55
f 373/53/55 374/9/266 375/54/55
f 376/9/168 377/53/55 378/54/55
f 379/55/55 240/21/147 380/51/55
f 287/35/55 381/17/55 382/16/55
f 286/21/146 383/56/55 384/21/146
f 286/21/146 384/21/146 231/20/145
f 383/56/55 385/57/55 384/21/146
f 385/57/55 232/21/146 384/21/146
f 385/57/55 233/21/146 232/21/146
f 386/55/55 234/21/146 233/21/146
f 237/21/146 387/58/55 388/59/55
f 236/21/146 389/60/55 387/58/55
f 390/58/55 237/21/146 388/59/55
f 391/60/55 238/21/146 390/58/55
f 380/51/55 239/21/146 391/60/55
f 242/21/146 392/61/55 243/21/149
f 241/21/148 393/57/55 242/21/146
f 394/62/55 306/12/55 307/45/55
f 307/45/55 395/63/55 394/62/55
f 308/46/55 132/17/55 395/63/55
f 392/61/55 310/48/55 243/21/149
f 396/64/55 309/47/55 310/48/55
f 300/43/55 397/65/55 318/9/168
f 302/42/55 398/66/55 300/43/55
f 303/41/55 399/67/55 302/42/55
f 400/68/55 306/12/55 401/12/55
f 402/69/55 305/39/55 400/68/55
f 403/9/267 404/70/55 405/71/55
f 406/9/268 407/72/55 404/70/55
f 408/9/269 378/54/55 407/72/55
f 397/65/55 409/9/168 318/9/168
f 410/73/55 411/9/270 409/9/168
f 412/70/55 403/9/267 405/71/55
f 413/72/55 414/9/271 412/70/55
f 375/54/55 415/9/272 413/72/55
f 416/9/168 417/65/55 283/9/168
f 418/9/273 419/73/55 416/9/168
f 417/65/55 296/43/55 283/9/168
f 420/66/55 295/42/55 296/43/55
f 421/67/55 294/41/55 295/42/55
f 422/68/55 291/12/55 292/39/55
f 292/39/55 423/69/55 422/68/55
f 290/38/55 424/12/55 425/62/55
f 289/37/55 425/62/55 426/63/55
f 288/36/55 426/63/55 381/17/55
f 383/56/55 285/34/55 427/61/55
f 285/34/55 428/64/55 427/61/55
f 382/16/55 285/34/55 287/35/55
f 274/31/166 353/24/239 275/25/167
f 429/74/38 351/19/38 274/31/166
f 351/19/38 38/8/38 264/14/38
f 274/31/166 430/11/38 429/74/38
f 276/10/38 34/4/38 430/11/38
f 257/1/38 431/75/38 344/18/38
f 281/30/38 344/18/38 431/75/38
f 344/18/38 278/23/38 349/22/38
f 37/7/38 281/30/38 431/75/38
f 311/32/38 38/8/38 429/74/38
f 312/33/38 429/74/38 430/11/38
f 313/12/38 430/11/38 34/4/38
f 299/44/169 347/20/236 243/21/149
f 431/75/38 354/26/38 299/44/169
f 354/26/38 316/2/38 356/27/38
f 37/7/38 299/44/169 36/6/38
f 265/30/163 350/22/237 266/23/164
f 432/75/41 348/18/41 265/30/163
f 348/18/41 256/2/41 343/1/41
f 265/30/163 433/7/41 432/75/41
f 267/3/41 79/4/41 433/7/41
f 258/14/41 434/74/41 345/19/41
f 273/31/41 345/19/41 434/74/41
f 345/19/41 269/25/41 352/24/41
f 81/11/41 273/31/41 434/74/41
f 314/27/41 432/75/41 355/26/41
f 297/44/41 355/26/41 432/75/41
f 355/26/41 286/21/41 346/20/41
f 433/7/41 297/44/41 432/75/41
f 79/4/41 298/6/41 433/7/41
f 282/32/41 84/8/43 317/9/274
f 284/33/41 434/74/41 282/32/41
f 272/30/54 247/23/152 277/30/54
f 271/3/54 277/30/54 279/3/54
f 270/5/54 279/3/54 128/5/54
f 280/31/54 251/25/157 268/31/54
f 129/10/54 268/31/54 127/10/54
f 330/9/196 435/9/275 329/9/195
f 435/9/275 436/9/276 329/9/195
f 436/9/276 339/9/222 329/9/195
f 437/9/277 438/9/278 339/9/222
f 439/9/279 170/9/85 440/9/280
f 341/9/225 438/9/278 441/9/281
f 441/9/281 327/9/187 341/9/225
f 442/9/282 443/9/283 327/9/187
f 443/9/283 326/9/186 327/9/187
f 444/9/284 445/9/285 326/9/186
f 445/9/285 338/9/217 326/9/186
f 446/9/286 447/9/287 338/9/217
f 448/9/288 337/9/211 449/9/289
f 447/9/287 193/9/105 338/9/217
f 193/9/105 450/9/290 337/9/211
f 337/9/211 450/9/290 449/9/289
f 165/9/85 451/9/291 331/9/63
f 451/9/291 452/9/62 331/9/63
f 332/9/90 452/9/62 453/9/292
f 453/9/292 325/9/69 332/9/90
f 454/9/293 455/9/183 325/9/69
f 336/9/95 455/9/183 456/9/95
f 456/9/95 335/9/60 336/9/95
f 457/9/292 458/9/60 335/9/60
f 458/9/60 333/9/63 335/9/60
f 459/9/55 460/9/62 333/9/63
f 460/9/62 324/9/59 333/9/63
f 461/9/294 462/9/295 324/9/59
f 324/9/59 463/9/296 464/9/297
f 465/9/298 416/9/168 466/9/299
f 136/9/59 409/9/168 376/9/168
s 0
f 409/9/300 411/9/300 376/9/300
f 376/9/300 406/9/300 414/9/300
f 406/9/301 403/9/302 414/9/271
f 414/9/300 374/9/300 416/9/300
f 374/9/266 418/9/303 416/9/168
s 1
f 414/9/304 136/9/59 376/9/168
f 416/9/168 464/9/297 466/9/299
f 324/9/59 464/9/297 283/9/168
f 467/4/305 468/3/306 469/5/306
f 470/6/307 467/4/305 471/12/307
f 472/9/308 473/8/309 474/9/310
f 475/9/311 473/8/309 476/8/312
f 477/8/313 478/9/314 479/9/315
f 480/9/316 481/8/317 482/8/318
f 483/8/319 484/9/320 485/8/321
f 486/8/322 484/9/320 487/9/323
f 488/8/324 487/9/323 489/9/325
f 490/8/326 489/9/325 478/9/314
f 491/9/327 476/8/312 492/8/328
f 493/9/329 492/8/328 494/8/330
f 479/9/315 494/8/330 477/8/313
f 495/8/331 496/9/332 497/8/333
f 498/8/334 499/9/335 500/8/336
f 500/8/336 501/9/337 502/8/337
f 501/9/337 482/8/318 502/8/337
f 483/8/319 503/9/338 504/9/339
f 505/8/340 506/9/341 503/9/338
f 507/8/342 508/9/343 506/9/341
f 509/8/344 510/9/345 511/8/346
f 511/8/346 512/9/347 495/8/331
f 513/9/348 497/8/333 496/9/332
f 514/4/349 515/10/350 516/5/350
f 517/12/351 518/11/349 514/4/349
f 519/9/352 520/8/353 521/8/354
f 520/8/353 522/9/355 523/8/356
f 524/9/357 525/8/358 526/9/359
f 527/9/360 528/8/361 529/9/362
f 530/8/363 531/9/364 532/9/365
f 531/9/364 533/8/366 534/9/367
f 534/9/367 535/8/368 536/9/369
f 536/9/369 537/8/370 524/9/357
f 523/8/356 538/9/371 539/8/372
f 539/8/372 540/9/373 541/8/374
f 541/8/374 526/9/359 525/8/358
f 542/9/375 543/8/376 544/8/377
f 545/9/378 546/8/379 547/8/380
f 548/9/381 547/8/380 549/8/382
f 548/9/381 550/8/383 527/9/360
f 530/8/363 551/9/384 552/8/385
f 552/8/385 553/9/386 554/8/387
f 554/8/387 529/9/362 528/8/361
f 555/9/388 556/8/389 557/8/390
f 558/9/391 557/8/390 543/8/376
f 544/8/377 559/9/392 542/9/375
f 24/1/52 29/2/52 25/1/52
f 560/13/393 561/14/394 562/14/395
f 563/10/396 564/5/397 565/5/396
f 566/16/54 567/15/398 568/17/54
f 569/8/399 570/8/400 571/8/401
f 572/9/402 573/9/403 574/9/404
f 575/9/405 573/9/403 576/9/406
f 577/8/407 578/8/408 569/8/399
f 579/8/409 580/8/410 581/8/411
f 582/9/412 583/9/413 584/9/414
f 585/9/415 586/9/416 587/9/417
f 588/9/418 587/9/417 586/9/416
f 589/8/419 590/8/420 591/8/421
f 592/8/422 593/8/423 594/8/424
f 595/9/425 596/9/426 597/9/427
f 594/8/424 598/8/428 599/8/429
f 597/9/427 600/9/430 595/9/425
f 601/9/431 600/9/430 602/9/432
f 599/8/429 603/8/433 604/8/434
f 605/9/435 606/9/436 607/9/437
f 608/9/438 607/9/437 606/9/436
f 604/8/434 609/8/439 579/8/409
f 608/9/438 610/9/440 607/9/437
f 583/9/413 610/9/440 611/9/441
f 576/9/406 612/9/54 575/9/405
f 613/8/442 614/8/443 577/8/444
f 615/9/445 616/9/446 617/9/54
f 618/9/447 617/9/54 616/9/446
f 619/8/448 620/8/449 613/8/442
f 621/9/414 618/9/447 584/9/414
f 582/9/412 584/9/414 618/9/447
f 581/8/411 622/8/450 619/8/448
f 623/9/451 624/9/452 625/9/453
f 626/8/454 627/8/455 628/8/456
f 629/9/457 630/9/458 631/9/459
f 632/8/460 633/8/461 634/8/462
f 634/8/462 635/8/463 636/8/464
f 637/9/465 638/9/466 639/9/467
f 586/9/416 639/9/467 638/9/466
f 636/8/464 640/8/468 589/8/419
f 641/8/469 642/8/470 592/8/422
f 643/9/471 644/9/472 645/9/473
f 596/9/426 644/9/472 646/9/474
f 647/8/475 648/8/476 641/8/469
f 649/9/477 650/9/478 643/9/471
f 646/9/474 643/9/471 650/9/478
f 591/8/421 651/8/479 647/8/475
f 652/9/480 588/9/418 653/9/481
f 650/9/478 653/9/481 588/9/418
f 654/9/482 655/9/483 656/9/484
f 657/9/485 658/8/486 655/9/483
f 658/8/486 659/8/487 660/8/488
f 661/9/489 656/9/484 624/9/452
f 660/8/488 662/8/490 626/8/454
f 628/8/456 663/8/491 632/8/460
f 664/9/492 625/9/453 630/9/458
f 665/18/493 27/1/494 666/18/495
f 667/19/496 561/14/394 668/19/497
f 669/21/498 670/20/499 671/21/500
f 672/21/501 670/20/499 673/21/502
f 674/21/503 670/20/499 675/21/504
f 676/21/505 670/20/499 677/21/506
f 678/21/507 670/20/499 679/21/508
f 680/21/509 670/20/499 681/21/510
f 682/20/511 681/21/510 670/20/499
f 683/22/512 666/18/513 684/22/514
f 685/23/515 684/22/516 686/23/517
f 687/24/518 668/19/519 688/24/519
f 689/25/520 688/24/521 690/25/522
f 691/26/523 670/20/524 692/26/524
f 693/27/525 692/26/526 694/27/527
f 27/1/494 695/2/528 696/1/529
f 697/2/530 28/1/531 698/1/532
f 562/14/395 521/8/533 699/8/534
f 560/13/393 700/29/535 701/28/536
f 699/8/534 700/29/535 562/14/395
f 702/29/537 703/8/538 704/28/539
f 705/13/540 703/8/538 706/14/541
f 706/14/541 561/14/394 705/13/540
f 686/23/517 707/30/542 708/3/543
f 709/25/544 710/31/545 563/10/396
f 709/25/544 565/5/396 711/3/546
f 711/3/546 686/23/517 709/25/544
f 709/25/544 515/10/547 712/31/548
f 516/5/543 686/23/517 708/3/543
f 690/25/522 713/31/549 714/10/550
f 715/23/551 716/30/552 717/3/397
f 715/23/551 564/5/397 718/10/553
f 718/10/553 690/25/522 715/23/551
f 715/23/551 468/3/554 719/30/555
f 469/5/550 690/25/522 714/10/550
f 720/9/556 721/32/557 722/33/558
f 723/21/559 724/34/560 725/35/560
f 723/21/559 726/36/560 727/37/560
f 723/21/559 728/38/560 729/12/560
f 723/21/559 730/39/560 731/40/560
f 723/21/559 732/41/560 733/42/560
f 723/21/559 734/43/560 720/9/556
f 723/21/559 735/6/561 736/44/562
f 517/12/558 720/9/556 722/33/558
f 681/21/510 737/44/563 470/6/564
f 472/9/565 738/43/398 739/42/398
f 472/9/565 740/41/398 741/40/398
f 472/9/565 742/39/398 743/12/398
f 472/9/565 744/45/398 745/46/398
f 472/9/565 567/15/398 746/47/566
f 472/9/565 747/48/567 681/21/510
f 748/32/568 681/21/510 749/33/569
f 471/12/564 681/21/510 470/6/564
f 30/2/570 750/27/571 695/2/528
f 751/27/572 32/2/573 697/2/530
f 720/9/556 752/9/574 519/9/575
f 474/9/576 753/9/577 472/9/565
f 754/8/578 521/8/579 755/8/580
f 571/8/401 521/8/579 520/8/581
f 520/8/581 569/8/399 571/8/401
f 578/8/408 703/8/582 756/8/583
f 570/8/400 757/8/584 758/8/585
f 756/8/583 757/8/584 578/8/408
f 759/9/586 522/9/587 752/9/574
f 475/9/588 573/9/403 474/9/576
f 523/8/589 569/8/399 520/8/581
f 473/8/590 614/8/591 476/8/592
f 537/8/593 581/8/411 525/8/594
f 477/8/595 609/8/439 490/8/596
f 760/9/597 524/9/598 526/9/599
f 478/9/600 582/9/412 479/9/601
f 588/9/418 527/9/602 529/9/603
f 761/9/604 508/9/605 480/9/606
f 550/8/607 591/8/421 528/8/608
f 481/8/609 640/8/468 482/8/610
f 530/8/611 594/8/424 762/8/612
f 593/8/423 483/8/613 485/8/614
f 597/9/427 532/9/615 531/9/616
f 763/9/617 484/9/618 504/9/619
f 762/8/612 599/8/429 533/8/620
f 486/8/621 593/8/423 485/8/614
f 602/9/432 531/9/616 534/9/622
f 484/9/618 605/9/435 487/9/623
f 533/8/620 604/8/434 535/8/624
f 603/8/433 486/8/621 488/8/625
f 764/9/626 534/9/622 536/9/627
f 487/9/623 607/9/437 489/9/628
f 535/8/624 579/8/409 537/8/593
f 609/8/439 488/8/625 490/8/596
f 765/9/629 536/9/627 524/9/598
f 489/9/628 610/9/440 478/9/600
f 766/9/630 538/9/631 522/9/587
f 491/9/632 576/9/406 475/9/588
f 539/8/633 577/8/444 523/8/634
f 476/8/635 620/8/449 492/8/636
f 767/9/637 540/9/638 538/9/631
f 493/9/639 616/9/446 491/9/632
f 541/8/640 613/8/442 539/8/633
f 492/8/636 622/8/450 494/8/641
f 768/9/642 526/9/599 540/9/638
f 479/9/601 618/9/447 493/9/639
f 525/8/594 619/8/448 541/8/640
f 622/8/450 477/8/595 494/8/641
f 625/9/453 558/9/643 542/9/644
f 512/9/645 623/9/451 496/9/646
f 543/8/647 628/8/456 544/8/648
f 627/8/455 495/8/649 497/8/650
f 631/9/459 559/9/651 545/9/652
f 513/9/653 629/9/457 499/9/654
f 546/8/655 634/8/462 547/8/656
f 633/8/461 498/8/657 500/8/658
f 638/9/466 545/9/652 548/9/659
f 629/9/457 501/9/660 499/9/654
f 547/8/656 636/8/464 549/8/661
f 502/8/662 633/8/461 500/8/658
f 586/9/416 548/9/659 527/9/602
f 501/9/660 761/9/604 480/9/606
f 549/8/661 589/8/419 550/8/607
f 640/8/468 502/8/662 482/8/610
f 552/8/663 592/8/422 530/8/611
f 483/8/613 648/8/476 505/8/664
f 596/9/426 551/9/665 532/9/615
f 503/9/666 763/9/617 504/9/619
f 554/8/667 641/8/469 552/8/663
f 505/8/664 651/8/479 507/8/668
f 646/9/474 553/9/669 551/9/665
f 506/9/670 769/9/671 503/9/666
f 528/8/608 647/8/475 554/8/667
f 651/8/479 481/8/609 507/8/668
f 650/9/478 529/9/603 553/9/669
f 770/9/672 506/9/670 508/9/605
f 656/9/484 771/9/673 555/9/674
f 657/9/485 510/9/675 772/9/676
f 655/9/483 556/8/677 771/9/673
f 509/8/678 657/9/485 772/9/676
f 556/8/677 660/8/488 557/8/679
f 511/8/680 773/8/681 509/8/678
f 624/9/452 555/9/674 558/9/643
f 654/9/482 512/9/645 510/9/675
f 557/8/679 626/8/454 543/8/647
f 495/8/649 659/8/487 511/8/680
f 544/8/648 632/8/460 546/8/655
f 663/8/491 497/8/650 498/8/657
f 630/9/458 542/9/644 559/9/651
f 623/9/451 513/9/653 496/9/646
f 666/18/495 696/1/529 774/18/682
f 698/1/532 665/18/493 775/18/683
f 668/19/497 706/14/541 776/19/684
f 777/14/685 667/19/496 778/19/686
f 723/21/559 779/20/687 670/20/499
f 780/21/688 682/20/511 781/20/689
f 684/22/514 774/18/690 782/22/691
f 665/18/512 783/22/692 775/18/693
f 684/22/516 707/30/542 686/23/517
f 683/22/694 715/23/551 783/22/695
f 784/24/696 668/19/519 776/19/696
f 667/19/518 785/24/697 778/19/697
f 786/25/698 688/24/521 784/24/699
f 687/24/700 709/25/544 785/24/701
f 787/26/702 670/20/524 779/20/703
f 781/20/704 691/26/523 788/26/704
f 694/27/527 787/26/705 750/27/571
f 788/26/706 693/27/525 751/27/572
f 702/29/707 789/8/708 756/8/709
f 754/8/710 790/8/711 699/8/712
f 791/49/713 705/13/714 560/13/715
f 792/8/716 757/8/717 756/8/709
f 758/8/718 792/8/716 793/8/719
f 794/50/720 758/8/718 793/8/719
f 789/8/708 792/8/716 756/8/709
f 793/8/719 789/8/708 795/8/721
f 794/50/720 795/8/721 796/49/722
f 704/28/723 789/8/708 702/29/707
f 796/49/722 704/28/723 705/13/724
f 797/8/725 700/29/726 699/8/712
f 701/28/727 797/8/725 798/8/728
f 791/49/729 701/28/727 798/8/728
f 790/8/711 797/8/725 699/8/712
f 798/8/728 790/8/711 799/8/730
f 791/49/729 799/8/730 800/50/731
f 755/8/732 790/8/711 754/8/710
f 800/50/731 755/8/732 571/8/733
f 800/50/734 796/49/735 791/49/713
f 571/8/736 794/50/737 800/50/734
f 673/21/502 801/51/738 672/21/501
f 802/52/54 741/40/398 740/41/398
f 731/40/560 803/52/54 732/41/560
f 804/9/739 805/53/54 806/54/54
f 807/53/54 808/9/740 809/54/54
f 678/21/507 810/55/741 811/51/742
f 725/35/560 812/17/54 726/36/560
f 813/56/743 723/21/559 814/21/744
f 670/20/499 814/21/744 723/21/559
f 815/57/745 813/56/743 814/21/744
f 814/21/744 669/21/498 815/57/745
f 671/21/500 815/57/745 669/21/498
f 672/21/501 816/55/746 671/21/500
f 817/58/747 675/21/504 818/59/748
f 819/60/749 674/21/503 817/58/747
f 675/21/504 820/58/750 818/59/748
f 676/21/505 821/60/751 820/58/750
f 677/21/506 811/51/742 821/60/751
f 822/61/752 680/21/509 681/21/510
f 823/57/753 679/21/508 680/21/509
f 824/62/54 743/12/398 825/12/54
f 826/63/54 744/45/398 824/62/54
f 568/17/54 745/46/398 826/63/54
f 747/48/567 822/61/752 681/21/510
f 746/47/566 827/64/754 747/48/567
f 828/65/54 738/43/398 753/9/577
f 829/66/54 739/42/398 738/43/398
f 830/67/54 740/41/398 739/42/398
f 743/12/398 831/68/54 825/12/54
f 742/39/398 832/69/54 831/68/54
f 833/70/54 834/9/755 835/71/54
f 836/72/54 837/9/756 833/70/54
f 809/54/54 838/9/757 836/72/54
f 839/9/740 828/65/54 753/9/577
f 840/9/758 841/73/54 839/9/740
f 834/9/755 842/70/54 835/71/54
f 843/9/759 844/72/54 842/70/54
f 845/9/760 806/54/54 844/72/54
f 846/65/54 847/9/740 720/9/556
f 848/73/54 849/9/761 847/9/740
f 734/43/560 846/65/54 720/9/556
f 733/42/560 850/66/54 734/43/560
f 732/41/560 851/67/54 733/42/560
f 852/68/54 729/12/560 853/12/54
f 854/69/54 730/39/560 852/68/54
f 728/38/560 853/12/54 729/12/560
f 727/37/560 855/62/54 728/38/560
f 726/36/560 856/63/54 727/37/560
f 724/34/560 813/56/743 857/61/762
f 857/61/762 858/64/54 724/34/560
f 859/16/54 724/34/560 858/64/54
f 784/24/763 713/31/764 786/25/765
f 860/74/766 776/19/767 703/8/768
f 706/14/769 703/8/768 776/19/767
f 861/11/305 713/31/764 860/74/766
f 467/4/305 714/10/306 861/11/305
f 697/2/770 775/18/771 862/75/772
f 719/30/773 775/18/771 715/23/774
f 783/22/775 715/23/774 775/18/771
f 719/30/773 863/7/305 862/75/772
f 472/9/308 860/74/766 703/8/768
f 749/33/307 860/74/766 748/32/776
f 471/12/307 861/11/305 749/33/307
f 781/20/777 737/44/778 780/21/779
f 697/2/770 737/44/778 788/26/780
f 751/27/781 697/2/770 788/26/780
f 863/7/305 737/44/778 862/75/772
f 695/2/782 707/30/542 774/18/783
f 696/1/784 695/2/782 774/18/783
f 864/7/349 707/30/542 865/75/785
f 514/4/349 708/3/350 864/7/349
f 521/8/354 778/19/786 866/74/787
f 712/31/788 778/19/786 709/25/789
f 785/24/790 709/25/789 778/19/786
f 712/31/788 518/11/349 866/74/787
f 695/2/782 787/26/791 865/75/785
f 736/44/792 787/26/791 723/21/793
f 779/20/794 723/21/793 787/26/791
f 736/44/792 864/7/349 865/75/785
f 735/6/351 514/4/349 864/7/349
f 521/8/354 721/32/795 519/9/352
f 866/74/787 722/33/351 721/32/795
f 867/30/796 685/23/515 686/23/517
f 711/3/546 716/30/552 867/30/796
f 565/5/396 717/3/397 711/3/546
f 868/31/797 689/25/520 690/25/522
f 718/10/553 710/31/545 868/31/797
f 869/9/798 870/9/799 763/9/617
f 763/9/617 871/9/800 869/9/798
f 871/9/800 769/9/671 872/9/801
f 769/9/671 873/9/802 872/9/801
f 605/9/435 874/9/803 875/9/431
f 873/9/802 876/9/804 877/9/805
f 877/9/805 770/9/672 878/9/806
f 770/9/672 879/9/807 878/9/806
f 879/9/807 761/9/604 880/9/808
f 761/9/604 881/9/809 880/9/808
f 881/9/809 882/9/810 883/9/811
f 882/9/810 884/9/812 883/9/811
f 631/9/459 885/9/813 886/9/814
f 884/9/812 629/9/457 887/9/815
f 888/9/816 629/9/457 631/9/459
f 886/9/814 888/9/816 631/9/459
f 889/9/817 602/9/432 764/9/626
f 764/9/626 890/9/405 889/9/817
f 890/9/405 765/9/629 891/9/818
f 891/9/818 760/9/597 892/9/819
f 760/9/597 893/9/820 892/9/819
f 893/9/820 768/9/642 894/9/821
f 894/9/821 767/9/637 895/9/818
f 767/9/637 896/9/445 895/9/818
f 896/9/445 766/9/630 897/9/54
f 766/9/630 898/9/405 897/9/54
f 898/9/405 759/9/586 899/9/402
f 759/9/586 900/9/822 899/9/402
f 901/9/823 759/9/586 902/9/823
f 903/9/824 847/9/740 573/9/403
f 839/9/740 573/9/403 808/9/740
f 808/9/740 840/9/758 839/9/740
f 837/9/756 808/9/740 843/9/759
f 843/9/759 834/9/755 837/9/756
f 804/9/739 843/9/759 847/9/740
f 847/9/740 849/9/761 804/9/739
f 843/9/759 573/9/403 847/9/740
f 847/9/740 902/9/823 720/9/556
f 720/9/556 902/9/823 759/9/586
f 131/16/825 568/17/826 132/17/826
f 465/9/827 572/9/828 137/9/829
f 138/9/830 572/9/828 574/9/831
f 138/9/830 575/9/832 139/9/833
f 148/9/834 583/9/835 146/9/836
f 150/9/837 639/9/838 585/9/839
f 150/9/840 587/9/841 151/9/842
f 160/9/843 644/9/844 595/9/845
f 160/9/843 600/9/846 164/9/847
f 166/9/848 600/9/846 601/9/848
f 440/9/41 606/9/849 875/9/41
f 172/9/850 606/9/849 169/9/851
f 172/9/850 611/9/852 608/9/853
f 175/9/854 583/9/835 611/9/852
f 139/9/833 612/9/855 176/9/856
f 176/9/856 615/9/857 180/9/858
f 181/9/859 615/9/857 617/9/860
f 181/9/859 621/9/861 185/9/862
f 148/9/834 621/9/861 584/9/863
f 202/9/864 885/9/865 637/9/866
f 202/9/864 639/9/838 203/9/867
f 208/9/868 643/9/869 645/9/870
f 209/9/871 645/9/872 644/9/873
f 213/9/874 653/9/875 649/9/876
f 213/9/874 643/9/869 214/9/877
f 216/9/878 587/9/841 652/9/879
f 216/9/878 653/9/875 217/9/880
f 254/27/881 694/27/881 315/27/881
f 315/27/882 30/2/883 12/2/884
f 254/27/885 32/2/886 693/27/887
f 370/51/888 819/60/889 389/60/889
f 402/69/890 802/52/891 371/52/891
f 372/52/892 854/69/893 423/69/893
f 375/54/894 805/53/895 373/53/895
f 377/53/896 809/54/897 378/54/897
f 380/51/898 810/55/899 379/55/899
f 381/17/900 859/16/901 382/16/901
f 427/61/902 815/57/903 385/57/903
f 385/57/903 816/55/904 386/55/904
f 386/55/904 801/51/888 370/51/888
f 387/58/905 818/59/52 388/59/52
f 389/60/889 817/58/906 387/58/905
f 388/59/52 820/58/907 390/58/908
f 391/60/909 820/58/907 821/60/909
f 380/51/898 821/60/909 811/51/910
f 393/57/911 822/61/912 392/61/912
f 379/55/899 823/57/911 393/57/911
f 394/62/913 825/12/41 401/12/41
f 395/63/914 824/62/913 394/62/913
f 132/17/826 826/63/914 395/63/914
f 392/61/912 827/64/915 396/64/915
f 396/64/915 566/16/825 131/16/825
f 398/66/916 828/65/917 397/65/917
f 399/67/918 829/66/916 398/66/916
f 371/52/891 830/67/918 399/67/918
f 401/12/41 831/68/919 400/68/919
f 400/68/919 832/69/890 402/69/890
f 404/70/920 835/71/51 405/71/51
f 407/72/921 833/70/920 404/70/920
f 378/54/897 836/72/921 407/72/921
f 397/65/917 841/73/922 410/73/922
f 410/73/922 807/53/896 377/53/896
f 405/71/51 842/70/923 412/70/923
f 412/70/923 844/72/924 413/72/924
f 413/72/924 806/54/894 375/54/894
f 419/73/925 846/65/926 417/65/926
f 373/53/895 848/73/925 419/73/925
f 417/65/926 850/66/927 420/66/927
f 420/66/927 851/67/928 421/67/928
f 421/67/928 803/52/892 372/52/892
f 422/68/929 853/12/38 424/12/38
f 423/69/893 852/68/929 422/68/929
f 424/12/38 855/62/930 425/62/930
f 425/62/930 856/63/931 426/63/931
f 426/63/931 812/17/900 381/17/900
f 428/64/932 857/61/902 427/61/902
f 382/16/901 858/64/933 428/64/932
f 14/2/934 30/2/935 32/2/934
f 439/9/41 869/9/936 435/9/937
f 435/9/937 871/9/938 436/9/939
f 437/9/940 871/9/938 872/9/941
f 437/9/940 873/9/942 438/9/943
f 439/9/41 875/9/41 874/9/41
f 438/9/943 877/9/944 441/9/945
f 442/9/946 877/9/944 878/9/947
f 442/9/946 879/9/948 443/9/949
f 444/9/950 879/9/948 880/9/951
f 444/9/950 881/9/952 445/9/953
f 446/9/954 881/9/952 883/9/955
f 446/9/954 884/9/956 447/9/957
f 904/9/958 884/9/956 887/9/959
f 904/9/958 888/9/960 450/9/961
f 450/9/961 886/9/962 449/9/963
f 449/9/963 885/9/865 448/9/964
f 451/9/965 601/9/848 889/9/966
f 452/9/967 889/9/966 890/9/968
f 452/9/967 891/9/969 453/9/970
f 454/9/971 891/9/969 892/9/972
f 455/9/973 892/9/972 893/9/974
f 456/9/975 893/9/974 894/9/976
f 456/9/975 895/9/977 457/9/978
f 457/9/978 896/9/979 458/9/979
f 458/9/979 897/9/980 459/9/981
f 460/9/982 897/9/980 898/9/983
f 460/9/982 899/9/984 461/9/985
f 462/9/986 899/9/984 900/9/987
f 463/9/988 900/9/987 901/9/989
f 464/9/990 901/9/989 902/9/990
f 465/9/827 905/9/991 903/9/992
f 464/9/990 905/9/991 466/9/993
f 33/3/38 37/7/38 34/4/38
f 36/6/38 313/12/38 34/4/38
f 38/8/38 301/9/38 39/9/38
f 39/9/38 334/9/38 41/8/38
f 42/9/38 55/8/38 43/8/38
f 45/9/38 68/8/38 46/8/38
f 48/8/38 328/8/38 49/9/38
f 49/9/38 328/8/38 51/8/38
f 52/9/38 51/8/38 53/8/38
f 54/9/38 53/8/38 55/8/38
f 41/8/38 334/9/38 56/9/38
f 57/8/38 56/9/38 58/9/38
f 59/8/38 58/9/38 44/9/38
f 60/9/38 76/9/38 61/8/38
f 63/9/38 77/9/38 64/8/38
f 66/9/38 63/9/38 65/8/38
f 66/9/38 67/8/38 68/8/38
f 48/8/38 50/9/38 69/9/38
f 70/8/38 69/9/38 71/9/38
f 46/8/38 72/8/38 71/9/38
f 76/9/38 73/9/39 75/8/38
f 62/8/38 64/8/38 77/9/38
f 78/10/41 81/11/41 79/4/41
f 81/11/41 284/33/41 82/12/41
f 83/9/42 317/9/274 84/8/43
f 83/9/42 85/8/44 86/8/45
f 88/8/46 101/8/46 89/9/45
f 91/9/46 118/9/47 92/8/46
f 94/8/46 115/9/46 95/9/46
f 97/8/46 96/8/46 95/9/46
f 99/8/46 97/8/46 98/9/46
f 101/8/46 99/8/46 100/9/45
f 102/9/46 87/9/45 86/8/45
f 104/9/46 102/9/46 103/8/45
f 90/9/46 104/9/46 105/8/46
f 106/8/48 122/9/48 107/9/46
f 109/8/46 123/9/46 110/9/46
f 111/8/46 110/9/46 112/9/46
f 112/9/46 91/9/46 93/8/47
f 94/8/46 116/8/46 114/9/46
f 116/8/46 340/8/45 117/9/46
f 117/9/46 340/8/45 92/8/46
f 119/8/49 342/9/47 120/9/46
f 121/8/50 120/9/46 122/9/48
f 123/9/46 109/8/46 108/8/46
f 9/1/51 11/1/51 13/2/51
f 124/13/52 360/13/52 125/14/53
f 127/10/54 270/5/54 128/5/54
f 130/15/55 309/47/55 131/16/55
f 133/8/56 141/8/57 134/8/57
f 136/9/59 465/9/298 137/9/60
f 136/9/59 138/9/61 139/9/62
f 141/8/57 178/8/64 142/8/64
f 143/8/65 173/8/89 144/8/66
f 146/9/68 174/9/90 147/9/69
f 149/9/71 203/9/115 150/9/72
f 153/8/75 204/8/116 154/8/76
f 156/8/78 205/8/117 157/8/79
f 159/9/80 209/9/121 160/9/81
f 162/8/83 156/8/78 158/8/78
f 161/9/82 160/9/81 164/9/69
f 167/8/86 162/8/83 163/8/84
f 169/9/69 440/9/280 170/9/85
f 173/8/89 167/8/86 168/8/87
f 172/9/88 171/9/63 174/9/90
f 140/9/63 139/9/62 176/9/55
f 178/8/92 183/8/96 179/8/93
f 177/9/60 176/9/55 180/9/55
f 183/8/96 186/8/98 184/8/97
f 182/9/95 181/9/55 185/9/70
f 186/8/98 143/8/65 145/8/67
f 187/9/99 228/9/140 188/9/100
f 190/8/102 226/8/138 191/8/103
f 193/9/105 337/9/211 194/9/106
f 196/8/108 227/8/139 197/8/109
f 199/8/111 196/8/108 198/8/110
f 201/9/113 448/9/288 202/9/114
f 204/8/116 199/8/111 200/8/112
f 205/8/117 210/8/122 206/8/118
f 207/9/119 214/9/126 208/9/120
f 210/8/122 215/8/127 211/8/123
f 212/9/124 217/9/129 213/9/125
f 215/8/127 153/8/75 155/8/77
f 152/9/74 151/9/73 216/9/128
f 218/9/130 225/9/137 219/9/131
f 220/9/132 219/9/131 221/8/133
f 223/8/135 222/8/134 221/8/133
f 189/9/101 188/9/100 225/9/137
f 226/8/138 223/8/135 224/8/136
f 227/8/139 190/8/102 192/8/104
f 195/9/107 194/9/106 228/9/140
f 229/18/141 246/18/141 10/1/142
f 230/19/144 250/19/234 126/14/53
f 231/20/145 384/21/146 232/21/146
f 231/20/145 233/21/146 234/21/146
f 231/20/145 235/21/146 236/21/146
f 231/20/145 237/21/146 238/21/146
f 231/20/145 239/21/146 240/21/147
f 231/20/145 241/21/148 242/21/146
f 245/22/151 248/22/151 246/18/151
f 247/23/152 266/23/164 248/22/153
f 249/24/155 252/24/238 250/19/156
f 251/25/157 275/25/167 252/24/158
f 253/26/159 255/26/159 231/20/159
f 254/27/160 315/27/171 255/26/161
f 10/1/142 343/1/162 256/2/51
f 14/2/51 316/2/51 257/1/162
f 258/14/53 125/14/53 259/8/52
f 125/14/53 360/13/52 260/28/52
f 38/8/52 321/8/52 262/29/52
f 263/28/52 124/13/52 264/14/53
f 268/31/54 251/25/157 269/25/165
f 270/5/54 127/10/54 269/25/165
f 272/30/54 271/3/54 269/25/165
f 266/23/164 269/25/165 273/31/54
f 266/23/164 78/10/54 80/5/54
f 277/30/54 247/23/152 278/23/152
f 128/5/54 279/3/54 278/23/152
f 280/31/54 129/10/54 278/23/152
f 275/25/167 278/23/152 281/30/54
f 275/25/167 33/3/54 35/5/54
f 282/32/55 317/9/173 283/9/168
f 285/34/55 906/76/55 286/21/146
f 288/36/55 287/35/55 286/21/146
f 290/38/55 289/37/55 286/21/146
f 292/39/55 291/12/55 286/21/146
f 294/41/55 293/40/55 286/21/146
f 296/43/55 295/42/55 286/21/146
f 283/9/168 286/21/146 297/44/55
f 283/9/168 298/6/55 82/12/55
f 300/43/55 318/9/168 301/9/168
f 303/41/55 302/42/55 301/9/168
f 305/39/55 304/40/55 301/9/168
f 307/45/55 306/12/55 301/9/168
f 130/15/55 308/46/55 301/9/168
f 310/48/55 309/47/55 301/9/168
f 243/21/149 301/9/168 311/32/55
f 243/21/149 312/33/55 313/12/55
f 12/2/51 256/2/51 314/27/170
f 254/27/160 356/27/170 316/2/51
f 83/9/172 324/9/59 283/9/168
f 136/9/59 39/9/59 301/9/168
f 84/8/174 259/8/175 319/8/175
f 84/8/174 320/8/176 135/8/58
f 40/8/57 141/8/57 321/8/56
f 141/8/57 133/8/56 322/8/179
f 87/9/63 333/9/63 324/9/59
f 140/9/63 334/9/63 39/9/59
f 134/8/57 142/8/64 86/8/64
f 178/8/64 141/8/57 40/8/57
f 145/8/67 144/8/66 101/8/180
f 173/8/89 143/8/65 43/8/65
f 89/9/88 332/9/90 325/9/69
f 174/9/90 42/9/90 44/9/69
f 91/9/184 149/9/71 152/9/74
f 326/9/186 45/9/186 47/9/187
f 155/8/77 154/8/76 93/8/188
f 204/8/116 153/8/75 46/8/190
f 158/8/78 157/8/79 94/8/191
f 205/8/117 156/8/78 328/8/78
f 115/9/193 159/9/80 161/9/82
f 329/9/195 50/9/195 49/9/196
f 163/8/84 158/8/78 96/8/192
f 156/8/78 162/8/83 51/8/83
f 95/9/194 161/9/82 165/9/85
f 330/9/196 49/9/196 52/9/85
f 168/8/87 163/8/84 97/8/197
f 162/8/83 167/8/86 53/8/86
f 98/9/85 165/9/85 331/9/63
f 170/9/85 52/9/85 54/9/63
f 144/8/66 168/8/87 99/8/198
f 167/8/86 173/8/89 55/8/182
f 100/9/88 331/9/63 332/9/90
f 171/9/63 54/9/63 42/9/90
f 102/9/60 335/9/60 333/9/63
f 177/9/60 56/9/60 334/9/63
f 142/8/94 179/8/93 103/8/199
f 183/8/96 178/8/92 41/8/201
f 104/9/95 336/9/95 335/9/60
f 182/9/95 58/9/95 56/9/60
f 179/8/93 184/8/97 105/8/203
f 186/8/98 183/8/96 57/8/202
f 90/9/183 325/9/69 336/9/95
f 147/9/69 44/9/69 58/9/95
f 184/8/97 145/8/67 88/8/181
f 143/8/65 186/8/98 59/8/204
f 122/9/205 188/9/100 228/9/140
f 189/9/101 76/9/231 60/9/99
f 192/8/104 191/8/103 106/8/207
f 226/8/138 190/8/102 62/8/209
f 123/9/210 194/9/106 337/9/211
f 195/9/107 77/9/232 63/9/105
f 198/8/110 197/8/109 109/8/213
f 227/8/139 196/8/108 65/8/108
f 110/9/212 337/9/211 201/9/113
f 193/9/105 63/9/105 66/9/216
f 200/8/112 198/8/110 111/8/214
f 196/8/108 199/8/111 67/8/219
f 112/9/215 201/9/113 149/9/71
f 338/9/217 66/9/216 45/9/186
f 154/8/76 200/8/112 113/8/218
f 199/8/111 204/8/116 68/8/116
f 157/8/79 206/8/118 116/8/220
f 210/8/122 205/8/117 48/8/117
f 114/9/221 207/9/119 159/9/80
f 339/9/222 69/9/222 50/9/195
f 206/8/118 211/8/123 340/8/223
f 215/8/127 210/8/122 70/8/122
f 117/9/224 212/9/124 207/9/119
f 341/9/225 71/9/225 69/9/222
f 211/8/123 155/8/77 92/8/189
f 153/8/75 215/8/127 72/8/127
f 118/9/185 152/9/74 212/9/124
f 327/9/187 47/9/187 71/9/225
f 342/9/226 219/9/131 225/9/137
f 219/9/131 342/9/226 119/8/228
f 224/8/136 221/8/133 119/8/228
f 222/8/134 223/8/135 75/8/230
f 120/9/227 225/9/137 188/9/100
f 218/9/130 73/9/39 76/9/231
f 191/8/103 224/8/136 121/8/229
f 223/8/135 226/8/138 61/8/138
f 197/8/109 192/8/104 108/8/208
f 190/8/102 227/8/139 64/8/139
f 107/9/206 228/9/140 194/9/106
f 187/9/99 60/9/99 77/9/232
f 246/18/141 348/18/141 343/1/162
f 16/1/143 257/1/162 344/18/233
f 250/19/234 351/19/234 264/14/53
f 125/14/53 258/14/53 345/19/234
f 248/22/151 350/22/151 348/18/151
f 229/18/151 344/18/151 349/22/151
f 245/22/154 349/22/994 278/23/152
f 252/24/238 353/24/995 351/19/156
f 230/19/156 345/19/996 352/24/156
f 249/24/158 352/24/158 269/25/165
f 255/26/159 355/26/159 346/20/159
f 244/20/159 347/20/159 354/26/159
f 315/27/171 314/27/170 355/26/161
f 253/26/161 354/26/161 356/27/170
f 124/13/245 365/49/263 359/49/246
f 323/8/248 322/8/251 362/8/250
f 322/8/251 133/8/997 363/50/252
f 362/8/250 364/8/253 357/8/241
f 363/50/252 365/49/253 364/8/253
f 364/8/253 263/28/254 262/29/242
f 365/49/253 124/13/998 263/28/254
f 261/29/255 260/28/258 367/8/257
f 260/28/258 360/13/999 359/49/259
f 367/8/257 368/8/260 358/8/243
f 359/49/259 369/50/261 368/8/260
f 368/8/260 320/8/262 319/8/244
f 369/50/261 135/8/1000 320/8/262
f 365/49/263 363/50/264 369/50/246
f 363/50/264 133/8/1001 135/8/265
f 370/51/55 389/60/55 235/21/146
f 304/40/55 402/69/55 371/52/55
f 372/52/55 423/69/55 293/40/55
f 373/53/55 418/9/273 374/9/266
f 376/9/168 411/9/270 377/53/55
f 379/55/55 241/21/148 240/21/147
f 287/35/55 288/36/55 381/17/55
f 286/21/146 906/76/55 383/56/55
f 383/56/55 427/61/55 385/57/55
f 385/57/55 386/55/55 233/21/146
f 386/55/55 370/51/55 234/21/146
f 237/21/146 236/21/146 387/58/55
f 236/21/146 235/21/146 389/60/55
f 390/58/55 238/21/146 237/21/146
f 391/60/55 239/21/146 238/21/146
f 380/51/55 240/21/147 239/21/146
f 242/21/146 393/57/55 392/61/55
f 241/21/148 379/55/55 393/57/55
f 394/62/55 401/12/55 306/12/55
f 307/45/55 308/46/55 395/63/55
f 308/46/55 130/15/55 132/17/55
f 392/61/55 396/64/55 310/48/55
f 396/64/55 131/16/55 309/47/55
f 300/43/55 398/66/55 397/65/55
f 302/42/55 399/67/55 398/66/55
f 303/41/55 371/52/55 399/67/55
f 400/68/55 305/39/55 306/12/55
f 402/69/55 304/40/55 305/39/55
f 403/9/267 406/9/268 404/70/55
f 406/9/268 408/9/269 407/72/55
f 408/9/269 376/9/168 378/54/55
f 397/65/55 410/73/55 409/9/168
f 410/73/55 377/53/55 411/9/270
f 412/70/55 414/9/271 403/9/267
f 413/72/55 415/9/272 414/9/271
f 375/54/55 374/9/266 415/9/272
f 416/9/168 419/73/55 417/65/55
f 418/9/273 373/53/55 419/73/55
f 417/65/55 420/66/55 296/43/55
f 420/66/55 421/67/55 295/42/55
f 421/67/55 372/52/55 294/41/55
f 422/68/55 424/12/55 291/12/55
f 292/39/55 293/40/55 423/69/55
f 290/38/55 291/12/55 424/12/55
f 289/37/55 290/38/55 425/62/55
f 288/36/55 289/37/55 426/63/55
f 383/56/55 906/76/55 285/34/55
f 382/16/55 428/64/55 285/34/55
f 429/74/38 38/8/38 351/19/38
f 274/31/166 276/10/38 430/11/38
f 276/10/38 35/5/38 34/4/38
f 257/1/38 316/2/38 431/75/38
f 281/30/38 278/23/38 344/18/38
f 37/7/38 33/3/38 281/30/38
f 311/32/38 301/9/38 38/8/38
f 312/33/38 311/32/38 429/74/38
f 313/12/38 312/33/38 430/11/38
f 431/75/38 316/2/38 354/26/38
f 37/7/38 431/75/38 299/44/169
f 432/75/41 256/2/41 348/18/41
f 265/30/163 267/3/41 433/7/41
f 267/3/41 80/5/41 79/4/41
f 258/14/41 84/8/43 434/74/41
f 273/31/41 269/25/41 345/19/41
f 81/11/41 78/10/41 273/31/41
f 314/27/41 256/2/41 432/75/41
f 297/44/41 286/21/41 355/26/41
f 433/7/41 298/6/41 297/44/41
f 79/4/41 82/12/41 298/6/41
f 282/32/41 434/74/41 84/8/43
f 284/33/41 81/11/41 434/74/41
f 272/30/54 266/23/164 247/23/152
f 271/3/54 272/30/54 277/30/54
f 270/5/54 271/3/54 279/3/54
f 280/31/54 275/25/167 251/25/157
f 129/10/54 280/31/54 268/31/54
f 330/9/196 439/9/279 435/9/275
f 436/9/276 437/9/277 339/9/222
f 439/9/279 330/9/196 170/9/85
f 341/9/225 339/9/222 438/9/278
f 441/9/281 442/9/282 327/9/187
f 443/9/283 444/9/284 326/9/186
f 445/9/285 446/9/286 338/9/217
f 448/9/288 201/9/113 337/9/211
f 447/9/287 904/9/1002 193/9/105
f 193/9/105 904/9/1002 450/9/290
f 165/9/85 166/9/85 451/9/291
f 332/9/90 331/9/63 452/9/62
f 453/9/292 454/9/293 325/9/69
f 336/9/95 325/9/69 455/9/183
f 456/9/95 457/9/292 335/9/60
f 458/9/60 459/9/55 333/9/63
f 460/9/62 461/9/294 324/9/59
f 324/9/59 462/9/295 463/9/296
f 465/9/298 136/9/59 416/9/168
f 136/9/59 318/9/168 409/9/168
s 0
f 376/9/300 408/9/300 406/9/300
f 414/9/304 415/9/272 374/9/1003
s 1
f 414/9/304 416/9/168 136/9/59
f 416/9/168 283/9/168 464/9/297
f 467/4/305 863/7/305 468/3/306
f 470/6/307 863/7/305 467/4/305
f 472/9/308 703/8/768 473/8/309
f 475/9/311 474/9/310 473/8/309
f 477/8/313 490/8/326 478/9/314
f 480/9/316 508/9/343 481/8/317
f 483/8/319 504/9/339 484/9/320
f 486/8/322 485/8/321 484/9/320
f 488/8/324 486/8/322 487/9/323
f 490/8/326 488/8/324 489/9/325
f 491/9/327 475/9/311 476/8/312
f 493/9/329 491/9/327 492/8/328
f 479/9/315 493/9/329 494/8/330
f 495/8/331 512/9/347 496/9/332
f 498/8/334 513/9/348 499/9/335
f 500/8/336 499/9/335 501/9/337
f 501/9/337 480/9/316 482/8/318
f 483/8/319 505/8/340 503/9/338
f 505/8/340 507/8/342 506/9/341
f 507/8/342 481/8/317 508/9/343
f 509/8/344 772/9/1004 510/9/345
f 511/8/346 510/9/345 512/9/347
f 513/9/348 498/8/334 497/8/333
f 514/4/349 518/11/349 515/10/350
f 517/12/351 722/33/351 518/11/349
f 519/9/352 752/9/1005 520/8/353
f 520/8/353 752/9/1005 522/9/355
f 524/9/357 537/8/370 525/8/358
f 527/9/360 550/8/383 528/8/361
f 530/8/363 762/8/1006 531/9/364
f 531/9/364 762/8/1006 533/8/366
f 534/9/367 533/8/366 535/8/368
f 536/9/369 535/8/368 537/8/370
f 523/8/356 522/9/355 538/9/371
f 539/8/372 538/9/371 540/9/373
f 541/8/374 540/9/373 526/9/359
f 542/9/375 558/9/391 543/8/376
f 545/9/378 559/9/392 546/8/379
f 548/9/381 545/9/378 547/8/380
f 548/9/381 549/8/382 550/8/383
f 530/8/363 532/9/365 551/9/384
f 552/8/385 551/9/384 553/9/386
f 554/8/387 553/9/386 529/9/362
f 555/9/388 771/9/1007 556/8/389
f 558/9/391 555/9/388 557/8/390
f 544/8/377 546/8/379 559/9/392
f 24/1/52 31/2/52 29/2/52
f 560/13/393 705/13/540 561/14/394
f 563/10/396 718/10/553 564/5/397
f 566/16/54 746/47/566 567/15/398
f 569/8/399 578/8/408 570/8/400
f 572/9/402 903/9/824 573/9/403
f 575/9/405 574/9/404 573/9/403
f 577/8/407 614/8/591 578/8/408
f 579/8/409 609/8/439 580/8/410
f 582/9/412 610/9/440 583/9/413
f 585/9/415 639/9/467 586/9/416
f 589/8/419 640/8/468 590/8/420
f 592/8/422 642/8/470 593/8/423
f 595/9/425 644/9/472 596/9/426
f 594/8/424 593/8/423 598/8/428
f 597/9/427 602/9/432 600/9/430
f 599/8/429 598/8/428 603/8/433
f 605/9/435 875/9/431 606/9/436
f 604/8/434 603/8/433 609/8/439
f 608/9/438 611/9/441 610/9/440
f 576/9/406 616/9/446 612/9/54
f 613/8/442 620/8/449 614/8/443
f 615/9/445 612/9/54 616/9/446
f 619/8/448 622/8/450 620/8/449
f 621/9/414 617/9/54 618/9/447
f 581/8/411 580/8/410 622/8/450
f 623/9/451 661/9/489 624/9/452
f 626/8/454 662/8/490 627/8/455
f 629/9/457 664/9/492 630/9/458
f 632/8/460 663/8/491 633/8/461
f 634/8/462 633/8/461 635/8/463
f 637/9/465 885/9/813 638/9/466
f 636/8/464 635/8/463 640/8/468
f 641/8/469 648/8/476 642/8/470
f 643/9/471 646/9/474 644/9/472
f 647/8/475 651/8/479 648/8/476
f 649/9/477 653/9/481 650/9/478
f 591/8/421 590/8/420 651/8/479
f 652/9/480 587/9/417 588/9/418
f 654/9/482 657/9/485 655/9/483
f 657/9/485 773/8/681 658/8/486
f 658/8/486 773/8/681 659/8/487
f 661/9/489 654/9/482 656/9/484
f 660/8/488 659/8/487 662/8/490
f 628/8/456 627/8/455 663/8/491
f 664/9/492 623/9/451 625/9/453
f 665/18/493 28/1/531 27/1/494
f 667/19/496 562/14/395 561/14/394
f 669/21/498 814/21/744 670/20/499
f 672/21/501 671/21/500 670/20/499
f 674/21/503 673/21/502 670/20/499
f 676/21/505 675/21/504 670/20/499
f 678/21/507 677/21/506 670/20/499
f 680/21/509 679/21/508 670/20/499
f 683/22/512 665/18/512 666/18/513
f 685/23/515 683/22/694 684/22/516
f 687/24/518 667/19/518 668/19/519
f 689/25/520 687/24/700 688/24/521
f 691/26/523 682/20/523 670/20/524
f 693/27/525 691/26/1008 692/26/526
f 27/1/494 30/2/570 695/2/528
f 697/2/530 32/2/573 28/1/531
f 562/14/395 777/14/685 521/8/533
f 560/13/393 562/14/395 700/29/535
f 702/29/537 756/8/1009 703/8/538
f 705/13/540 704/28/539 703/8/538
f 709/25/544 689/25/520 710/31/545
f 709/25/544 563/10/396 565/5/396
f 711/3/546 867/30/796 686/23/517
f 709/25/544 686/23/517 515/10/547
f 516/5/543 515/10/547 686/23/517
f 690/25/522 786/25/698 713/31/549
f 715/23/551 685/23/515 716/30/552
f 715/23/551 717/3/397 564/5/397
f 718/10/553 868/31/797 690/25/522
f 715/23/551 690/25/522 468/3/554
f 469/5/550 468/3/554 690/25/522
f 720/9/556 519/9/575 721/32/557
f 723/21/559 907/76/1010 724/34/560
f 723/21/559 725/35/560 726/36/560
f 723/21/559 727/37/560 728/38/560
f 723/21/559 729/12/560 730/39/560
f 723/21/559 731/40/560 732/41/560
f 723/21/559 733/42/560 734/43/560
f 723/21/559 720/9/556 735/6/561
f 517/12/558 735/6/561 720/9/556
f 681/21/510 780/21/688 737/44/563
f 472/9/565 753/9/577 738/43/398
f 472/9/565 739/42/398 740/41/398
f 472/9/565 741/40/398 742/39/398
f 472/9/565 743/12/398 744/45/398
f 472/9/565 745/46/398 567/15/398
f 472/9/565 746/47/566 747/48/567
f 748/32/568 472/9/565 681/21/510
f 471/12/564 749/33/569 681/21/510
f 30/2/570 694/27/527 750/27/571
f 751/27/572 693/27/525 32/2/573
f 720/9/556 759/9/586 752/9/574
f 474/9/576 573/9/403 753/9/577
f 754/8/578 699/8/1011 521/8/579
f 571/8/401 755/8/580 521/8/579
f 578/8/408 473/8/590 703/8/582
f 570/8/400 578/8/408 757/8/584
f 759/9/586 766/9/630 522/9/587
f 475/9/588 576/9/406 573/9/403
f 523/8/589 577/8/407 569/8/399
f 473/8/590 578/8/408 614/8/591
f 537/8/593 579/8/409 581/8/411
f 477/8/595 580/8/410 609/8/439
f 760/9/597 765/9/629 524/9/598
f 478/9/600 610/9/440 582/9/412
f 588/9/418 586/9/416 527/9/602
f 761/9/604 770/9/672 508/9/605
f 550/8/607 589/8/419 591/8/421
f 481/8/609 590/8/420 640/8/468
f 530/8/611 592/8/422 594/8/424
f 593/8/423 642/8/470 483/8/613
f 597/9/427 596/9/426 532/9/615
f 763/9/617 870/9/799 484/9/618
f 762/8/612 594/8/424 599/8/429
f 486/8/621 598/8/428 593/8/423
f 602/9/432 597/9/427 531/9/616
f 484/9/618 870/9/799 605/9/435
f 533/8/620 599/8/429 604/8/434
f 603/8/433 598/8/428 486/8/621
f 764/9/626 602/9/432 534/9/622
f 487/9/623 605/9/435 607/9/437
f 535/8/624 604/8/434 579/8/409
f 609/8/439 603/8/433 488/8/625
f 765/9/629 764/9/626 536/9/627
f 489/9/628 607/9/437 610/9/440
f 766/9/630 767/9/637 538/9/631
f 491/9/632 616/9/446 576/9/406
f 539/8/633 613/8/442 577/8/444
f 476/8/635 614/8/443 620/8/449
f 767/9/637 768/9/642 540/9/638
f 493/9/639 618/9/447 616/9/446
f 541/8/640 619/8/448 613/8/442
f 492/8/636 620/8/449 622/8/450
f 768/9/642 760/9/597 526/9/599
f 479/9/601 582/9/412 618/9/447
f 525/8/594 581/8/411 619/8/448
f 622/8/450 580/8/410 477/8/595
f 625/9/453 624/9/452 558/9/643
f 512/9/645 661/9/489 623/9/451
f 543/8/647 626/8/454 628/8/456
f 627/8/455 662/8/490 495/8/649
f 631/9/459 630/9/458 559/9/651
f 513/9/653 664/9/492 629/9/457
f 546/8/655 632/8/460 634/8/462
f 633/8/461 663/8/491 498/8/657
f 638/9/466 631/9/459 545/9/652
f 629/9/457 882/9/810 501/9/660
f 547/8/656 634/8/462 636/8/464
f 502/8/662 635/8/463 633/8/461
f 586/9/416 638/9/466 548/9/659
f 501/9/660 882/9/810 761/9/604
f 549/8/661 636/8/464 589/8/419
f 640/8/468 635/8/463 502/8/662
f 552/8/663 641/8/469 592/8/422
f 483/8/613 642/8/470 648/8/476
f 596/9/426 646/9/474 551/9/665
f 503/9/666 769/9/671 763/9/617
f 554/8/667 647/8/475 641/8/469
f 505/8/664 648/8/476 651/8/479
f 646/9/474 650/9/478 553/9/669
f 506/9/670 876/9/804 769/9/671
f 528/8/608 591/8/421 647/8/475
f 651/8/479 590/8/420 481/8/609
f 650/9/478 588/9/418 529/9/603
f 770/9/672 876/9/804 506/9/670
f 656/9/484 655/9/483 771/9/673
f 657/9/485 654/9/482 510/9/675
f 655/9/483 658/8/486 556/8/677
f 509/8/678 773/8/681 657/9/485
f 556/8/677 658/8/486 660/8/488
f 511/8/680 659/8/487 773/8/681
f 624/9/452 656/9/484 555/9/674
f 654/9/482 661/9/489 512/9/645
f 557/8/679 660/8/488 626/8/454
f 495/8/649 662/8/490 659/8/487
f 544/8/648 628/8/456 632/8/460
f 663/8/491 627/8/455 497/8/650
f 630/9/458 625/9/453 542/9/644
f 623/9/451 664/9/492 513/9/653
f 666/18/495 27/1/494 696/1/529
f 698/1/532 28/1/531 665/18/493
f 668/19/497 561/14/394 706/14/541
f 777/14/685 562/14/395 667/19/496
f 780/21/688 681/21/510 682/20/511
f 684/22/514 666/18/513 774/18/690
f 665/18/512 683/22/512 783/22/692
f 683/22/694 685/23/515 715/23/551
f 784/24/696 688/24/519 668/19/519
f 667/19/518 687/24/518 785/24/697
f 786/25/698 690/25/522 688/24/521
f 687/24/700 689/25/520 709/25/544
f 787/26/702 692/26/524 670/20/524
f 781/20/704 682/20/523 691/26/523
f 694/27/527 692/26/526 787/26/705
f 788/26/706 691/26/1008 693/27/525
f 791/49/713 796/49/735 705/13/714
f 758/8/718 757/8/717 792/8/716
f 794/50/720 570/8/1012 758/8/718
f 793/8/719 792/8/716 789/8/708
f 794/50/720 793/8/719 795/8/721
f 704/28/723 795/8/721 789/8/708
f 796/49/722 795/8/721 704/28/723
f 701/28/727 700/29/726 797/8/725
f 791/49/729 560/13/1013 701/28/727
f 798/8/728 797/8/725 790/8/711
f 791/49/729 798/8/728 799/8/730
f 755/8/732 799/8/730 790/8/711
f 800/50/731 799/8/730 755/8/732
f 800/50/734 794/50/737 796/49/735
f 571/8/736 570/8/1014 794/50/737
f 673/21/502 819/60/749 801/51/738
f 802/52/54 832/69/54 741/40/398
f 731/40/560 854/69/54 803/52/54
f 804/9/739 849/9/761 805/53/54
f 807/53/54 840/9/758 808/9/740
f 678/21/507 679/21/508 810/55/741
f 725/35/560 859/16/54 812/17/54
f 813/56/743 907/76/1010 723/21/559
f 815/57/745 857/61/762 813/56/743
f 671/21/500 816/55/746 815/57/745
f 672/21/501 801/51/738 816/55/746
f 817/58/747 674/21/503 675/21/504
f 819/60/749 673/21/502 674/21/503
f 675/21/504 676/21/505 820/58/750
f 676/21/505 677/21/506 821/60/751
f 677/21/506 678/21/507 811/51/742
f 822/61/752 823/57/753 680/21/509
f 823/57/753 810/55/741 679/21/508
f 824/62/54 744/45/398 743/12/398
f 826/63/54 745/46/398 744/45/398
f 568/17/54 567/15/398 745/46/398
f 747/48/567 827/64/754 822/61/752
f 746/47/566 566/16/54 827/64/754
f 828/65/54 829/66/54 738/43/398
f 829/66/54 830/67/54 739/42/398
f 830/67/54 802/52/54 740/41/398
f 743/12/398 742/39/398 831/68/54
f 742/39/398 741/40/398 832/69/54
f 833/70/54 837/9/756 834/9/755
f 836/72/54 838/9/757 837/9/756
f 809/54/54 808/9/740 838/9/757
f 839/9/740 841/73/54 828/65/54
f 840/9/758 807/53/54 841/73/54
f 834/9/755 843/9/759 842/70/54
f 843/9/759 845/9/760 844/72/54
f 845/9/760 804/9/739 806/54/54
f 846/65/54 848/73/54 847/9/740
f 848/73/54 805/53/54 849/9/761
f 734/43/560 850/66/54 846/65/54
f 733/42/560 851/67/54 850/66/54
f 732/41/560 803/52/54 851/67/54
f 852/68/54 730/39/560 729/12/560
f 854/69/54 731/40/560 730/39/560
f 728/38/560 855/62/54 853/12/54
f 727/37/560 856/63/54 855/62/54
f 726/36/560 812/17/54 856/63/54
f 724/34/560 907/76/1010 813/56/743
f 859/16/54 725/35/560 724/34/560
f 784/24/763 776/19/767 713/31/764
f 860/74/766 713/31/764 776/19/767
f 861/11/305 714/10/306 713/31/764
f 467/4/305 469/5/306 714/10/306
f 697/2/770 698/1/1015 775/18/771
f 719/30/773 862/75/772 775/18/771
f 719/30/773 468/3/306 863/7/305
f 472/9/308 748/32/776 860/74/766
f 749/33/307 861/11/305 860/74/766
f 471/12/307 467/4/305 861/11/305
f 781/20/777 788/26/780 737/44/778
f 697/2/770 862/75/772 737/44/778
f 863/7/305 470/6/307 737/44/778
f 782/22/1016 774/18/783 707/30/542
f 695/2/782 865/75/785 707/30/542
f 864/7/349 708/3/350 707/30/542
f 514/4/349 516/5/350 708/3/350
f 521/8/354 777/14/1017 778/19/786
f 712/31/788 866/74/787 778/19/786
f 712/31/788 515/10/350 518/11/349
f 695/2/782 750/27/1018 787/26/791
f 736/44/792 865/75/785 787/26/791
f 736/44/792 735/6/351 864/7/349
f 735/6/351 517/12/351 514/4/349
f 521/8/354 866/74/787 721/32/795
f 866/74/787 518/11/349 722/33/351
f 867/30/796 716/30/552 685/23/515
f 711/3/546 717/3/397 716/30/552
f 565/5/396 564/5/397 717/3/397
f 868/31/797 710/31/545 689/25/520
f 718/10/553 563/10/396 710/31/545
f 869/9/798 874/9/803 870/9/799
f 871/9/800 763/9/617 769/9/671
f 605/9/435 870/9/799 874/9/803
f 873/9/802 769/9/671 876/9/804
f 877/9/805 876/9/804 770/9/672
f 879/9/807 770/9/672 761/9/604
f 881/9/809 761/9/604 882/9/810
f 631/9/459 638/9/466 885/9/813
f 884/9/812 882/9/810 629/9/457
f 888/9/816 887/9/815 629/9/457
f 889/9/817 601/9/431 602/9/432
f 890/9/405 764/9/626 765/9/629
f 891/9/818 765/9/629 760/9/597
f 893/9/820 760/9/597 768/9/642
f 894/9/821 768/9/642 767/9/637
f 896/9/445 767/9/637 766/9/630
f 898/9/405 766/9/630 759/9/586
f 901/9/823 900/9/822 759/9/586
f 903/9/824 905/9/1019 847/9/740
f 839/9/740 753/9/577 573/9/403
f 837/9/756 838/9/757 808/9/740
f 804/9/739 845/9/760 843/9/759
f 843/9/759 808/9/740 573/9/403
f 847/9/740 905/9/1019 902/9/823
f 131/16/825 566/16/825 568/17/826
f 465/9/827 903/9/992 572/9/828
f 138/9/830 137/9/829 572/9/828
f 138/9/830 574/9/831 575/9/832
f 148/9/834 584/9/863 583/9/835
f 150/9/837 203/9/867 639/9/838
f 150/9/840 585/9/1020 587/9/841
f 160/9/843 209/9/1021 644/9/844
f 160/9/843 595/9/845 600/9/846
f 166/9/848 164/9/847 600/9/846
f 440/9/41 169/9/851 606/9/849
f 172/9/850 608/9/853 606/9/849
f 172/9/850 175/9/854 611/9/852
f 175/9/854 146/9/836 583/9/835
f 139/9/833 575/9/832 612/9/855
f 176/9/856 612/9/855 615/9/857
f 181/9/859 180/9/858 615/9/857
f 181/9/859 617/9/860 621/9/861
f 148/9/834 185/9/862 621/9/861
f 202/9/864 448/9/964 885/9/865
f 202/9/864 637/9/866 639/9/838
f 208/9/868 214/9/877 643/9/869
f 209/9/871 208/9/1022 645/9/872
f 213/9/874 217/9/880 653/9/875
f 213/9/874 649/9/876 643/9/869
f 216/9/878 151/9/842 587/9/841
f 216/9/878 652/9/879 653/9/875
f 254/27/881 693/27/881 694/27/881
f 315/27/882 694/27/1023 30/2/883
f 254/27/885 14/2/1024 32/2/886
f 370/51/888 801/51/888 819/60/889
f 402/69/890 832/69/890 802/52/891
f 372/52/892 803/52/892 854/69/893
f 375/54/894 806/54/894 805/53/895
f 377/53/896 807/53/896 809/54/897
f 380/51/898 811/51/910 810/55/899
f 381/17/900 812/17/900 859/16/901
f 427/61/902 857/61/902 815/57/903
f 385/57/903 815/57/903 816/55/904
f 386/55/904 816/55/904 801/51/888
f 387/58/905 817/58/906 818/59/52
f 389/60/889 819/60/889 817/58/906
f 388/59/52 818/59/52 820/58/907
f 391/60/909 390/58/908 820/58/907
f 380/51/898 391/60/909 821/60/909
f 393/57/911 823/57/911 822/61/912
f 379/55/899 810/55/899 823/57/911
f 394/62/913 824/62/913 825/12/41
f 395/63/914 826/63/914 824/62/913
f 132/17/826 568/17/826 826/63/914
f 392/61/912 822/61/912 827/64/915
f 396/64/915 827/64/915 566/16/825
f 398/66/916 829/66/916 828/65/917
f 399/67/918 830/67/918 829/66/916
f 371/52/891 802/52/891 830/67/918
f 401/12/41 825/12/41 831/68/919
f 400/68/919 831/68/919 832/69/890
f 404/70/920 833/70/920 835/71/51
f 407/72/921 836/72/921 833/70/920
f 378/54/897 809/54/897 836/72/921
f 397/65/917 828/65/917 841/73/922
f 410/73/922 841/73/922 807/53/896
f 405/71/51 835/71/51 842/70/923
f 412/70/923 842/70/923 844/72/924
f 413/72/924 844/72/924 806/54/894
f 419/73/925 848/73/925 846/65/926
f 373/53/895 805/53/895 848/73/925
f 417/65/926 846/65/926 850/66/927
f 420/66/927 850/66/927 851/67/928
f 421/67/928 851/67/928 803/52/892
f 422/68/929 852/68/929 853/12/38
f 423/69/893 854/69/893 852/68/929
f 424/12/38 853/12/38 855/62/930
f 425/62/930 855/62/930 856/63/931
f 426/63/931 856/63/931 812/17/900
f 428/64/932 858/64/933 857/61/902
f 382/16/901 859/16/901 858/64/933
f 14/2/934 12/2/935 30/2/935
f 439/9/41 874/9/41 869/9/936
f 435/9/937 869/9/936 871/9/938
f 437/9/940 436/9/939 871/9/938
f 437/9/940 872/9/941 873/9/942
f 439/9/41 440/9/41 875/9/41
f 438/9/943 873/9/942 877/9/944
f 442/9/946 441/9/945 877/9/944
f 442/9/946 878/9/947 879/9/948
f 444/9/950 443/9/949 879/9/948
f 444/9/950 880/9/951 881/9/952
f 446/9/954 445/9/953 881/9/952
f 446/9/954 883/9/955 884/9/956
f 904/9/958 447/9/957 884/9/956
f 904/9/958 887/9/959 888/9/960
f 450/9/961 888/9/960 886/9/962
f 449/9/963 886/9/962 885/9/865
f 451/9/965 166/9/848 601/9/848
f 452/9/967 451/9/965 889/9/966
f 452/9/967 890/9/968 891/9/969
f 454/9/971 453/9/970 891/9/969
f 455/9/973 454/9/971 892/9/972
f 456/9/975 455/9/973 893/9/974
f 456/9/975 894/9/976 895/9/977
f 457/9/978 895/9/977 896/9/979
f 458/9/979 896/9/979 897/9/980
f 460/9/982 459/9/981 897/9/980
f 460/9/982 898/9/983 899/9/984
f 462/9/986 461/9/985 899/9/984
f 463/9/988 462/9/986 900/9/987
f 464/9/990 463/9/988 901/9/989
f 465/9/827 466/9/993 905/9/991
f 464/9/990 902/9/990 905/9/991
f 220/9/132 222/8/134 74/8/40
f 274/31/166 351/19/38 353/24/239
f 299/44/169 354/26/38 347/20/236
f 265/30/163 348/18/41 350/22/237
f 684/22/516 782/22/1016 707/30/542
