# Blender 5.0.1
# www.blender.org
mtllib lego_leg_l.mtl
o lego_obj.011
v 0.200597 0.035919 -0.400198
v 0.203865 0.008762 -0.056680
v 0.200597 0.035919 -0.059947
v 0.107441 0.008762 -0.403469
v 0.203865 0.008762 -0.403469
v 0.110708 0.035919 -0.400198
v 0.107441 0.008762 -0.056680
v 0.110708 0.035919 -0.059947
v 0.200152 0.039594 -0.399757
v 0.200152 0.039594 -0.060389
v 0.204306 0.005092 -0.056238
v 0.204306 0.005092 -0.403911
v 0.106999 0.005092 -0.403911
v 0.111150 0.039594 -0.060389
v 0.111150 0.039594 -0.399757
v 0.106996 0.005092 -0.056238
v 0.217306 0.011998 -0.043238
v 0.214035 0.039159 -0.413640
v 0.214035 0.039159 -0.046506
v 0.093999 0.011998 -0.416911
v 0.097267 0.039159 -0.413640
v 0.093999 0.011998 -0.043238
v 0.097267 0.039159 -0.046506
v 0.207328 0.023389 -0.409187
v 0.207328 0.023389 -0.050958
v 0.100117 0.021738 -0.410790
v 0.100671 0.051927 -0.049910
v 0.100671 0.051927 -0.410236
v 0.100117 0.021738 -0.049356
v 0.210635 0.051927 -0.049910
v 0.217306 0.011998 -0.416911
v 0.106996 0.103423 -0.040777
v 0.209180 0.059363 -0.040777
v 0.209180 0.103423 -0.040777
v -0.176414 0.060650 -0.040777
v 0.106996 0.057067 -0.040777
v -0.174426 0.468394 -0.040777
v 0.106996 0.201757 -0.040777
v 0.105176 0.468394 -0.040777
v 0.105183 0.473811 -0.040777
v 0.147609 0.528089 -0.040777
v -0.174426 0.548736 -0.040777
v -0.174412 0.532181 -0.040777
v 0.152482 0.682214 -0.040777
v -0.147055 0.703551 -0.040777
v -0.158926 0.683034 -0.040777
v -0.174426 0.605234 -0.040777
v 0.167887 0.625358 -0.040777
v -0.176284 0.625285 -0.040777
v 0.166555 0.585401 -0.040777
v -0.174412 0.585503 -0.040777
v 0.162814 0.566069 -0.040777
v -0.174391 0.566557 -0.040777
v 0.156703 0.547067 -0.040777
v -0.174408 0.503096 -0.040777
v 0.121784 0.491775 -0.040777
v -0.174405 0.517028 -0.040777
v 0.136298 0.509736 -0.040777
v 0.041824 0.775819 -0.040777
v -0.070121 0.769336 -0.040777
v 0.058137 0.770402 -0.040777
v 0.084218 0.757613 -0.040777
v -0.110404 0.744497 -0.040777
v 0.105699 0.742926 -0.040777
v -0.130658 0.724545 -0.040777
v 0.126380 0.722455 -0.040777
v 0.141911 0.701875 -0.040777
v -0.173139 0.643831 -0.040777
v 0.165401 0.643813 -0.040777
v -0.167056 0.663264 -0.040777
v 0.160475 0.662668 -0.040777
v 0.008689 0.782673 -0.040777
v -0.046512 0.778094 -0.040777
v 0.025195 0.780029 -0.040777
v -0.058383 0.774041 -0.040777
v -0.090374 0.758338 -0.040777
v 0.106996 0.103423 -0.419372
v 0.209180 0.147485 -0.419372
v 0.209180 0.103423 -0.419372
v -0.176414 0.105859 -0.419372
v 0.106996 0.149782 -0.419372
v 0.106996 0.201757 -0.419372
v -0.174426 0.468857 -0.402533
v 0.105176 0.468857 -0.402533
v 0.105183 0.474259 -0.402134
v -0.174408 0.490699 -0.400924
v -0.174426 0.548985 -0.396629
v 0.147609 0.528394 -0.398144
v -0.174412 0.532472 -0.397846
v 0.152482 0.682102 -0.386820
v -0.147055 0.703379 -0.385252
v 0.141911 0.701707 -0.385375
v -0.174426 0.605329 -0.392475
v 0.167887 0.625400 -0.390999
v 0.168514 0.605329 -0.392475
v 0.166555 0.585552 -0.393933
v -0.174412 0.585650 -0.393926
v 0.162814 0.566269 -0.395353
v -0.174391 0.566756 -0.395318
v 0.156703 0.547320 -0.396752
v -0.174408 0.503467 -0.399981
v 0.121784 0.492175 -0.400815
v -0.174405 0.517361 -0.398957
v 0.136298 0.510090 -0.399494
v -0.070121 0.768986 -0.380418
v 0.041824 0.775454 -0.379941
v 0.058137 0.770048 -0.380341
v -0.110404 0.744213 -0.382244
v 0.084218 0.757293 -0.381280
v 0.105699 0.742649 -0.382357
v -0.130658 0.724317 -0.383710
v 0.126380 0.722231 -0.383864
v -0.173139 0.643824 -0.389638
v -0.176284 0.625323 -0.391002
v -0.167056 0.663201 -0.388211
v 0.165401 0.643803 -0.389642
v -0.158926 0.682919 -0.386760
v -0.046512 0.777719 -0.379773
v 0.008689 0.782287 -0.379436
v 0.025195 0.779651 -0.379632
v -0.058383 0.773680 -0.380071
v -0.090374 0.758019 -0.381224
v 0.119649 0.201757 -0.403911
v 0.204306 0.201757 -0.056238
v 0.204306 0.201757 -0.403911
v 0.209180 0.103423 -0.403911
v 0.209180 0.147485 -0.056238
v 0.209180 0.103423 -0.056238
v -0.176414 0.077724 -0.149948
v -0.176414 0.057912 -0.056238
v -0.176414 0.084680 -0.147838
v 0.105176 0.468839 -0.387759
v 0.106912 0.214406 -0.056203
v 0.106912 0.214385 -0.403147
v -0.174426 0.472040 -0.166584
v -0.174426 0.468412 -0.055547
v -0.174412 0.485801 -0.140626
v -0.174408 0.490401 -0.135209
v -0.174408 0.490310 -0.055484
v 0.105183 0.474242 -0.387377
v 0.105176 0.468411 -0.055547
v 0.156703 0.547309 -0.382216
v 0.147609 0.528103 -0.055369
v 0.147609 0.528380 -0.383552
v -0.174412 0.532191 -0.055358
v -0.174426 0.548771 -0.090943
v -0.174412 0.532227 -0.098597
v -0.147998 0.701798 -0.304823
v -0.147055 0.703386 -0.371187
v -0.158926 0.682940 -0.322689
v -0.158926 0.682922 -0.372631
v 0.141911 0.701714 -0.371302
v 0.152482 0.682210 -0.054906
v 0.152482 0.682105 -0.372691
v 0.167887 0.625397 -0.376698
v 0.168514 0.605238 -0.055137
v 0.168514 0.605325 -0.378114
v -0.174426 0.605318 -0.351960
v -0.176284 0.625323 -0.376701
v -0.174426 0.605325 -0.378114
v 0.166555 0.585408 -0.055197
v 0.166555 0.585545 -0.379513
v -0.174422 0.598250 -0.352731
v -0.174412 0.585643 -0.379506
v -0.174412 0.585632 -0.351357
v 0.162814 0.566076 -0.055256
v 0.162814 0.566262 -0.380877
v -0.174412 0.585506 -0.055197
v -0.174412 0.583560 -0.081807
v -0.174391 0.566564 -0.055253
v -0.174391 0.566581 -0.085544
v 0.156703 0.547078 -0.055312
v -0.174426 0.548746 -0.055309
v -0.174412 0.554871 -0.088121
v -0.174408 0.503176 -0.120169
v -0.174408 0.503110 -0.055446
v 0.121784 0.492161 -0.386111
v 0.105183 0.473828 -0.055533
v -0.174408 0.504821 -0.118237
v -0.174405 0.517091 -0.108908
v -0.174405 0.517042 -0.055404
v 0.136298 0.510076 -0.384846
v 0.121784 0.491789 -0.055477
v -0.174412 0.528209 -0.100458
v 0.136298 0.509750 -0.055425
v -0.058383 0.773694 -0.366219
v -0.070121 0.769322 -0.054646
v -0.058383 0.774027 -0.054632
v 0.041824 0.775468 -0.366093
v 0.058137 0.770388 -0.054643
v 0.058137 0.770062 -0.366475
v -0.090374 0.758030 -0.367323
v -0.110404 0.744486 -0.054720
v -0.090374 0.758324 -0.054678
v 0.084218 0.757307 -0.367376
v 0.105699 0.742916 -0.054723
v 0.105699 0.742660 -0.368410
v 0.126380 0.722444 -0.054787
v 0.126380 0.722241 -0.369854
v -0.135433 0.718287 -0.280509
v -0.130658 0.724327 -0.369707
v -0.147055 0.703421 -0.302432
v 0.141911 0.701868 -0.054850
v 0.165401 0.643806 -0.375397
v 0.167887 0.625362 -0.055078
v -0.175919 0.627455 -0.349555
v -0.173139 0.643824 -0.375394
v -0.176284 0.625320 -0.349787
v 0.160475 0.662612 -0.374069
v 0.165401 0.643813 -0.055022
v -0.169538 0.655295 -0.340173
v -0.167056 0.663205 -0.374026
v -0.173139 0.643824 -0.344040
v 0.160475 0.662668 -0.054965
v -0.159946 0.680471 -0.325028
v -0.167056 0.663212 -0.335412
v -0.034784 0.780773 -0.365717
v -0.046512 0.778080 -0.054618
v -0.034784 0.781123 -0.054611
v 0.008689 0.782301 -0.365609
v 0.008689 0.782655 -0.054604
v 0.025195 0.780012 -0.054615
v 0.025195 0.779665 -0.365795
v -0.046512 0.777737 -0.365931
v 0.041824 0.775805 -0.054625
v 0.084218 0.757598 -0.054681
v -0.070121 0.769000 -0.366548
v 0.207013 0.005632 -0.403911
v 0.207013 0.201217 -0.056238
v -0.176414 0.009961 -0.345723
v -0.175870 0.007255 -0.403911
v -0.176414 0.009961 -0.322594
v -0.176414 0.009961 -0.299462
v -0.176414 0.009961 -0.276334
v -0.176414 0.009961 -0.253205
v -0.176414 0.009961 -0.230073
v -0.176414 0.009961 -0.201100
v -0.176414 0.009961 -0.172127
v -0.176414 0.009961 -0.143154
v -0.176414 0.009961 -0.114184
v -0.176414 0.009961 -0.085211
v -0.176414 0.009961 -0.056238
v -0.175870 0.007255 -0.056238
v 0.208636 0.007255 -0.403911
v 0.207013 0.005632 -0.056238
v 0.209180 0.009961 -0.403911
v 0.208636 0.007255 -0.056238
v 0.208636 0.199590 -0.056238
v 0.207013 0.201217 -0.403911
v 0.209180 0.196884 -0.056238
v 0.208636 0.199590 -0.403911
v -0.174247 0.005632 -0.403911
v -0.171540 0.005092 -0.403911
v -0.174247 0.005632 -0.056238
v 0.204306 0.005092 -0.419372
v 0.106999 0.005092 -0.419372
v 0.106996 0.005092 -0.040777
v 0.204306 0.005092 -0.040777
v 0.106996 0.201757 -0.416564
v 0.204306 0.201757 -0.419372
v 0.115431 0.201757 -0.408129
v 0.111213 0.201757 -0.412346
v 0.111213 0.201757 -0.047803
v 0.115431 0.201757 -0.052020
v 0.204306 0.201757 -0.040777
v 0.119649 0.201757 -0.056238
v 0.209180 0.015304 -0.419372
v 0.209180 0.059363 -0.419372
v 0.209180 0.196884 -0.419372
v 0.209180 0.191544 -0.403911
v 0.209180 0.147485 -0.403911
v 0.209180 0.059363 -0.403911
v 0.209180 0.015304 -0.403911
v 0.209180 0.191544 -0.419372
v 0.209180 0.191544 -0.040777
v 0.209180 0.147485 -0.040777
v 0.209180 0.009961 -0.040777
v 0.209180 0.015304 -0.056238
v 0.209180 0.059363 -0.056238
v 0.209180 0.191544 -0.056238
v 0.209180 0.015304 -0.040777
v -0.176414 0.201757 -0.403911
v -0.176414 0.196277 -0.419372
v -0.176414 0.151068 -0.419372
v -0.176414 0.009961 -0.419372
v -0.176414 0.055160 -0.403911
v -0.176414 0.065299 -0.403911
v -0.176414 0.075442 -0.403911
v -0.176414 0.085581 -0.403911
v -0.176414 0.095720 -0.403911
v -0.176414 0.105859 -0.403911
v -0.176414 0.121843 -0.403911
v -0.176414 0.137826 -0.403911
v -0.176414 0.153806 -0.403911
v -0.176414 0.169790 -0.403911
v -0.176414 0.185774 -0.403911
v -0.176414 0.015441 -0.419372
v -0.176414 0.060650 -0.419372
v -0.176414 0.015441 -0.040777
v -0.176414 0.201757 -0.040777
v -0.176414 0.185774 -0.056238
v -0.176414 0.169790 -0.056238
v -0.176414 0.153806 -0.056238
v -0.176414 0.137826 -0.056238
v -0.176414 0.121843 -0.056238
v -0.176414 0.105859 -0.056238
v -0.176414 0.089876 -0.056238
v -0.176414 0.073892 -0.056238
v -0.176414 0.041929 -0.056238
v -0.176414 0.025945 -0.056238
v -0.176414 0.196277 -0.040777
v -0.176414 0.151068 -0.040777
v -0.176414 0.105859 -0.040777
v -0.171540 0.005092 -0.419372
v -0.171540 0.005092 -0.040777
v -0.176414 0.201757 -0.419372
v -0.176414 0.201757 -0.056238
v 0.106968 0.205968 -0.412090
v 0.106940 0.210175 -0.407620
v 0.106996 0.201757 -0.043585
v 0.106940 0.210192 -0.051999
v 0.106968 0.205975 -0.047792
v -0.174426 0.468839 -0.387759
v -0.174412 0.532461 -0.383265
v -0.147055 0.703544 -0.054843
v -0.158926 0.683027 -0.054906
v 0.168514 0.605234 -0.040777
v -0.176284 0.625285 -0.055078
v -0.174426 0.605238 -0.055137
v -0.174391 0.566746 -0.380842
v -0.174426 0.548974 -0.382097
v -0.174408 0.490685 -0.386217
v -0.174408 0.490296 -0.040777
v -0.174408 0.503450 -0.385316
v -0.174405 0.517347 -0.384334
v -0.110404 0.744227 -0.368301
v -0.130658 0.724534 -0.054780
v -0.173139 0.643831 -0.055022
v 0.160475 0.662609 -0.388257
v -0.167056 0.663261 -0.054965
v -0.034784 0.780755 -0.379552
v 0.207013 0.005632 -0.419372
v 0.207013 0.005632 -0.040777
v 0.207013 0.201217 -0.040777
v 0.207013 0.201217 -0.419372
v -0.175870 0.007255 -0.419372
v -0.176414 0.009961 -0.040777
v -0.175870 0.007255 -0.040777
v 0.208636 0.007255 -0.419372
v 0.208636 0.007255 -0.040777
v 0.209180 0.009961 -0.419372
v 0.209180 0.009961 -0.056238
v 0.208636 0.199590 -0.040777
v 0.208636 0.199590 -0.419372
v 0.209180 0.196884 -0.040777
v 0.209180 0.196884 -0.403911
v -0.174247 0.005632 -0.419372
v -0.174247 0.005632 -0.040777
v -0.171540 0.005092 -0.056238
v 0.109800 0.203163 -0.047799
v 0.108384 0.204562 -0.412175
v 0.115403 0.205968 -0.403659
v 0.108384 0.204569 -0.047796
v 0.109769 0.207381 -0.052006
v 0.111157 0.210192 -0.056213
v 0.112602 0.204569 -0.052013
v 0.115403 0.205975 -0.056224
v 0.109800 0.203159 -0.412262
v 0.112602 0.204562 -0.407960
v 0.109769 0.207370 -0.407789
v 0.111157 0.210175 -0.403403
v -0.176414 0.032732 -0.273248
v -0.176414 0.127039 -0.147834
v -0.176414 0.127039 -0.312312
v -0.176414 0.201757 -0.316992
v -0.176414 0.169271 -0.286557
v -0.176414 0.178986 -0.273248
v -0.176414 0.169271 -0.173589
v -0.176414 0.201757 -0.143154
v -0.176414 0.178986 -0.186897
v -0.176414 0.042447 -0.173589
v -0.176414 0.032732 -0.186897
v -0.176414 0.084680 -0.312312
v -0.176414 0.077724 -0.310201
v -0.176414 0.026895 -0.373213
v -0.176414 0.009961 -0.368852
v -0.176414 0.053628 -0.297033
v -0.176414 0.042447 -0.286557
v -0.176414 0.022001 -0.243465
v -0.176414 0.020939 -0.230073
v -0.176414 0.025770 -0.258317
v -0.176414 0.022001 -0.216684
v -0.176414 0.025770 -0.201833
v -0.176414 0.064840 -0.155715
v -0.176414 0.053628 -0.163116
v -0.176414 0.098900 -0.145440
v -0.176414 0.091793 -0.146327
v -0.176414 0.071070 -0.152606
v -0.176414 0.146879 -0.155715
v -0.176414 0.140649 -0.152606
v -0.176414 0.133994 -0.149948
v -0.176414 0.112819 -0.145440
v -0.176414 0.105859 -0.145152
v -0.176414 0.119929 -0.146327
v -0.176414 0.189718 -0.216684
v -0.176414 0.201757 -0.230073
v -0.176414 0.190780 -0.230073
v -0.176414 0.185949 -0.201833
v -0.176414 0.201757 -0.201100
v -0.176414 0.201757 -0.172127
v -0.176414 0.201757 -0.085211
v -0.176414 0.201757 -0.114181
v -0.176414 0.158091 -0.163116
v -0.176414 0.189718 -0.243465
v -0.176414 0.201757 -0.259046
v -0.176414 0.185949 -0.258317
v -0.176414 0.201757 -0.288019
v -0.176414 0.146879 -0.304430
v -0.176414 0.201757 -0.374938
v -0.176414 0.158091 -0.297033
v -0.176414 0.201757 -0.345965
v -0.176414 0.140649 -0.307544
v -0.176414 0.133994 -0.310201
v -0.176414 0.112819 -0.314710
v -0.176414 0.119929 -0.313823
v -0.176414 0.105859 -0.314997
v -0.176414 0.098900 -0.314710
v -0.176414 0.091793 -0.313823
v -0.176414 0.064840 -0.304430
v -0.176414 0.071070 -0.307544
v 0.106996 0.196137 -0.040777
v 0.106996 0.149782 -0.040777
v 0.106996 0.010708 -0.040777
v 0.106999 0.010708 -0.419372
v 0.106996 0.057067 -0.419372
v 0.106996 0.196137 -0.419372
v -0.175137 0.612940 -0.081807
v -0.176284 0.625288 -0.084524
v -0.173139 0.643831 -0.089138
v -0.173511 0.641629 -0.088121
v -0.174426 0.605245 -0.081807
v -0.174412 0.585517 -0.081807
v -0.167056 0.663254 -0.098127
v -0.158926 0.683010 -0.111642
v -0.164984 0.668295 -0.100458
v -0.147055 0.703505 -0.132156
v -0.153905 0.691680 -0.118237
v -0.130658 0.724460 -0.166580
v -0.141428 0.710700 -0.140626
v -0.130658 0.724394 -0.265171
v -0.125819 0.729158 -0.253215
v -0.121009 0.733912 -0.224225
v -0.174394 0.569046 -0.349555
v -0.174391 0.566728 -0.348773
v -0.174426 0.548946 -0.342782
v -0.174412 0.532419 -0.334890
v -0.174419 0.541205 -0.340173
v -0.174405 0.517291 -0.325785
v -0.174408 0.503376 -0.313041
v -0.174405 0.516033 -0.325028
v -0.174408 0.490583 -0.298751
v -0.174408 0.494703 -0.304823
v -0.174426 0.468671 -0.256550
v -0.174419 0.478218 -0.280509
v -0.174436 0.467342 -0.253215
v -0.174471 0.462588 -0.224225
v -0.174426 0.468569 -0.179075
v -0.174461 0.464180 -0.194891
v 0.195545 0.059363 -0.054411
v 0.106996 0.103423 -0.060060
v 0.195545 0.103423 -0.054411
v -0.162775 0.060650 -0.054411
v -0.162775 0.105859 -0.054411
v 0.091559 0.468355 -0.054429
v -0.162761 0.201704 -0.054397
v -0.160805 0.468338 -0.054425
v -0.160774 0.490288 -0.054415
v 0.094381 0.478046 -0.056178
v -0.160784 0.548729 -0.054408
v 0.135443 0.534730 -0.054183
v -0.160777 0.532188 -0.054411
v 0.139948 0.676303 -0.054187
v -0.135513 0.695757 -0.054117
v 0.130163 0.694344 -0.054085
v -0.161008 0.605858 -0.054615
v 0.154080 0.624215 -0.054194
v 0.154617 0.605700 -0.054134
v 0.152871 0.587399 -0.054215
v -0.160777 0.585513 -0.054411
v 0.149365 0.569523 -0.054155
v -0.160763 0.566553 -0.054418
v 0.143773 0.552221 -0.054124
v -0.160774 0.503096 -0.054411
v 0.111361 0.500785 -0.054264
v -0.160774 0.517028 -0.054411
v 0.124950 0.517771 -0.054138
v -0.064213 0.756771 -0.054159
v 0.037953 0.762577 -0.054250
v 0.052868 0.757514 -0.054117
v -0.101481 0.733713 -0.054043
v 0.077199 0.745570 -0.054103
v 0.096783 0.732121 -0.054026
v -0.120273 0.715289 -0.054134
v 0.115890 0.713280 -0.054103
v -0.159606 0.640584 -0.054124
v -0.162137 0.624748 -0.053872
v -0.154060 0.658570 -0.054226
v 0.151774 0.641128 -0.054152
v -0.146441 0.676888 -0.054127
v 0.147275 0.658268 -0.054131
v -0.042550 0.764873 -0.054243
v 0.007823 0.768660 -0.053994
v 0.022401 0.766483 -0.054215
v -0.053601 0.761147 -0.054292
v -0.083117 0.746523 -0.054177
v 0.195545 0.147485 -0.405734
v 0.106996 0.103423 -0.400090
v 0.195545 0.103423 -0.405734
v 0.106996 0.149782 -0.400090
v -0.162775 0.105859 -0.405734
v 0.091584 0.467886 -0.388888
v -0.162898 0.201277 -0.405625
v 0.101425 0.195548 -0.401986
v -0.160774 0.489693 -0.387324
v 0.094146 0.477257 -0.386609
v 0.135257 0.534183 -0.384516
v -0.160784 0.547975 -0.383037
v -0.160777 0.531476 -0.384246
v 0.140130 0.675321 -0.373655
v -0.135724 0.694793 -0.372221
v -0.146620 0.675924 -0.373665
v -0.160987 0.604908 -0.378654
v 0.154119 0.623307 -0.377659
v -0.162151 0.623914 -0.377964
v 0.152804 0.586600 -0.380456
v -0.160777 0.584658 -0.380330
v 0.149256 0.568804 -0.381880
v -0.160763 0.565747 -0.381715
v 0.143622 0.551593 -0.383244
v -0.160774 0.502465 -0.386385
v 0.111133 0.500410 -0.387009
v -0.160774 0.516359 -0.385358
v 0.124746 0.517326 -0.385856
v 0.038087 0.761700 -0.366952
v -0.064395 0.755867 -0.367498
v 0.053029 0.756627 -0.367470
v 0.077399 0.744665 -0.368399
v -0.101702 0.732780 -0.369385
v 0.097000 0.731192 -0.369518
v -0.120504 0.714328 -0.370710
v 0.116115 0.712323 -0.370892
v 0.130366 0.693380 -0.372368
v -0.159708 0.639659 -0.376446
v 0.151858 0.640192 -0.376396
v -0.154210 0.657599 -0.374966
v 0.147412 0.657315 -0.375096
v 0.007851 0.767811 -0.366727
v -0.042687 0.763990 -0.366790
v 0.022499 0.765617 -0.366688
v -0.053765 0.760249 -0.367029
v -0.083327 0.745601 -0.368263
v 0.202406 0.182569 -0.056238
v 0.114179 0.183372 -0.401934
v 0.202406 0.182569 -0.403911
v 0.189897 0.147485 -0.056238
v 0.189897 0.103423 -0.403911
v 0.189897 0.103423 -0.056238
v -0.157131 0.057912 -0.056238
v -0.157131 0.077724 -0.149948
v -0.157131 0.084680 -0.147838
v 0.088586 0.208734 -0.058163
v 0.085894 0.468787 -0.387759
v 0.088632 0.208548 -0.401261
v -0.155143 0.468331 -0.055547
v -0.155143 0.472023 -0.166584
v -0.155129 0.485783 -0.140626
v -0.155125 0.490387 -0.135209
v -0.155125 0.490303 -0.055484
v 0.085894 0.468362 -0.055547
v 0.087236 0.481292 -0.387370
v 0.130682 0.537342 -0.055362
v 0.138795 0.554461 -0.382209
v 0.130692 0.537636 -0.383545
v -0.155143 0.548768 -0.090943
v -0.155129 0.532202 -0.055358
v -0.155129 0.532237 -0.098597
v -0.141905 0.673880 -0.322686
v -0.131527 0.691985 -0.302425
v -0.131327 0.692104 -0.304819
v -0.131085 0.692577 -0.371180
v -0.141635 0.674389 -0.372628
v 0.135043 0.673982 -0.054906
v 0.125689 0.691291 -0.371299
v 0.135050 0.673863 -0.372687
v 0.149242 0.605886 -0.055137
v 0.148667 0.623801 -0.376698
v 0.149242 0.605974 -0.378114
v -0.157015 0.624590 -0.376701
v -0.155168 0.606279 -0.351960
v -0.155164 0.606226 -0.378114
v 0.147475 0.588192 -0.055197
v 0.147475 0.588335 -0.379513
v -0.155139 0.598261 -0.352731
v -0.155129 0.585660 -0.379506
v -0.155129 0.585650 -0.351357
v 0.144138 0.570872 -0.055253
v 0.144141 0.571065 -0.380874
v -0.155129 0.583585 -0.081807
v -0.155129 0.585524 -0.055197
v -0.155108 0.566557 -0.055253
v -0.155108 0.566571 -0.085544
v 0.138788 0.554216 -0.055309
v -0.155143 0.548736 -0.055309
v -0.155129 0.554833 -0.088121
v -0.155125 0.503176 -0.120169
v 0.087233 0.480872 -0.055523
v 0.107213 0.504786 -0.386097
v -0.155125 0.503110 -0.055446
v -0.155125 0.504817 -0.118237
v -0.155122 0.517091 -0.108908
v -0.155122 0.517042 -0.055404
v 0.107199 0.504400 -0.055463
v 0.120571 0.521235 -0.384835
v -0.155129 0.528212 -0.100458
v 0.120560 0.520892 -0.055414
v -0.051693 0.755611 -0.366198
v -0.061917 0.751870 -0.054629
v -0.061934 0.751540 -0.366531
v 0.050838 0.752539 -0.054625
v 0.036428 0.756957 -0.366072
v 0.050852 0.752210 -0.366457
v -0.080298 0.741590 -0.367309
v -0.098112 0.729628 -0.054709
v -0.098129 0.729355 -0.368287
v 0.093428 0.728040 -0.054713
v 0.074524 0.740637 -0.367362
v 0.093445 0.727773 -0.368399
v 0.111866 0.709749 -0.054780
v 0.111880 0.709529 -0.369844
v -0.116276 0.711478 -0.369697
v -0.120248 0.706398 -0.280499
v 0.125679 0.691463 -0.054843
v 0.148667 0.623770 -0.055078
v 0.146483 0.640065 -0.375397
v -0.157022 0.624412 -0.349790
v -0.154452 0.639056 -0.344040
v -0.156910 0.624219 -0.349559
v -0.154389 0.639308 -0.375394
v 0.146483 0.640083 -0.055022
v 0.142185 0.656498 -0.374065
v -0.148927 0.656638 -0.374023
v -0.151139 0.649525 -0.340173
v 0.142181 0.656568 -0.054965
v -0.142122 0.673109 -0.325024
v -0.149022 0.656386 -0.335409
v -0.032011 0.761690 -0.365696
v -0.040976 0.759607 -0.054601
v -0.040986 0.759264 -0.365910
v 0.007501 0.763057 -0.365588
v -0.032004 0.762040 -0.054590
v 0.021300 0.761129 -0.054594
v 0.021311 0.760778 -0.365774
v -0.051679 0.755947 -0.054611
v 0.036414 0.757297 -0.054608
v 0.074506 0.740938 -0.054664
v -0.080281 0.741895 -0.054664
v 0.197915 0.022632 -0.056238
v 0.197915 0.022632 -0.403911
v 0.197915 0.184213 -0.056238
v -0.158870 0.016353 -0.403911
v -0.157222 0.011862 -0.345723
v -0.157222 0.011862 -0.322594
v -0.157222 0.011862 -0.299462
v -0.157222 0.011862 -0.276334
v -0.157222 0.011862 -0.253205
v -0.157222 0.011862 -0.230073
v -0.157222 0.011862 -0.201100
v -0.157222 0.011862 -0.172127
v -0.157222 0.011862 -0.143154
v -0.157222 0.011862 -0.114184
v -0.157222 0.011862 -0.085211
v -0.157222 0.011862 -0.056238
v -0.158870 0.016353 -0.056238
v 0.191636 0.016353 -0.403911
v 0.191636 0.016353 -0.056238
v 0.189992 0.011862 -0.403911
v 0.197915 0.184213 -0.403911
v 0.191636 0.190492 -0.056238
v 0.191636 0.190492 -0.403911
v 0.189992 0.194984 -0.056238
v -0.165149 0.022632 -0.403911
v -0.165149 0.022632 -0.056238
v -0.169009 0.024206 -0.403911
v 0.106999 0.018726 -0.405734
v 0.202925 0.019059 -0.406151
v 0.106996 0.018726 -0.054411
v 0.202925 0.019059 -0.053998
v 0.093550 0.188189 -0.413921
v 0.105141 0.184494 -0.406271
v 0.109359 0.184494 -0.402053
v 0.101179 0.195899 -0.058205
v 0.104959 0.184624 -0.054057
v 0.109176 0.184624 -0.058275
v 0.114088 0.183396 -0.058194
v 0.202925 0.187786 -0.053998
v 0.195545 0.015304 -0.405734
v 0.195545 0.059363 -0.405734
v 0.189897 0.191544 -0.403911
v 0.195209 0.195502 -0.406151
v 0.189897 0.147485 -0.403911
v 0.189897 0.059363 -0.403911
v 0.195545 0.191544 -0.405734
v 0.195545 0.191544 -0.054411
v 0.195545 0.147485 -0.054411
v 0.189897 0.015304 -0.056238
v 0.195208 0.011346 -0.053998
v 0.189897 0.059363 -0.056238
v 0.195545 0.015304 -0.054411
v -0.162775 0.196277 -0.405734
v -0.157131 0.201687 -0.403911
v -0.162775 0.151068 -0.405734
v -0.157131 0.055160 -0.403911
v -0.162442 0.011346 -0.406151
v -0.157131 0.065299 -0.403911
v -0.157131 0.075442 -0.403911
v -0.157131 0.085581 -0.403911
v -0.157131 0.095720 -0.403911
v -0.157131 0.105859 -0.403911
v -0.157131 0.121843 -0.403911
v -0.157131 0.137826 -0.403911
v -0.157131 0.153806 -0.403911
v -0.157131 0.169790 -0.403911
v -0.157131 0.185774 -0.403911
v -0.162775 0.060650 -0.405734
v -0.162775 0.015441 -0.405734
v -0.162775 0.015441 -0.054411
v -0.157131 0.185774 -0.056238
v -0.157131 0.169790 -0.056238
v -0.157131 0.153806 -0.056238
v -0.157131 0.137826 -0.056238
v -0.157131 0.121843 -0.056238
v -0.157131 0.105859 -0.056238
v -0.157131 0.089876 -0.056238
v -0.157131 0.073892 -0.056238
v -0.157131 0.041929 -0.056238
v -0.157131 0.025945 -0.056238
v -0.162775 0.196277 -0.054411
v -0.162775 0.151068 -0.054411
v -0.170155 0.019059 -0.406151
v -0.170155 0.019059 -0.053998
v -0.160833 0.467868 -0.388895
v -0.157131 0.201683 -0.056238
v 0.089939 0.199324 -0.405948
v 0.089911 0.203535 -0.401478
v 0.093547 0.188217 -0.046341
v 0.089869 0.199618 -0.054043
v 0.089841 0.203836 -0.058250
v -0.155143 0.468759 -0.387759
v -0.155129 0.532472 -0.383265
v -0.131071 0.692753 -0.054839
v 0.154603 0.604855 -0.379135
v -0.157015 0.624555 -0.055078
v -0.155108 0.566742 -0.380842
v -0.155143 0.548964 -0.382097
v -0.155125 0.490674 -0.386217
v -0.155125 0.503450 -0.385316
v -0.155122 0.517351 -0.384334
v -0.154389 0.639329 -0.055022
v -0.141628 0.674511 -0.054902
v -0.032817 0.766349 -0.366888
v -0.032754 0.767198 -0.053945
v 0.007501 0.763411 -0.054583
v 0.200078 0.018589 -0.406888
v 0.200078 0.018589 -0.053258
v 0.200078 0.188256 -0.053258
v 0.202925 0.187786 -0.406151
v 0.200078 0.188256 -0.406888
v -0.162912 0.014190 -0.406888
v -0.162442 0.011346 -0.053998
v 0.195678 0.014190 -0.406888
v 0.195678 0.014190 -0.053258
v 0.195678 0.192656 -0.053258
v 0.195678 0.192656 -0.406888
v 0.195209 0.195502 -0.053998
v -0.167312 0.018590 -0.406888
v -0.169009 0.024206 -0.056238
v -0.167312 0.018590 -0.053258
v 0.098683 0.191997 -0.058917
v 0.097509 0.192936 -0.401299
v 0.102606 0.192712 -0.397965
v 0.097267 0.193402 -0.058913
v 0.098655 0.196214 -0.063120
v 0.098196 0.197157 -0.062047
v 0.101484 0.193402 -0.063131
v 0.102441 0.192940 -0.062058
v 0.098922 0.191530 -0.401383
v 0.101723 0.192936 -0.397081
v 0.098893 0.195741 -0.396913
v 0.098361 0.196922 -0.397709
v -0.157131 0.032732 -0.273248
v -0.157131 0.127039 -0.147838
v -0.157131 0.127039 -0.312312
v -0.157131 0.169271 -0.286557
v -0.157131 0.201757 -0.316992
v -0.157131 0.178986 -0.273248
v -0.157131 0.201683 -0.143154
v -0.157131 0.169271 -0.173589
v -0.157131 0.178986 -0.186897
v -0.157131 0.042447 -0.173589
v -0.157131 0.032732 -0.186897
v -0.157131 0.084680 -0.312312
v -0.157131 0.026895 -0.373213
v -0.157222 0.011862 -0.368852
v -0.157131 0.053628 -0.297033
v -0.157131 0.042447 -0.286557
v -0.157131 0.022001 -0.243465
v -0.157131 0.020939 -0.230073
v -0.157131 0.025773 -0.258317
v -0.157131 0.022001 -0.216684
v -0.157131 0.025773 -0.201833
v -0.157131 0.064840 -0.155715
v -0.157131 0.053628 -0.163116
v -0.157131 0.098900 -0.145440
v -0.157131 0.105859 -0.145152
v -0.157131 0.091793 -0.146327
v -0.157131 0.071070 -0.152606
v -0.157131 0.146879 -0.155715
v -0.157131 0.140649 -0.152606
v -0.157131 0.133994 -0.149948
v -0.157131 0.112819 -0.145440
v -0.157131 0.119929 -0.146327
v -0.157131 0.201757 -0.230073
v -0.157131 0.189718 -0.216684
v -0.157131 0.190780 -0.230073
v -0.157131 0.201757 -0.201100
v -0.157131 0.185949 -0.201833
v -0.157131 0.201757 -0.172127
v -0.157131 0.201683 -0.085211
v -0.157131 0.158091 -0.163116
v -0.157131 0.201733 -0.114184
v -0.157131 0.189718 -0.243465
v -0.157131 0.185949 -0.258317
v -0.157131 0.201733 -0.259046
v -0.157131 0.201757 -0.288019
v -0.157131 0.201683 -0.374938
v -0.157131 0.146879 -0.304430
v -0.157131 0.201757 -0.345965
v -0.157131 0.158091 -0.297033
v -0.157131 0.140649 -0.307544
v -0.157131 0.133994 -0.310201
v -0.157131 0.112819 -0.314710
v -0.157131 0.105859 -0.314997
v -0.157131 0.119929 -0.313823
v -0.157131 0.098900 -0.314710
v -0.157131 0.091793 -0.313823
v -0.157131 0.064840 -0.304430
v -0.157131 0.071070 -0.307544
v -0.157131 0.077724 -0.310201
v 0.106996 0.196137 -0.060060
v 0.106996 0.149782 -0.060060
v 0.106996 0.010708 -0.060060
v 0.106996 0.057067 -0.060060
v 0.106996 0.057067 -0.400090
v 0.106999 0.010708 -0.400090
v 0.106996 0.196137 -0.400090
v 0.189992 0.011862 -0.056238
v 0.189897 0.015304 -0.403911
v 0.189992 0.194984 -0.403911
v 0.189897 0.191544 -0.056238
v -0.155164 0.606135 -0.055137
v -0.155939 0.614721 -0.081807
v -0.157033 0.624215 -0.084524
v -0.154498 0.638411 -0.088121
v -0.154473 0.638989 -0.089138
v -0.155164 0.606142 -0.081807
v -0.155129 0.585534 -0.081807
v -0.148920 0.656708 -0.054962
v -0.148997 0.656498 -0.098123
v -0.147153 0.660957 -0.100455
v -0.141852 0.674045 -0.111639
v -0.137217 0.682021 -0.118230
v -0.131457 0.692167 -0.132149
v -0.116262 0.711706 -0.054772
v -0.126233 0.698825 -0.140619
v -0.116820 0.711029 -0.166570
v -0.116872 0.710910 -0.265164
v -0.112300 0.715412 -0.253205
v -0.109121 0.718581 -0.194880
v -0.107487 0.720166 -0.224214
v -0.155111 0.569067 -0.349555
v -0.155108 0.566718 -0.348773
v -0.155143 0.548943 -0.342782
v -0.155136 0.541219 -0.340173
v -0.155129 0.532430 -0.334890
v -0.155122 0.517295 -0.325785
v -0.155122 0.516029 -0.325028
v -0.155125 0.503376 -0.313041
v -0.155125 0.494703 -0.304823
v -0.155125 0.490569 -0.298751
v -0.155136 0.478200 -0.280509
v -0.155147 0.468545 -0.256550
v -0.155154 0.467198 -0.253215
v -0.155189 0.462444 -0.224225
v -0.155147 0.468436 -0.179075
v -0.122650 0.732321 -0.194891
v -0.155178 0.464036 -0.194891
v -0.176414 0.045021 -0.403911
v -0.157131 0.045021 -0.403911
vn -0.9928 -0.1198 -0.0000
vn -0.9928 -0.1194 -0.0000
vn -0.0000 -0.1194 0.9928
vn -0.0000 -0.1196 0.9928
vn 0.9928 -0.1194 -0.0000
vn 0.9928 -0.1196 -0.0000
vn 0.9928 -0.1195 -0.0000
vn -0.0000 -0.1194 -0.9928
vn -0.0000 -0.1195 -0.9928
vn -0.9928 -0.1198 0.0006
vn -0.9928 -0.1196 -0.0000
vn -0.9929 -0.1193 -0.0000
vn -0.0003 -0.1194 0.9929
vn 0.9928 -0.1198 -0.0002
vn -0.0000 -0.1196 -0.9928
vn 0.9928 0.1196 -0.0000
vn -0.0000 0.1196 -0.9928
vn -0.9928 0.1195 -0.0000
vn -0.0000 0.1195 0.9928
vn -0.7522 -0.6589 -0.0000
vn -0.0045 -0.5300 0.8480
vn -0.9663 0.2576 -0.0000
vn -0.9664 0.2571 -0.0000
vn 0.8468 -0.5319 -0.0000
vn -0.0000 0.2576 0.9662
vn -0.0000 0.2576 0.9663
vn -0.0045 -0.5299 -0.8481
vn -0.0000 -0.1192 0.9929
vn 0.9929 -0.1188 -0.0000
vn 0.9663 0.2573 -0.0000
vn -0.0000 0.2576 -0.9663
vn -0.0000 -0.5612 0.8277
vn -0.0000 -0.5610 -0.8278
vn 0.0216 0.9997 -0.0066
vn 0.0905 0.9955 -0.0276
vn -0.0000 1.0000 -0.0000
vn -0.0000 -0.0000 1.0000
vn 0.0416 0.7269 0.6855
vn -0.1745 0.6980 0.6945
vn -0.0000 -0.0000 -1.0000
vn -0.0000 0.0209 -0.9998
vn -0.0000 0.0682 -0.9977
vn -0.0000 0.0683 -0.9977
vn -0.0000 0.0735 -0.9973
vn -0.0000 0.0736 -0.9973
vn -0.0000 0.0734 -0.9973
vn -0.0000 0.0737 -0.9973
vn -0.0000 0.0739 -0.9973
vn -0.0000 -1.0000 -0.0000
vn 0.0983 0.9952 -0.0000
vn 0.0990 0.9951 -0.0000
vn 1.0000 -0.0000 -0.0000
vn -1.0000 -0.0000 -0.0000
vn 1.0000 0.0028 -0.0000
vn 1.0000 0.0068 0.0001
vn 1.0000 0.0068 -0.0001
vn -1.0000 0.0002 -0.0000
vn -1.0000 0.0041 -0.0000
vn -1.0000 0.0009 -0.0000
vn -1.0000 0.0007 -0.0000
vn -1.0000 0.0004 -0.0000
vn 1.0000 -0.0013 -0.0000
vn 0.9287 -0.3708 -0.0003
vn 0.8779 -0.4788 -0.0004
vn 0.8773 -0.4800 -0.0004
vn -1.0000 -0.0007 -0.0000
vn -1.0000 0.0003 -0.0000
vn -1.0000 -0.0004 0.0001
vn -0.8642 0.5032 -0.0003
vn -0.8282 0.5605 -0.0003
vn -0.8828 0.4697 -0.0002
vn -0.8968 0.4425 -0.0001
vn 0.8413 0.5405 -0.0003
vn 0.9044 0.4267 -0.0001
vn 0.9040 0.4276 -0.0001
vn 0.9966 0.0826 -0.0000
vn 0.9994 -0.0337 -0.0000
vn -0.9988 -0.0497 -0.0000
vn -0.9993 0.0379 -0.0000
vn -0.9989 -0.0467 -0.0000
vn 0.9895 -0.1443 -0.0001
vn 0.9895 -0.1447 -0.0001
vn -1.0000 -0.0009 -0.0000
vn 0.9686 -0.2485 -0.0001
vn 0.9685 -0.2491 -0.0001
vn -1.0000 0.0005 -0.0000
vn 0.9290 -0.3700 -0.0003
vn -1.0000 0.0006 -0.0000
vn -1.0000 0.0021 -0.0000
vn -1.0000 0.0001 -0.0000
vn 0.7557 -0.6549 -0.0007
vn 0.7343 -0.6788 -0.0008
vn 0.7336 -0.6796 -0.0008
vn -1.0000 -0.0001 -0.0000
vn 0.8155 -0.5787 -0.0006
vn 0.7565 -0.6540 -0.0007
vn 0.8162 -0.5778 -0.0005
vn -0.3469 0.9379 -0.0010
vn -0.4253 0.9050 -0.0009
vn -0.3481 0.9374 -0.0010
vn 0.2798 0.9601 -0.0010
vn 0.3786 0.9256 -0.0010
vn 0.3778 0.9259 -0.0009
vn -0.5226 0.8526 -0.0007
vn -0.6375 0.7705 -0.0006
vn -0.5236 0.8520 -0.0008
vn 0.5026 0.8645 -0.0008
vn 0.6365 0.7713 -0.0006
vn 0.6355 0.7721 -0.0006
vn 0.7528 0.6583 -0.0005
vn 0.7520 0.6592 -0.0004
vn -0.7874 0.6165 -0.0004
vn -0.7457 0.6663 -0.0005
vn -0.8053 0.5929 -0.0004
vn 0.8419 0.5396 -0.0003
vn 0.9810 0.1940 -0.0000
vn 0.9966 0.0824 -0.0000
vn -0.9858 0.1681 0.0004
vn -0.9722 0.2341 -0.0000
vn -0.9989 0.0471 0.0002
vn 0.9484 0.3171 -0.0001
vn 0.9811 0.1935 -0.0000
vn -0.9542 0.2993 -0.0000
vn -0.9402 0.3406 -0.0001
vn -0.9689 0.2473 -0.0000
vn 0.9486 0.3164 -0.0000
vn -0.9241 0.3822 -0.0001
vn -0.9353 0.3539 -0.0001
vn -0.1437 0.9896 -0.0012
vn -0.2873 0.9578 -0.0010
vn -0.1342 0.9899 0.0455
vn 0.0616 0.9981 -0.0011
vn 0.0617 0.9981 -0.0012
vn 0.2019 0.9794 -0.0011
vn 0.2014 0.9795 -0.0010
vn -0.2867 0.9580 -0.0011
vn 0.2804 0.9599 -0.0010
vn 0.5036 0.8639 -0.0009
vn -0.4245 0.9054 -0.0009
vn 0.1956 -0.9807 -0.0000
vn 0.1310 -0.9914 -0.0000
vn 0.1956 0.9807 -0.0000
vn -0.9952 -0.0982 -0.0000
vn -0.9806 -0.1962 -0.0000
vn -0.9951 -0.0985 -0.0000
vn -0.9951 -0.0990 -0.0000
vn -0.9951 -0.0991 -0.0000
vn -0.9951 -0.0987 -0.0000
vn 0.7071 -0.7071 -0.0000
vn 0.9951 -0.0990 -0.0000
vn 0.9806 -0.1962 -0.0000
vn 0.7073 0.7069 -0.0000
vn 0.9951 0.0990 -0.0000
vn 0.9806 0.1962 -0.0000
vn -0.7071 -0.7071 -0.0000
vn -0.1310 -0.9914 -0.0000
vn -0.1956 -0.9807 -0.0000
vn 0.0983 -0.9952 -0.0000
vn 0.9952 -0.0983 -0.0000
vn -1.0000 0.0037 -0.0000
vn -0.0983 -0.9952 -0.0000
vn -1.0000 0.0043 -0.0000
vn -1.0000 0.0036 -0.0000
vn 1.0000 0.0067 -0.0000
vn 1.0000 0.0067 -0.0001
vn 1.0000 0.0066 -0.0000
vn 1.0000 0.0029 -0.0000
vn 1.0000 0.0068 -0.0000
vn 1.0000 0.0068 0.0002
vn 0.9276 -0.3736 -0.0003
vn 0.8762 -0.4819 -0.0005
vn 0.8778 -0.4791 -0.0004
vn -1.0000 -0.0006 -0.0000
vn -0.8296 0.5583 -0.0003
vn -0.8980 0.4400 -0.0001
vn -0.8972 0.4416 -0.0002
vn -0.8288 0.5596 -0.0003
vn 0.8429 0.5380 -0.0002
vn 0.9049 0.4256 -0.0001
vn 0.9044 0.4266 -0.0001
vn 0.9968 0.0803 -0.0000
vn 0.9993 -0.0368 -0.0000
vn -0.9995 0.0318 -0.0000
vn -0.9990 -0.0445 -0.0000
vn -0.9989 -0.0465 -0.0000
vn -0.9993 0.0378 -0.0000
vn 0.9892 -0.1468 -0.0001
vn 0.9678 -0.2517 -0.0001
vn 0.7550 -0.6558 -0.0006
vn 0.7335 -0.6796 -0.0008
vn 0.7344 -0.6787 -0.0007
vn 0.7565 -0.6540 -0.0006
vn 0.8141 -0.5807 -0.0006
vn 0.8162 -0.5778 -0.0006
vn -0.3472 0.9378 -0.0009
vn -0.4255 0.9050 -0.0009
vn 0.2803 0.9599 -0.0010
vn 0.3789 0.9254 -0.0009
vn 0.3786 0.9256 -0.0009
vn -0.6365 0.7713 -0.0007
vn -0.5237 0.8519 -0.0007
vn -0.6385 0.7696 -0.0007
vn 0.5041 0.8637 -0.0008
vn 0.6376 0.7704 -0.0006
vn -0.7471 0.6647 -0.0005
vn -0.7465 0.6654 -0.0005
vn -0.7465 0.6654 -0.0004
vn 0.7536 0.6573 -0.0004
vn 0.9815 0.1912 -0.0000
vn -0.9729 0.2311 -0.0000
vn -0.9724 0.2335 -0.0000
vn 0.9493 0.3143 -0.0001
vn -0.9408 0.3389 -0.0001
vn -0.9405 0.3399 -0.0000
vn -0.9405 0.3399 -0.0001
vn -0.1445 0.9895 -0.0013
vn -0.2871 0.9579 -0.0012
vn 0.0618 0.9981 -0.0010
vn 0.2018 0.9794 -0.0010
vn 0.2020 0.9794 -0.0012
vn -0.3477 0.9376 -0.0009
vn -0.5236 0.8520 -0.0009
vn 0.1959 -0.9806 -0.0000
vn -0.9805 -0.1963 -0.0000
vn 0.9952 -0.0982 -0.0000
vn 0.9805 -0.1963 -0.0000
vn 0.9951 -0.0989 -0.0006
vn 0.7072 0.7070 -0.0000
vn 0.7071 0.7071 -0.0000
vn 0.9952 0.0983 -0.0000
vn 0.9951 0.0989 0.0003
vn -0.1959 -0.9806 -0.0000
vn 0.5769 0.5784 0.5768
vn 0.5767 0.5787 0.5767
vn 0.5766 0.5788 0.5767
vn 0.5645 0.6027 -0.5640
vn 0.5641 0.6031 -0.5640
vn 0.5641 0.6030 -0.5640
vn 0.7040 0.7102 -0.0000
vn 0.7048 0.7094 -0.0000
vn 0.7038 0.7104 -0.0000
vn 0.5764 0.5791 0.5766
vn 0.5766 0.5790 0.5765
vn 0.5764 0.5790 0.5767
vn 0.5763 0.5789 0.5768
vn 0.5765 0.5789 0.5767
vn 0.5765 0.5788 0.5767
vn 0.5766 0.5787 0.5767
vn 0.5639 0.6032 -0.5641
vn 0.5643 0.6027 -0.5642
vn 0.5639 0.6030 -0.5642
vn 0.5640 0.6030 -0.5643
vn 0.5641 0.6028 -0.5643
vn 0.5640 0.6031 -0.5641
vn 0.5641 0.6030 -0.5641
vn 0.5639 0.6031 -0.5641
vn 0.7047 0.7095 -0.0000
vn 0.7042 0.7100 -0.0000
vn 0.7046 0.7096 -0.0000
vn -0.5627 -0.5987 -0.5701
vn 0.1931 -0.1950 0.9616
vn -0.5831 0.1088 0.8051
vn 0.0822 -0.7743 -0.6275
vn 0.5067 0.2976 -0.8091
vn -1.0000 0.0014 -0.0028
vn -0.2200 0.7348 0.6416
vn 0.9318 -0.3076 -0.1928
vn 0.0001 -0.0000 -1.0000
vn -0.0000 0.0314 -0.9995
vn -0.9957 -0.0923 -0.0000
vn -0.9985 0.0556 -0.0000
vn -0.9680 0.2511 -0.0000
vn -0.9860 0.1669 -0.0000
vn -0.9989 -0.0464 -0.0000
vn -1.0000 -0.0004 -0.0000
vn -0.9366 0.3505 -0.0000
vn -0.8854 0.4648 -0.0002
vn -0.9248 0.3804 -0.0000
vn -0.8088 0.5880 -0.0003
vn -0.8654 0.5010 -0.0003
vn -0.7174 0.6966 -0.0005
vn -0.7879 0.6158 -0.0004
vn -0.7147 0.6994 -0.0005
vn -0.7012 0.7130 -0.0006
vn -0.7013 0.7128 -0.0006
vn -1.0000 -0.0012 -0.0000
vn -1.0000 -0.0008 -0.0000
vn -1.0000 0.0067 -0.0000
vn -1.0000 0.0008 -0.0000
vn -1.0000 0.0074 -0.0000
vn -1.0000 0.0075 -0.0000
vn -1.0000 0.0068 -0.0000
vn -1.0000 0.0074 0.0001
vn -0.0000 -0.0000 -0.0000
vn -1.0000 0.0037 0.0001
vn 0.9317 -0.3078 -0.1928
vn -0.5627 -0.5986 -0.5701
vn 0.0637 -0.0000 -0.9980
vn 0.0214 -0.0000 -0.9998
vn -0.0209 -0.0000 -0.9998
vn -0.0128 -0.1423 -0.9897
vn -0.0178 -0.1585 -0.9872
vn 0.0024 0.0277 -0.9996
vn -0.0044 -0.0051 -1.0000
vn -0.0075 -0.0452 -0.9990
vn 0.0009 -0.0001 -1.0000
vn 0.0009 0.0009 -1.0000
vn 0.0009 -0.0000 -1.0000
vn -0.0000 -0.0017 -1.0000
vn -0.0000 -0.0015 -1.0000
vn -0.0000 0.0052 -1.0000
vn 0.0003 0.0225 -0.9997
vn -0.0002 -0.0072 -1.0000
vn 0.0012 -0.0061 -1.0000
vn 0.0013 0.0033 -1.0000
vn 0.0006 -0.0074 -1.0000
vn 0.0006 -0.0041 -1.0000
vn 0.0010 0.0006 -1.0000
vn 0.0009 -0.0002 -1.0000
vn -0.0054 -0.0241 -0.9997
vn 0.0019 0.0396 -0.9992
vn 0.0007 -0.0007 -1.0000
vn 0.0008 -0.0002 -1.0000
vn 0.0004 -0.0027 -1.0000
vn 0.0004 -0.0189 -0.9998
vn 0.0005 -0.0029 -1.0000
vn 0.0002 0.0017 -1.0000
vn -0.0000 -0.0034 -1.0000
vn 0.0001 0.0023 -1.0000
vn 0.0001 0.0005 -1.0000
vn -0.0002 -0.0181 -0.9998
vn -0.0002 0.0184 -0.9998
vn 0.0001 -0.0013 -1.0000
vn -0.0003 0.0080 -1.0000
vn -0.0000 0.0055 -1.0000
vn 0.0001 -0.0003 -1.0000
vn -0.0005 0.0247 -0.9997
vn -0.0002 0.0681 -0.9977
vn 0.0004 0.0126 -0.9999
vn 0.0011 -0.0326 -0.9995
vn 0.0006 -0.0113 -0.9999
vn 0.0636 -0.0000 0.9980
vn 0.0214 -0.0000 0.9998
vn -0.0209 -0.0000 0.9998
vn -0.0118 -0.1984 0.9800
vn -0.0184 -0.2314 0.9727
vn -0.5026 0.6816 -0.5318
vn -0.0045 -0.0822 0.9966
vn -0.0061 -0.1079 0.9941
vn 0.0015 -0.0770 0.9970
vn 0.0017 -0.0725 0.9974
vn 0.0019 -0.0717 0.9974
vn 0.0001 -0.0786 0.9969
vn -0.0000 -0.0781 0.9969
vn -0.0000 -0.0710 0.9975
vn 0.0005 -0.0508 0.9987
vn -0.0002 -0.0834 0.9965
vn -0.0002 -0.0600 0.9982
vn 0.0013 -0.0752 0.9972
vn 0.0011 -0.0779 0.9970
vn 0.0010 -0.0824 0.9966
vn 0.0015 -0.0708 0.9975
vn 0.0013 -0.0787 0.9969
vn -0.0047 -0.0986 0.9951
vn 0.0031 -0.0342 0.9994
vn 0.0019 -0.0728 0.9973
vn 0.0016 -0.0784 0.9969
vn 0.0002 -0.0951 0.9955
vn 0.0003 -0.0789 0.9969
vn 0.0004 -0.0792 0.9969
vn -0.0000 -0.0801 0.9968
vn 0.0001 -0.0755 0.9971
vn 0.0001 -0.0745 0.9972
vn 0.0001 -0.0758 0.9971
vn 0.0001 -0.0763 0.9971
vn -0.0000 -0.0719 0.9974
vn -0.0003 -0.0972 0.9953
vn -0.0002 -0.0683 0.9977
vn 0.0001 -0.0777 0.9970
vn 0.0001 -0.0771 0.9970
vn -0.0003 -0.0124 0.9999
vn -0.0005 -0.0527 0.9986
vn 0.0002 -0.0644 0.9979
vn 0.0010 -0.1085 0.9941
vn 0.0004 -0.0875 0.9962
vn 0.8597 -0.2943 0.4174
vn -0.0353 -0.6362 -0.7707
vn -0.7149 -0.6697 -0.2011
vn -0.8346 -0.0017 0.5508
vn -0.8332 -0.0000 -0.5529
vn -0.8333 -0.0000 0.5529
vn 0.8096 -0.0000 0.5870
vn -0.5031 -0.0300 0.8637
vn -0.7632 0.1268 -0.6336
vn -0.4724 0.0345 -0.8807
vn 0.7638 -0.0051 0.6455
vn 1.0000 -0.0010 -0.0000
vn 1.0000 -0.0009 -0.0000
vn 1.0000 -0.0007 -0.0000
vn 0.7699 -0.0016 0.6382
vn -0.8874 -0.0315 0.4599
vn -0.7611 0.0491 -0.6468
vn -0.6757 0.3692 0.6380
vn -0.6814 0.3273 -0.6547
vn -0.6374 0.3996 -0.6588
vn 1.0000 -0.0003 -0.0000
vn 0.7631 -0.0007 0.6463
vn 1.0000 0.0004 -0.0001
vn 0.8867 -0.4624 0.0004
vn 0.7977 -0.6028 -0.0162
vn 0.2789 -0.8591 0.4292
vn 0.6542 -0.3911 -0.6473
vn 0.7029 -0.2938 -0.6478
vn -0.6727 -0.3156 0.6692
vn -0.6665 -0.3743 -0.6447
vn -0.7016 -0.2830 -0.6540
vn -0.7558 0.0211 0.6544
vn -0.7543 -0.0118 -0.6564
vn -0.7533 0.0805 -0.6528
vn 0.7733 0.0232 -0.6336
vn 0.9984 0.0562 0.0001
vn 0.7343 0.0644 -0.6758
vn -0.7517 0.1102 0.6502
vn -0.7359 0.1575 -0.6585
vn 1.0000 0.0028 -0.0007
vn 0.7529 0.0489 -0.6563
vn 1.0000 0.0009 -0.0000
vn -0.7395 0.1873 0.6466
vn -0.7165 0.2381 -0.6557
vn 1.0000 0.0007 -0.0000
vn 0.7549 0.0041 0.6558
vn 0.7566 -0.0019 0.6539
vn 1.0000 -0.0005 -0.0000
vn -0.7155 0.2830 0.6387
vn 0.7602 -0.0014 0.6497
vn 1.0000 -0.0021 -0.0000
vn -0.5440 0.4851 0.6846
vn -0.5696 0.5239 -0.6333
vn -0.5378 0.4444 -0.7164
vn 0.7679 -0.0013 0.6406
vn 1.0000 -0.0001 -0.0000
vn 0.7656 -0.0011 0.6433
vn -0.6254 0.4801 0.6152
vn -0.5892 0.4735 -0.6548
vn -0.6347 0.4459 0.6311
vn 0.2750 -0.7042 -0.6546
vn 0.3107 -0.6540 0.6898
vn 0.3469 -0.6792 -0.6468
vn -0.2727 -0.6700 0.6905
vn -0.2226 -0.7246 -0.6522
vn -0.3091 -0.6998 -0.6440
vn 0.4176 -0.6343 -0.6505
vn 0.4694 -0.5646 0.6789
vn 0.5168 -0.5693 -0.6393
vn -0.4632 -0.5672 0.6810
vn -0.4056 -0.6483 -0.6443
vn -0.5152 -0.5713 -0.6389
vn -0.5549 -0.4844 0.6763
vn -0.5970 -0.4736 -0.6475
vn 0.5911 -0.4784 -0.6494
vn 0.8019 -0.5974 0.0017
vn -0.6236 -0.4016 0.6708
vn -0.7489 -0.0640 0.6596
vn -0.7515 -0.0957 -0.6527
vn 0.3533 -0.7599 -0.5457
vn 0.9686 -0.2486 -0.0014
vn 0.8025 -0.2347 -0.5485
vn 0.7477 -0.1265 -0.6518
vn -0.7361 -0.1471 0.6607
vn -0.7358 -0.1917 -0.6495
vn 0.7242 -0.2128 -0.6559
vn 0.9549 -0.2971 -0.0000
vn -0.7097 -0.2376 0.6632
vn 0.9713 -0.2380 0.0036
vn 0.9350 -0.3546 -0.0001
vn 0.1316 -0.7691 -0.6254
vn 0.2088 -0.6901 0.6929
vn 0.2275 -0.7280 -0.6467
vn -0.0584 -0.7723 -0.6326
vn 0.1082 -0.7098 0.6960
vn -0.1524 -0.7075 0.6901
vn -0.1598 -0.7450 -0.6477
vn 0.2463 -0.6801 0.6905
vn -0.2018 -0.6912 0.6939
vn -0.3657 -0.6297 0.6854
vn 0.3754 -0.6237 0.6856
vn 0.2458 -0.9537 -0.1732
vn 0.1332 -0.9223 -0.3629
vn 0.2043 -0.9322 0.2987
vn 0.3104 0.8289 -0.4654
vn -0.8615 0.4426 0.2488
vn 0.1736 -0.9848 0.0004
vn 0.1734 -0.9848 0.0011
vn 0.1731 -0.9849 0.0006
vn 0.1724 -0.9850 -0.0004
vn 0.1713 -0.9852 -0.0018
vn 0.1703 -0.9854 -0.0000
vn 0.1715 -0.9852 0.0014
vn 0.1725 -0.9850 -0.0001
vn 0.1731 -0.9849 -0.0008
vn 0.1737 -0.9848 -0.0005
vn 0.1737 -0.9848 -0.0009
vn 0.4373 -0.8351 0.3337
vn -0.7369 -0.4527 -0.5020
vn 0.6391 -0.6391 -0.4280
vn 0.6390 -0.6390 0.4281
vn 0.8289 -0.3104 -0.4655
vn -0.2950 -0.8706 -0.3936
vn 0.8286 -0.3145 0.4632
vn 0.6390 0.6390 0.4281
vn 0.6391 0.6391 -0.4280
vn 0.8289 0.3104 0.4654
vn -0.3646 0.8815 0.3000
vn 0.8251 0.2541 -0.5047
vn -0.6390 -0.6390 0.4281
vn -0.4075 -0.8083 -0.4250
vn -0.7031 -0.6582 -0.2691
vn -0.3487 -0.8095 0.4724
vn 0.0050 -0.9711 -0.2385
vn -0.7418 0.3890 -0.5462
vn 0.3151 -0.9252 0.2116
vn 0.0257 -0.9646 0.2625
vn 0.4416 -0.8485 -0.2917
vn 0.1180 0.9531 -0.2788
vn 0.1102 0.6456 -0.7557
vn -0.0321 -0.9565 -0.2901
vn -0.2109 -0.9036 0.3730
vn 0.4028 0.2920 0.8675
vn 0.6251 0.4452 0.6411
vn 0.2320 0.1568 0.9600
vn -0.0364 -0.5107 0.8590
vn -0.9353 0.2467 -0.2537
vn -0.6108 -0.1502 -0.7774
vn -0.3119 -0.0000 -0.9501
vn -0.8348 0.0116 -0.5504
vn 0.4464 -0.8617 0.2410
vn -0.8335 0.0001 -0.5525
vn -0.8348 -0.0000 -0.5506
vn -0.3649 -0.0003 -0.9310
vn 0.9980 -0.0037 0.0634
vn -0.3515 -0.0725 0.9334
vn -0.3122 0.0003 0.9500
vn -0.8348 -0.0117 0.5505
vn 0.4471 0.8618 -0.2396
vn -0.3648 0.0003 0.9311
vn 0.9981 0.0039 -0.0613
vn -0.3125 -0.0000 0.9499
vn 0.2969 0.0121 -0.9548
vn 0.8023 0.0236 -0.5964
vn 0.3074 -0.0000 -0.9516
vn 0.8333 -0.0000 -0.5529
vn -0.3127 0.6795 0.6637
vn 0.8332 -0.0000 -0.5529
vn 0.8332 -0.0000 -0.5530
vn 0.3596 0.0003 -0.9331
vn -0.9980 0.0038 0.0629
vn 0.3510 0.0687 0.9338
vn 0.3119 -0.0003 0.9501
vn 0.3367 -0.0007 0.9416
vn 0.8125 0.0123 0.5828
vn 0.7878 -0.0054 0.6159
vn 0.1220 -0.0062 0.9925
vn 0.3223 0.0003 0.9466
vn 0.3125 -0.0000 0.9499
vn 0.7209 -0.3255 0.6118
vn -0.0041 -1.0000 0.0022
vn 0.0143 -0.9997 0.0199
vn 0.9163 0.0578 -0.3963
vn 0.1608 0.0635 -0.9849
vn 0.2919 0.0552 -0.9549
vn 0.8092 -0.0167 0.5873
vn 0.1680 -0.0023 0.9858
vn 0.2816 0.4367 -0.8544
vn 0.4301 0.6492 -0.6273
vn 0.1316 0.2649 -0.9553
vn -0.2433 0.2282 -0.9427
vn 0.9613 0.0500 0.2709
vn 0.5950 0.0254 0.8033
vn -0.9615 -0.0383 0.2720
vn -0.8812 -0.2158 -0.4205
vn 0.1804 0.0704 -0.9811
vn 0.7679 0.0499 -0.6386
vn 0.1866 -0.0015 0.9824
vn 0.0752 0.0618 -0.9953
vn -0.7386 0.1589 0.6552
vn -0.5171 -0.0198 0.8557
vn 0.3125 0.1894 0.9308
vn -0.1328 0.1328 -0.9822
vn -0.1047 0.1316 -0.9858
vn -0.1837 0.0991 0.9780
vn -0.2042 0.0792 0.9757
vn 0.1535 0.0720 -0.9855
vn 0.7608 0.0470 -0.6472
vn 0.1594 0.0711 -0.9846
vn 0.1602 -0.0003 0.9871
vn 0.1662 -0.0012 0.9861
vn 0.1954 -0.0528 -0.9793
vn 0.1985 -0.0191 -0.9799
vn 0.1299 -0.0672 0.9893
vn 0.6126 -0.4139 0.6734
vn 0.1125 -0.0758 0.9908
vn -0.2036 -0.0499 -0.9778
vn -0.1773 -0.0098 -0.9841
vn -0.1143 -0.0548 0.9919
vn -0.1205 -0.0816 0.9894
vn -0.1642 0.0624 -0.9845
vn -0.1717 0.0865 -0.9813
vn -0.1566 -0.0142 0.9876
vn -0.1881 0.0040 0.9821
vn 0.2464 0.0859 -0.9654
vn 0.0446 0.0426 -0.9981
vn 0.0647 -0.0148 0.9978
vn 0.7687 -0.0255 0.6391
vn 0.2670 -0.0110 0.9636
vn -0.1385 0.0942 -0.9859
vn -0.1720 0.0243 0.9848
vn 0.1417 0.0790 -0.9868
vn 0.1497 0.0078 0.9887
vn -0.1432 0.1174 -0.9827
vn -0.1941 0.0506 0.9797
vn 0.7550 0.0466 -0.6541
vn 0.1412 0.0712 -0.9874
vn 0.1472 -0.0015 0.9891
vn 0.7582 0.0467 -0.6503
vn 0.1748 0.0714 -0.9820
vn 0.7679 0.0455 -0.6390
vn 0.1817 -0.0006 0.9834
vn -0.1038 0.1533 -0.9827
vn 0.1410 -0.1579 -0.9773
vn 0.1290 -0.0891 0.9876
vn -0.2707 0.1432 0.9520
vn 0.1678 0.0713 -0.9832
vn 0.7656 0.0461 -0.6416
vn 0.1739 -0.0011 0.9848
vn -0.1027 0.1521 -0.9830
vn -0.1966 0.1343 0.9712
vn 0.7632 0.0464 -0.6445
vn 0.0773 -0.1397 -0.9872
vn 0.1215 -0.1588 -0.9798
vn 0.0183 -0.0551 0.9983
vn 0.0475 -0.0806 0.9956
vn -0.0657 -0.1561 -0.9856
vn -0.1111 -0.1774 -0.9778
vn -0.0193 -0.0575 0.9982
vn -0.0387 -0.0879 0.9954
vn 0.1271 -0.1321 -0.9831
vn 0.1838 -0.1351 -0.9736
vn 0.0429 -0.0751 0.9963
vn 0.0885 -0.1019 0.9909
vn -0.1358 -0.1544 -0.9786
vn -0.1827 -0.1374 -0.9735
vn -0.0515 -0.0882 0.9948
vn -0.0843 -0.1042 0.9910
vn 0.1737 -0.0805 -0.9815
vn 0.0835 -0.0789 0.9934
vn -0.1813 -0.0826 -0.9799
vn -0.0908 -0.0814 0.9925
vn -0.1819 0.0417 -0.9824
vn -0.1551 -0.0334 0.9873
vn 0.1980 0.0379 -0.9795
vn 0.1665 -0.0384 0.9853
vn -0.1982 0.0155 -0.9800
vn -0.1476 -0.0493 0.9878
vn 0.1704 0.0114 -0.9853
vn 0.7269 -0.1724 0.6648
vn 0.1209 -0.0487 0.9915
vn 0.6657 -0.3280 0.6703
vn 0.0469 -0.2382 -0.9701
vn 0.0438 -0.1490 -0.9879
vn 0.0037 -0.0621 0.9981
vn 0.0070 -0.1306 0.9914
vn -0.0211 -0.2309 -0.9728
vn 0.0029 -0.1202 0.9927
vn -0.0380 -0.1639 -0.9857
vn -0.0425 -0.7211 0.6915
vn -0.0128 -0.0683 0.9976
vn -0.1240 -0.5630 0.8171
vn -0.5932 -0.8032 0.0548
vn -0.1636 0.5993 -0.7836
vn 0.2541 0.8251 0.5046
vn -0.5609 0.7943 0.2334
vn -0.2550 0.7443 0.6173
vn -0.6236 0.0979 0.7756
vn 0.1341 -0.4219 -0.8967
vn 0.2347 -0.8488 0.4737
vn 0.3970 -0.3970 0.8275
vn 0.3970 -0.3971 0.8275
vn 0.3972 -0.3973 -0.8273
vn 0.3973 -0.3973 -0.8272
vn -0.7580 0.6199 0.2027
vn 0.5993 0.1637 -0.7836
vn 0.3972 0.3972 -0.8273
vn 0.6390 0.6390 0.4282
vn 0.3970 0.3970 0.8275
vn 0.5121 -0.8387 -0.1854
vn 0.7444 -0.2554 -0.6170
vn 0.5990 -0.1632 0.7839
vn -0.3970 -0.3970 0.8275
vn 0.1697 -0.6097 0.7743
vn -0.6348 -0.7166 0.2890
vn 0.0862 -0.4457 -0.8910
vn -0.6333 -0.6370 -0.4395
vn -0.5495 -0.6612 -0.5108
vn -0.5064 -0.7382 -0.4456
vn -0.6268 -0.6494 0.4305
vn -0.6480 -0.5734 0.5014
vn -0.7279 -0.5274 0.4382
vn -0.6364 -0.7714 0.0004
vn -0.6620 -0.7495 -0.0001
vn -0.6253 -0.7804 -0.0003
vn -0.7270 -0.5107 -0.4590
vn -0.6630 -0.5450 -0.5132
vn -0.6287 -0.3479 -0.6955
vn 0.1231 0.3510 -0.9283
vn 0.5730 0.7267 0.3790
vn 0.3064 0.1501 -0.9400
vn 0.4698 0.6446 0.6031
vn -0.3569 -0.6803 -0.6402
vn -0.2348 -0.5996 -0.7651
vn -0.4962 -0.7444 0.4469
vn -0.5306 -0.6844 0.5000
vn -0.3527 -0.6568 0.6665
vn 0.2918 0.0305 0.9560
vn 0.7989 0.5883 -0.1248
vn 0.0454 0.1534 0.9871
vn 0.7008 0.6950 -0.1608
vn -0.6614 -0.3680 0.6536
vn -0.5842 -0.2511 0.7718
vn -0.6691 -0.7432 0.0003
vn -0.7372 -0.6757 0.0001
vn -0.7410 -0.6715 0.0002
vn -0.7659 -0.6430 -0.0000
vn 1.0000 -0.0034 -0.0014
vn -0.8139 -0.3097 -0.4916
vn 1.0000 -0.0037 -0.0000
vn 1.0000 -0.0015 0.0011
vn 1.0000 -0.0028 0.0015
vn 0.9985 -0.0260 -0.0489
vn 0.1690 -0.9801 -0.1040
vn 1.0000 -0.0002 -0.0011
vn 1.0000 -0.0016 -0.0021
vn 1.0000 -0.0086 -0.0007
vn 0.9999 -0.0107 -0.0000
vn 1.0000 -0.0059 -0.0012
vn 1.0000 -0.0085 0.0005
vn 1.0000 -0.0056 0.0016
vn 1.0000 0.0015 0.0012
vn 1.0000 -0.0004 0.0013
vn 1.0000 0.0020 0.0008
vn 0.6758 -0.7332 -0.0753
vn 0.1131 0.5700 0.8138
vn -0.9041 0.0286 0.4263
vn -0.8412 0.4149 -0.3466
vn 0.0071 0.7912 0.6115
vn -0.2313 -0.8603 -0.4543
vn 0.0477 -0.7499 -0.6598
vn 1.0000 0.0015 -0.0005
vn -0.1819 -0.1933 0.9641
vn -0.2554 -0.2946 -0.9209
vn -0.9615 -0.2273 -0.1546
vn -0.1257 -0.8674 0.4815
vn 0.0796 0.7424 -0.6652
vn -0.0408 0.8067 0.5896
vn -0.0876 -0.9584 0.2716
vn 0.0347 -0.9365 -0.3489
vn -0.9610 -0.2573 0.1013
vn 0.0033 -0.6347 0.7728
vn -0.0257 0.3563 -0.9340
vn -0.1978 0.6947 0.6915
vn -0.9544 0.0542 0.2936
vn -0.2843 0.2842 -0.9157
vn -0.0208 -0.1603 -0.9869
vn -0.3164 0.8571 0.4065
vn 0.0018 0.8467 0.5321
vn -0.0120 -0.6334 -0.7737
vn -0.0442 0.7275 -0.6846
vn -0.0052 0.8526 -0.5225
vn -0.0210 -0.9485 0.3162
vn 0.0776 0.8549 0.5130
vn -0.7300 0.6831 0.0216
vn -0.0359 0.2299 0.9726
vn -0.1985 -0.6951 -0.6909
vn -0.9545 -0.0579 -0.2924
vn -0.2844 -0.2847 0.9155
vn 0.9674 -0.2231 -0.1199
vn 0.0883 0.5311 0.8427
vn 0.1619 0.7636 -0.6251
vn 0.9480 0.1127 -0.2978
vn 0.2842 0.2843 0.9156
vn -0.0205 -0.2058 0.9784
vn -0.3123 -0.8712 0.3787
vn -0.7057 0.0776 -0.7043
vn -0.3124 0.8715 -0.3780
vn -0.7057 -0.0776 0.7042
vn 0.7373 0.0480 0.6738
vn 0.9949 0.1007 -0.0008
vn 0.9985 -0.0544 0.0001
vn 0.9958 -0.0913 -0.0008
vn 0.9688 -0.2480 -0.0004
vn 0.9991 0.0424 -0.0011
vn 0.7028 -0.2574 0.6632
vn 0.9356 -0.3530 0.0004
vn 0.9254 -0.3789 0.0002
vn 0.8848 -0.4660 0.0005
vn 0.8678 -0.4968 -0.0000
vn 0.8079 -0.5893 0.0006
vn 0.5496 -0.4881 0.6780
vn 0.7904 -0.6126 0.0001
vn 0.7172 -0.6969 0.0007
vn 0.7145 -0.6997 0.0002
vn 0.7020 -0.7121 0.0002
vn 0.7020 -0.7122 0.0010
vn 0.7048 -0.7094 0.0006
vn 1.0000 0.0012 -0.0000
vn 1.0000 -0.0002 -0.0000
vn 1.0000 0.0008 -0.0000
vn 1.0000 0.0006 -0.0000
vn 1.0000 0.0001 -0.0000
vn 1.0000 -0.0047 -0.0000
vn 1.0000 -0.0076 -0.0000
vn 1.0000 -0.0075 -0.0000
vn 1.0000 -0.0069 -0.0000
vn -0.0000 0.3309 -0.9437
vn -0.0000 0.2493 -0.9684
vn 0.0012 0.9272 -0.3746
vn 0.0064 0.9636 -0.2672
vn 0.0008 0.9289 -0.3702
vn 0.0007 0.8277 -0.5611
vn 0.0008 0.8276 -0.5613
vn 0.0006 0.7619 -0.6477
vn 0.0004 0.7621 -0.6474
vn 0.0003 0.4207 -0.9072
vn -0.0001 0.4201 -0.9075
vn 0.0001 0.4199 -0.9076
vn -0.5173 -0.8402 0.1624
vn -0.4133 -0.5060 0.7571
vn -0.3703 -0.7511 -0.5466
vn -0.3520 -0.8052 0.4772
vn -0.3220 -0.5478 0.7722
vn -0.2815 -0.4900 0.8250
vn 0.0003 -0.1132 0.9936
vn 0.0023 -0.1126 0.9936
vn 0.0075 -0.1078 0.9941
vn 0.0006 0.0081 1.0000
vn 0.0007 -0.0017 1.0000
vn -0.0001 0.1081 0.9941
vn -0.0001 0.1082 0.9941
vn -0.0000 0.1079 -0.9942
vn 0.0001 0.2148 -0.9767
vn -0.0001 0.1082 -0.9941
vn 0.0005 0.3202 -0.9474
vn 0.0001 0.2145 -0.9767
vn 0.0003 0.3195 -0.9476
vn 0.0001 0.7621 -0.6475
vn 0.0001 0.7618 -0.6478
vn -0.0000 0.6877 -0.7260
vn 0.0001 0.6873 -0.7264
vn -0.0000 0.6051 -0.7961
vn -0.0000 0.6051 -0.7962
vn -0.0001 0.5154 -0.8569
vn -0.0001 0.5157 -0.8568
vn -0.0002 0.4199 -0.9076
vn -0.6098 -0.6658 0.4298
vn -0.5450 -0.6457 0.5348
vn -0.5233 -0.7074 0.4752
vn -0.4123 -0.5181 0.7494
vn -0.0759 -0.3256 0.9425
vn -0.0445 -0.2136 0.9759
vn -0.0715 -0.8747 0.4793
vn 0.7580 0.6103 0.2299
vn -0.0263 -0.1028 0.9944
vn 0.0010 0.0021 1.0000
vn -0.1710 -0.4955 0.8516
vn -0.1330 -0.3819 0.9146
vn -0.1300 -0.4442 0.8864
vn -0.0825 -0.2917 0.9529
vn -0.2356 -0.4649 0.8535
vn -0.3096 -0.7998 0.5142
vn -0.1767 -0.4458 0.8775
vn 0.9913 -0.1313 -0.0000
vn 0.0156 0.5656 0.8246
vn 0.0102 -0.1877 0.9822
vn 0.0127 0.5380 0.8428
vn -0.0122 0.5442 -0.8389
vn 0.0361 -0.1727 -0.9843
vn 0.0368 -0.1852 -0.9820
vn -0.0001 0.9419 0.3358
vn -0.0000 0.8611 0.5085
vn -0.0001 -0.1659 -0.9861
vn -0.0001 -0.2494 -0.9684
vn -0.0000 -0.2494 0.9684
vn -0.0000 -0.1660 0.9861
vn -0.0000 -0.8611 0.5085
vn -0.0000 -0.7490 0.6626
vn -0.0000 -0.7490 -0.6626
vn -0.0000 -0.8611 -0.5085
vn -0.0000 0.8611 -0.5084
vn -0.0000 0.7489 -0.6626
vn -0.0000 0.2493 0.9684
vn -0.0000 0.3309 0.9437
vn -0.0000 0.4998 0.8661
vn -0.0000 0.6194 0.7850
vn -0.0000 0.7490 0.6626
vn -0.0000 0.8611 0.5084
vn -0.0000 0.9866 0.1632
vn -0.0000 0.9866 0.1631
vn -0.0000 0.9866 -0.1631
vn -0.0000 0.9866 -0.1632
vn -0.0001 0.9420 -0.3357
vn -0.0001 0.9419 -0.3358
vn -0.0000 0.6195 -0.7850
vn -0.0000 0.4996 -0.8662
vn -0.0000 0.0827 -0.9966
vn -0.0000 0.1660 -0.9861
vn -0.0000 0.4091 -0.9125
vn -0.0000 -0.4091 -0.9125
vn -0.0000 -0.4996 -0.8662
vn -0.0000 -0.3309 -0.9437
vn -0.0001 -0.3311 -0.9436
vn -0.0000 -0.0826 -0.9966
vn -0.0000 -0.1657 -0.9862
vn -0.0000 -0.9866 -0.1631
vn -0.0000 -0.9420 -0.3357
vn -0.0000 -0.6195 -0.7850
vn -0.0000 -0.9866 0.1631
vn -0.0000 -0.9419 0.3358
vn -0.0000 -0.6195 0.7850
vn -0.0000 -0.4998 0.8661
vn -0.0000 -0.4093 0.9124
vn -0.0000 -0.3309 0.9437
vn -0.0000 -0.0826 0.9966
vn -0.0000 0.0826 0.9966
vn -0.0000 0.1660 0.9861
vn -0.0000 0.4093 0.9124
vn -0.9241 -0.3821 -0.0000
vn -0.9242 -0.3819 -0.0000
vn 0.0093 -0.1429 -0.9897
vn 0.0075 -0.1032 -0.9946
vn -0.0187 -0.2590 -0.9657
vn -0.0030 -0.2044 -0.9789
vn -0.0361 -0.2320 -0.9720
vn -0.1553 -0.7283 -0.6675
vn -0.1817 -0.7952 -0.5785
vn -0.0775 -0.3203 -0.9441
vn -0.1623 -0.4093 -0.8979
vn -0.1341 -0.3659 -0.9209
vn -0.1775 -0.4505 -0.8749
vn -0.2095 -0.4994 -0.8407
vn -0.2868 -0.5270 -0.8000
vn -0.2529 -0.4946 -0.8315
vn -0.3116 -0.5568 -0.7700
vn -0.3495 -0.5913 -0.7268
vn -0.4401 -0.5907 -0.6764
vn -0.4012 -0.5626 -0.7228
vn -0.4586 -0.6127 -0.6437
vn -0.4880 -0.6253 -0.6090
vn -0.6306 -0.6373 -0.4429
vn -0.6179 -0.6357 -0.4627
vn -0.6931 -0.6862 -0.2206
vn -0.6995 -0.6813 -0.2158
vn -0.7108 -0.6993 0.0758
vn -0.7109 -0.6992 0.0758
vn -0.6669 -0.6568 0.3519
vn -0.6632 -0.6532 0.3654
vn -0.6255 -0.6020 0.4963
vn -0.0003 0.2160 0.9764
vn 0.0001 0.2125 0.9772
vn -0.0002 0.3199 0.9475
vn 0.0004 0.3163 0.9487
vn -0.0000 0.3196 0.9476
vn -0.0000 0.3193 0.9476
vn -0.0002 0.4199 0.9076
vn -0.0003 0.4201 0.9075
vn -0.0003 0.5155 0.8569
vn -0.0002 0.5154 0.8570
vn -0.0002 0.5156 0.8568
vn -0.0000 0.5144 0.8575
vn -0.0000 0.6051 0.7961
vn -0.0001 0.6047 0.7964
vn -0.0000 0.6877 0.7259
vn -0.0000 0.6877 0.7260
vn -0.0000 0.7621 0.6475
vn 0.0002 0.7617 0.6479
vn 0.0004 0.8275 0.5615
vn 0.0006 0.8271 0.5620
vn 0.0019 0.8831 0.4691
vn -0.0003 0.8839 0.4677
vn 0.0050 0.9285 0.3713
vn 0.0079 0.9268 0.3755
vn 0.0066 0.9636 0.2672
vn 0.0073 0.9628 0.2702
vn 0.0075 0.9985 0.0541
vn 0.0072 0.9868 -0.1619
vn 0.0066 0.9623 -0.2720
vn 0.0074 0.9868 -0.1617
vn 0.0001 0.0721 -0.9974
vn 0.5763 0.5791 0.5767
vn 0.5767 0.5786 0.5767
vn 0.5642 0.6027 -0.5643
vn 0.7045 0.7097 -0.0000
vn -0.7014 0.7127 -0.0006
vn -1.0000 0.0014 -0.0027
vn -0.5833 0.1087 0.8050
vn 0.0822 -0.7741 -0.6277
vn -0.5628 -0.5986 -0.5701
vn -0.0102 0.1992 -0.9799
vn 0.0023 -0.0419 0.9991
vn 0.0010 -0.0839 0.9965
vn -0.0096 0.1099 0.9939
vn -0.6391 -0.6391 -0.4280
vn 0.5811 0.4451 0.6813
vn 0.8386 -0.0395 -0.5434
vn 0.4301 0.5989 -0.6755
vn -0.5749 -0.2773 -0.7698
vn -0.2925 -0.6095 0.7368
vn -0.7706 -0.6373 0.0003
vn 1.0000 -0.0075 0.0001
vn -0.3268 -0.5565 0.7639
vn -0.0102 -0.1039 0.9945
vn -0.6349 -0.4419 -0.6337
vn 0.0139 -0.1681 0.9857
vn -0.0114 0.5480 -0.8364
vn 0.1109 0.9933 -0.0338
vt 0.227741 0.342861
vt 0.298667 0.341099
vt 0.300447 0.412774
vt 0.225171 0.382507
vt 0.225969 0.414624
vt 0.506247 0.376468
vt 0.299608 0.378984
vt 0.508801 0.479317
vt 0.302227 0.484446
vt 0.226766 0.446738
vt 0.507065 0.409418
vt 0.301286 0.446562
vt 0.293007 0.484675
vt 0.231301 0.486208
vt 0.506861 0.401190
vt 0.506197 0.374470
vt 0.506912 0.403247
vt 0.225778 0.343303
vt 0.229318 0.485863
vt 0.505329 0.339522
vt 0.504887 0.337559
vt 0.224622 0.344518
vt 0.224277 0.346501
vt 0.228103 0.484709
vt 0.227661 0.482746
vt 0.503674 0.336402
vt 0.501692 0.336058
vt 0.298130 0.484548
vt 0.301202 0.484472
vt 0.224374 0.350393
vt 0.227564 0.478852
vt 0.508701 0.475323
vt 0.507883 0.442370
vt 0.506147 0.372466
vt 0.506331 0.379857
vt 0.506514 0.387247
vt 0.506698 0.394637
vt 0.506881 0.402028
vt 0.507354 0.421068
vt 0.507644 0.432719
vt 0.507933 0.444369
vt 0.508222 0.456019
vt 0.508511 0.467669
vt 0.505428 0.343516
vt 0.506776 0.397770
vt 0.506486 0.386120
vt 0.505908 0.362820
vt 0.505619 0.351169
vt 0.296081 0.484599
vt 0.299155 0.484523
vt 0.506594 0.390469
vt 0.507218 0.415592
vt 0.507481 0.426166
vt 0.507536 0.428369
vt 0.506649 0.392672
vt 0.505636 0.351865
vt 0.506704 0.394875
vt 0.506485 0.386066
vt 0.506430 0.383864
vt 0.506540 0.388269
vt 0.506758 0.397075
vt 0.507014 0.407361
vt 0.506963 0.405304
vt 0.506810 0.399132
vt 0.507371 0.421763
vt 0.507320 0.419706
vt 0.507269 0.417649
vt 0.507116 0.411478
vt 0.507167 0.413535
vt 0.507645 0.432772
vt 0.507700 0.434972
vt 0.507590 0.430569
vt 0.507426 0.423964
vt 0.302125 0.480350
vt 0.298769 0.345196
vt 0.505964 0.365076
s 1
f 1/1/1 2/1/2 3/1/1
f 1/1/3 4/2/4 5/1/4
f 6/2/5 7/2/6 4/2/7
f 3/1/8 7/2/9 8/2/8
f 9/1/10 3/1/1 10/1/11
f 11/1/12 5/1/2 12/1/12
f 9/1/13 6/2/3 1/1/3
f 12/1/4 4/2/4 13/2/4
f 14/2/5 6/2/5 15/2/5
f 16/2/14 4/2/7 7/2/6
f 10/1/8 8/2/8 14/2/8
f 11/1/15 7/2/9 2/1/9
f 17/1/16 18/1/16 19/1/16
f 18/1/17 20/2/17 21/2/17
f 21/2/18 22/2/18 23/2/18
f 22/2/19 19/1/19 23/2/19
f 24/1/20 17/1/20 25/1/20
f 20/2/21 24/1/21 26/2/21
f 21/2/22 27/2/22 28/2/23
f 22/2/24 26/2/24 29/2/24
f 27/2/25 19/1/26 30/1/26
f 25/1/27 22/2/27 29/2/27
f 1/1/1 5/1/2 2/1/2
f 1/1/3 6/2/3 4/2/4
f 6/2/5 8/2/5 7/2/6
f 3/1/8 2/1/9 7/2/9
f 9/1/10 1/1/1 3/1/1
f 11/1/12 2/1/2 5/1/2
f 9/1/13 15/2/28 6/2/3
f 12/1/4 5/1/4 4/2/4
f 14/2/5 8/2/5 6/2/5
f 16/2/14 13/2/29 4/2/7
f 10/1/8 3/1/8 8/2/8
f 11/1/15 16/2/15 7/2/9
f 17/1/16 31/1/16 18/1/16
f 18/1/17 31/1/17 20/2/17
f 21/2/18 20/2/18 22/2/18
f 22/2/19 17/1/19 19/1/19
f 30/1/30 19/1/30 18/1/30
f 24/1/20 31/1/20 17/1/20
f 18/1/31 21/2/31 28/2/31
f 20/2/32 31/1/32 24/1/32
f 21/2/22 23/2/22 27/2/22
f 22/2/24 20/2/24 26/2/24
f 27/2/25 23/2/25 19/1/26
f 25/1/33 17/1/33 22/2/33
f 30/1/34 28/2/35 27/2/36
f 32/3/37 33/4/37 34/5/37
f 32/3/37 35/6/37 36/7/37
f 37/8/37 38/9/37 39/9/37
f 40/9/37 37/8/37 39/9/37
f 41/9/37 42/8/37 43/8/37
f 44/9/37 45/8/37 46/8/37
f 47/8/37 48/9/37 49/8/37
f 50/9/37 47/8/37 51/8/37
f 52/9/37 51/8/37 53/8/37
f 54/9/37 53/8/37 42/8/37
f 55/8/37 40/9/37 56/9/37
f 57/8/37 56/9/37 58/9/37
f 43/8/37 58/9/37 41/9/37
f 59/9/37 60/8/37 61/9/37
f 62/9/37 63/8/37 64/9/37
f 64/9/37 65/8/37 66/9/37
f 67/9/37 65/8/37 45/8/37
f 68/8/37 48/9/37 69/9/37
f 70/8/37 69/9/37 71/9/37
f 70/8/37 44/9/37 46/8/37
f 72/9/38 73/8/39 74/9/37
f 74/9/37 75/8/37 59/9/37
f 76/8/37 61/9/37 60/8/37
f 77/3/40 78/10/40 79/5/40
f 80/11/40 81/12/40 77/3/40
f 82/9/41 83/8/42 84/9/43
f 85/9/44 83/8/42 86/8/45
f 87/8/44 88/9/46 89/8/46
f 90/9/44 91/8/44 92/9/44
f 93/8/44 94/9/46 95/9/46
f 93/8/44 96/9/44 97/8/44
f 97/8/44 98/9/44 99/8/44
f 99/8/44 100/9/44 87/8/44
f 85/9/44 101/8/45 102/9/44
f 102/9/44 103/8/46 104/9/44
f 104/9/44 89/8/46 88/9/46
f 105/8/46 106/9/47 107/9/46
f 108/8/44 109/9/46 110/9/45
f 111/8/44 110/9/45 112/9/44
f 92/9/44 111/8/44 112/9/44
f 113/8/44 94/9/46 114/8/44
f 115/8/46 116/9/44 113/8/44
f 90/9/44 115/8/46 117/8/46
f 118/8/45 119/9/48 120/9/46
f 121/8/47 120/9/46 106/9/47
f 107/9/46 122/8/45 105/8/46
f 9/1/49 14/2/49 15/2/49
f 123/13/36 124/14/50 125/14/51
f 126/5/52 127/10/52 128/5/52
f 129/15/53 130/16/53 131/17/53
f 132/9/54 133/9/55 134/9/56
f 135/8/57 136/8/58 137/8/59
f 138/8/60 136/8/58 139/8/61
f 140/9/62 141/9/54 132/9/54
f 142/9/63 143/9/64 144/9/65
f 145/8/66 146/8/67 147/8/68
f 148/8/69 149/8/70 150/8/71
f 151/8/72 150/8/71 149/8/70
f 152/9/73 153/9/74 154/9/75
f 155/9/76 156/9/77 157/9/77
f 158/8/78 159/8/79 160/8/80
f 157/9/77 161/9/81 162/9/82
f 163/8/66 160/8/80 164/8/83
f 165/8/83 163/8/66 164/8/83
f 162/9/82 166/9/84 167/9/85
f 168/8/83 169/8/66 170/8/61
f 171/8/86 170/8/61 169/8/66
f 167/9/85 172/9/87 142/9/63
f 173/8/88 171/8/86 174/8/89
f 146/8/67 173/8/88 174/8/89
f 175/8/53 139/8/61 176/8/90
f 177/9/91 178/9/92 140/9/93
f 179/8/90 176/8/90 180/8/53
f 181/8/94 180/8/53 176/8/90
f 182/9/95 183/9/96 177/9/91
f 184/8/68 181/8/94 147/8/68
f 145/8/66 147/8/68 181/8/94
f 144/9/65 185/9/97 182/9/95
f 186/8/98 187/8/99 188/8/100
f 189/9/101 190/9/102 191/9/103
f 192/8/104 193/8/105 194/8/106
f 195/9/107 196/9/108 197/9/109
f 197/9/109 198/9/110 199/9/111
f 200/8/112 201/8/113 202/8/114
f 149/8/70 202/8/114 201/8/113
f 199/9/111 203/9/115 152/9/73
f 204/9/116 205/9/117 155/9/76
f 206/8/118 207/8/119 208/8/120
f 159/8/79 208/8/120 207/8/119
f 209/9/121 210/9/122 204/9/116
f 211/8/123 212/8/124 213/8/125
f 207/8/119 213/8/125 212/8/124
f 154/9/75 214/9/126 209/9/121
f 215/8/127 151/8/72 216/8/128
f 212/8/124 216/8/128 151/8/72
f 217/8/129 218/8/130 219/8/131
f 220/9/132 219/8/131 221/9/133
f 220/9/132 222/9/134 223/9/135
f 224/8/136 188/8/100 218/8/130
f 223/9/135 225/9/137 189/9/101
f 191/9/103 226/9/138 195/9/107
f 227/8/139 194/8/106 187/8/99
f 228/18/140 11/1/141 12/1/141
f 229/19/142 125/14/51 124/14/50
f 230/20/143 231/21/144 232/20/145
f 233/20/146 231/21/144 234/20/146
f 235/20/147 231/21/144 236/20/146
f 237/20/146 231/21/144 238/20/145
f 239/20/148 231/21/144 240/20/146
f 241/20/147 231/21/144 242/20/146
f 243/21/144 242/20/146 231/21/144
f 244/22/149 245/18/149 228/18/149
f 246/23/150 247/22/151 244/22/151
f 248/24/152 249/19/152 229/19/152
f 250/25/153 251/24/154 248/24/154
f 252/26/155 243/21/155 231/21/155
f 253/27/156 254/26/157 252/26/157
f 255/1/158 13/2/49 256/2/49
f 257/2/49 11/1/141 258/1/158
f 259/9/36 260/14/50 82/9/36
f 261/28/36 125/14/51 262/29/36
f 259/9/36 262/29/36 125/14/51
f 263/29/36 38/9/36 264/28/36
f 265/14/50 264/28/36 38/9/36
f 265/14/50 124/14/50 266/13/36
f 246/23/150 267/30/52 268/4/52
f 269/25/153 270/31/52 271/10/52
f 269/25/153 126/5/52 272/4/52
f 269/25/153 273/30/52 246/23/150
f 274/31/52 246/23/150 78/10/52
f 79/5/52 246/23/150 268/4/52
f 250/25/153 275/31/52 276/10/52
f 277/23/159 278/30/52 279/4/52
f 277/23/159 128/5/52 127/10/52
f 277/23/159 280/31/52 250/25/153
f 281/30/52 250/25/153 33/4/52
f 34/5/52 250/25/153 276/10/52
f 282/8/160 283/32/53 284/33/53
f 285/20/146 286/34/53 287/35/53
f 285/20/146 288/36/53 289/37/53
f 285/20/146 290/38/53 291/11/53
f 285/20/146 292/39/53 293/40/53
f 285/20/146 294/41/53 295/42/53
f 285/20/146 296/43/53 282/8/160
f 297/44/53 282/8/160 298/6/53
f 80/11/53 282/8/160 284/33/53
f 242/20/146 299/44/53 35/6/53
f 300/8/160 301/43/53 302/42/53
f 300/8/160 303/41/53 304/40/53
f 300/8/160 305/39/53 306/11/53
f 300/8/160 307/45/53 308/46/53
f 300/8/160 130/16/53 309/47/53
f 300/8/160 310/48/53 242/20/146
f 311/32/53 242/20/146 312/33/53
f 313/11/53 242/20/146 35/6/53
f 256/2/49 253/27/156 314/27/161
f 315/27/161 16/2/49 257/2/49
f 282/8/160 83/8/162 316/8/163
f 300/8/160 136/8/58 317/8/160
f 318/9/164 82/9/165 319/9/166
f 134/9/56 82/9/165 84/9/167
f 84/9/167 132/9/54 134/9/56
f 320/9/55 39/9/54 38/9/168
f 321/9/169 141/9/54 322/9/169
f 320/9/55 322/9/169 141/9/54
f 323/8/58 86/8/61 83/8/162
f 37/8/58 139/8/61 136/8/58
f 85/9/62 132/9/54 84/9/167
f 39/9/54 178/9/62 40/9/62
f 100/9/170 144/9/65 88/9/171
f 41/9/172 172/9/87 54/9/87
f 324/8/66 87/8/86 89/8/173
f 43/8/66 173/8/88 145/8/66
f 151/8/72 91/8/174 117/8/175
f 46/8/176 325/8/177 326/8/176
f 92/9/178 154/9/75 90/9/179
f 44/9/180 203/9/115 67/9/115
f 94/9/181 157/9/77 95/9/182
f 327/9/77 205/9/117 48/9/117
f 160/8/80 114/8/183 93/8/184
f 47/8/185 328/8/186 329/8/185
f 95/9/182 162/9/82 96/9/187
f 50/9/81 156/9/77 327/9/77
f 164/8/83 93/8/184 97/8/83
f 51/8/83 329/8/185 168/8/83
f 96/9/187 167/9/85 98/9/188
f 52/9/84 161/9/81 50/9/81
f 330/8/61 97/8/83 99/8/86
f 53/8/61 168/8/83 170/8/61
f 98/9/188 142/9/63 100/9/170
f 54/9/87 166/9/84 52/9/84
f 331/8/88 99/8/86 87/8/86
f 42/8/88 170/8/61 173/8/88
f 332/8/61 101/8/90 86/8/61
f 333/8/61 176/8/90 139/8/61
f 102/9/189 140/9/93 85/9/190
f 40/9/191 183/9/96 56/9/192
f 334/8/90 103/8/94 101/8/90
f 55/8/90 181/8/94 176/8/90
f 104/9/193 177/9/91 102/9/189
f 56/9/192 185/9/97 58/9/194
f 335/8/94 89/8/173 103/8/94
f 57/8/94 145/8/66 181/8/94
f 88/9/171 182/9/95 104/9/193
f 58/9/194 143/9/64 41/9/172
f 227/8/139 121/8/195 105/8/196
f 60/8/99 188/8/100 187/8/99
f 106/9/197 191/9/103 107/9/198
f 61/9/199 225/9/137 59/9/137
f 336/8/200 122/8/201 108/8/202
f 63/8/105 194/8/106 193/8/105
f 109/9/203 197/9/109 110/9/204
f 64/9/108 226/9/138 62/9/138
f 201/8/113 108/8/202 111/8/205
f 65/8/206 193/8/105 337/8/207
f 110/9/204 199/9/111 112/9/208
f 66/9/110 196/9/108 64/9/108
f 149/8/70 111/8/205 91/8/174
f 45/8/177 337/8/207 325/8/177
f 112/9/208 152/9/73 92/9/178
f 67/9/115 198/9/110 66/9/110
f 116/9/209 155/9/76 94/9/181
f 48/9/117 210/9/122 69/9/122
f 159/8/79 113/8/210 114/8/183
f 49/8/186 338/8/211 328/8/186
f 339/9/212 204/9/116 116/9/209
f 69/9/122 214/9/126 71/9/126
f 207/8/119 115/8/213 113/8/210
f 68/8/211 340/8/214 338/8/211
f 90/9/179 209/9/121 339/9/212
f 71/9/126 153/9/74 44/9/180
f 212/8/124 117/8/175 115/8/213
f 70/8/215 326/8/176 340/8/214
f 224/8/136 341/8/216 118/8/217
f 73/8/39 219/8/131 218/8/130
f 119/9/218 217/8/129 220/9/132
f 219/8/131 72/9/38 221/9/133
f 119/9/218 223/9/135 120/9/219
f 74/9/220 221/9/133 72/9/38
f 186/8/98 118/8/217 121/8/195
f 75/8/221 218/8/130 188/8/100
f 120/9/219 189/9/101 106/9/197
f 59/9/137 222/9/134 74/9/220
f 107/9/198 195/9/107 109/9/203
f 62/9/138 190/9/102 61/9/199
f 192/8/104 105/8/196 122/8/201
f 76/8/222 187/8/99 194/8/106
f 342/18/223 12/1/141 255/1/158
f 258/1/158 245/18/140 343/18/140
f 344/19/142 124/14/50 265/14/50
f 260/14/50 249/19/142 345/19/142
f 285/20/146 346/21/224 231/21/144
f 347/20/143 243/21/144 348/21/144
f 349/22/149 228/18/149 342/18/149
f 343/18/149 247/22/149 350/22/149
f 351/23/225 244/22/151 349/22/226
f 350/22/151 352/23/227 277/23/159
f 353/24/152 229/19/152 344/19/228
f 345/19/229 251/24/152 354/24/228
f 355/25/230 248/24/154 353/24/154
f 354/24/154 356/25/231 269/25/153
f 357/26/155 231/21/155 346/21/155
f 348/21/155 254/26/155 358/26/155
f 314/27/161 252/26/157 357/26/232
f 358/26/157 359/27/156 315/27/161
f 263/29/233 360/9/234 320/9/235
f 318/9/236 361/9/237 259/9/238
f 362/49/239 266/13/240 123/13/241
f 363/9/242 322/9/243 320/9/235
f 364/9/244 322/9/243 363/9/242
f 365/50/245 321/9/246 364/9/244
f 360/9/234 363/9/242 320/9/235
f 360/9/234 364/9/244 363/9/242
f 366/9/247 365/50/245 364/9/244
f 263/29/233 366/9/247 360/9/234
f 264/28/248 367/49/235 366/9/247
f 368/9/249 262/29/250 259/9/238
f 369/9/251 262/29/250 368/9/249
f 362/49/252 261/28/253 369/9/251
f 361/9/237 368/9/249 259/9/238
f 361/9/237 369/9/251 368/9/249
f 370/9/254 362/49/252 369/9/251
f 318/9/236 370/9/254 361/9/237
f 319/9/255 371/50/256 370/9/254
f 371/50/239 367/49/257 362/49/239
f 134/9/258 365/50/259 371/50/239
f 234/20/146 372/51/53 233/20/146
f 373/52/53 304/40/53 303/41/53
f 293/40/53 374/52/53 294/41/53
f 375/8/260 376/53/53 377/54/53
f 378/53/53 379/8/160 380/54/53
f 239/20/148 381/55/53 382/51/53
f 383/17/53 287/35/53 384/15/53
f 385/56/53 285/20/146 386/20/146
f 231/21/144 386/20/146 285/20/146
f 387/57/53 385/56/53 386/20/146
f 386/20/146 230/20/143 387/57/53
f 232/20/145 387/57/53 230/20/143
f 233/20/146 388/55/53 232/20/145
f 389/58/53 236/20/146 390/59/53
f 391/60/53 235/20/147 389/58/53
f 236/20/146 392/58/53 390/59/53
f 237/20/146 393/60/53 392/58/53
f 238/20/145 382/51/53 393/60/53
f 394/61/53 241/20/147 242/20/146
f 395/57/53 240/20/146 241/20/147
f 306/11/53 396/62/53 307/45/53
f 397/63/53 307/45/53 396/62/53
f 131/17/53 308/46/53 397/63/53
f 310/48/53 394/61/53 242/20/146
f 309/47/53 398/64/53 310/48/53
f 399/65/53 301/43/53 317/8/160
f 400/66/53 302/42/53 301/43/53
f 401/67/53 303/41/53 302/42/53
f 306/11/53 402/68/53 403/11/53
f 305/39/53 404/69/53 402/68/53
f 405/70/53 406/8/261 407/71/53
f 408/72/53 409/8/262 405/70/53
f 380/54/53 410/8/263 408/72/53
f 411/8/160 399/65/53 317/8/160
f 412/8/264 413/73/53 411/8/160
f 406/8/261 414/70/53 407/71/53
f 415/8/265 416/72/53 414/70/53
f 417/8/266 377/54/53 416/72/53
f 418/65/53 419/8/160 282/8/160
f 420/73/53 421/8/267 419/8/160
f 296/43/53 418/65/53 282/8/160
f 295/42/53 422/66/53 296/43/53
f 294/41/53 423/67/53 295/42/53
f 291/11/53 424/68/53 292/39/53
f 425/69/53 292/39/53 424/68/53
f 426/11/53 290/38/53 427/62/53
f 427/62/53 289/37/53 428/63/53
f 428/63/53 288/36/53 383/17/53
f 286/34/53 385/56/53 429/61/53
f 429/61/53 430/64/53 286/34/53
f 286/34/53 384/15/53 287/35/53
f 355/25/37 344/19/37 275/31/37
f 344/19/37 431/74/37 275/31/37
f 265/14/37 38/9/37 344/19/37
f 432/12/37 275/31/37 431/74/37
f 32/3/37 276/10/37 432/12/37
f 433/75/37 258/1/37 343/18/37
f 343/18/37 281/30/37 433/75/37
f 350/22/37 277/23/37 343/18/37
f 281/30/37 36/7/37 433/75/37
f 38/9/37 311/32/37 431/74/37
f 431/74/37 312/33/37 432/12/37
f 432/12/37 313/11/37 32/3/37
f 347/20/37 358/26/37 299/44/37
f 358/26/37 433/75/37 299/44/37
f 315/27/37 257/2/37 358/26/37
f 299/44/37 36/7/37 35/6/37
f 351/23/40 342/18/40 267/30/40
f 342/18/40 434/75/40 267/30/40
f 255/1/40 256/2/40 342/18/40
f 435/7/40 267/30/40 434/75/40
f 77/3/40 268/4/40 435/7/40
f 436/74/40 260/14/40 345/19/40
f 345/19/40 274/31/40 436/74/40
f 354/24/40 269/25/40 345/19/40
f 274/31/40 81/12/40 436/74/40
f 434/75/40 314/27/40 357/26/40
f 357/26/40 297/44/40 434/75/40
f 346/21/268 285/20/40 357/26/40
f 297/44/40 435/7/40 434/75/40
f 298/6/40 77/3/40 435/7/40
f 82/9/41 283/32/40 316/8/269
f 436/74/40 284/33/40 283/32/40
f 246/23/150 278/30/52 352/23/227
f 273/30/52 279/4/52 278/30/52
f 272/4/52 128/5/52 279/4/52
f 250/25/153 270/31/52 356/25/231
f 280/31/52 271/10/52 270/31/52
f 437/8/270 329/8/185 328/8/186
f 328/8/186 438/8/271 437/8/270
f 338/8/211 438/8/271 328/8/186
f 338/8/211 439/8/272 440/8/273
f 168/8/83 441/8/274 442/8/275
f 439/8/272 340/8/214 443/8/276
f 326/8/176 443/8/276 340/8/214
f 326/8/176 444/8/277 445/8/278
f 325/8/177 444/8/277 326/8/176
f 325/8/177 446/8/279 447/8/280
f 337/8/207 446/8/279 325/8/177
f 337/8/207 448/8/281 449/8/282
f 336/8/200 450/8/283 451/8/284
f 193/8/105 448/8/281 337/8/207
f 452/8/285 193/8/105 336/8/200
f 451/8/284 452/8/285 336/8/200
f 453/8/286 164/8/83 330/8/61
f 330/8/61 454/8/60 453/8/286
f 454/8/60 331/8/88 455/8/57
f 324/8/66 455/8/57 331/8/88
f 324/8/66 456/8/173 457/8/287
f 456/8/173 335/8/94 458/8/94
f 334/8/90 458/8/94 335/8/94
f 334/8/90 459/8/90 460/8/57
f 332/8/61 459/8/90 334/8/90
f 332/8/61 461/8/60 462/8/53
f 323/8/58 461/8/60 332/8/61
f 323/8/58 463/8/288 464/8/289
f 465/8/290 323/8/58 466/8/291
f 419/8/160 467/8/292 468/8/293
f 411/8/160 136/8/58 379/8/160
s 0
f 379/8/294 412/8/294 411/8/294
f 415/8/294 410/8/294 379/8/294
f 415/8/294 406/8/294 409/8/294
f 419/8/295 417/8/266 415/8/265
f 419/8/295 421/8/296 375/8/297
s 1
f 136/8/58 415/8/265 379/8/160
f 466/8/291 419/8/160 468/8/293
f 282/8/160 466/8/291 323/8/58
f 469/4/298 470/3/299 471/5/298
f 470/3/299 472/6/300 473/11/300
f 474/9/301 475/8/302 476/8/303
f 474/9/301 477/8/304 478/9/305
f 479/8/306 480/9/307 481/8/308
f 482/9/309 483/8/310 484/9/311
f 485/8/312 486/9/313 487/9/314
f 485/8/312 488/9/315 489/8/316
f 489/8/316 490/9/317 491/8/318
f 491/8/318 492/9/319 479/8/306
f 478/9/305 493/8/320 494/9/321
f 494/9/321 495/8/322 496/9/323
f 496/9/323 481/8/308 480/9/307
f 497/8/324 498/9/325 499/9/326
f 500/8/327 501/9/328 502/9/329
f 503/8/330 502/9/329 504/9/330
f 484/9/311 503/8/330 504/9/330
f 505/8/331 486/9/313 506/8/332
f 507/8/333 508/9/334 505/8/331
f 509/8/335 510/9/336 507/8/333
f 511/8/337 512/9/338 513/9/339
f 514/8/340 513/9/339 498/9/325
f 499/9/326 515/8/341 497/8/324
f 516/10/342 517/3/343 518/5/342
f 519/12/343 520/11/344 517/3/343
f 521/9/345 522/8/346 523/9/347
f 524/8/348 521/9/345 525/9/349
f 526/9/350 527/8/351 528/8/352
f 529/9/353 530/8/354 531/8/355
f 532/8/356 533/9/357 534/8/358
f 535/9/359 532/8/356 536/8/360
f 537/9/361 536/8/360 538/8/362
f 539/9/363 538/8/362 527/8/351
f 540/8/364 525/9/349 541/9/365
f 542/8/366 541/9/365 543/9/367
f 528/8/352 543/9/367 526/9/350
f 544/9/368 545/8/369 546/9/370
f 547/9/371 548/8/372 549/9/373
f 549/9/373 550/8/374 551/9/375
f 552/9/376 550/8/374 530/8/354
f 553/8/377 533/9/357 554/9/378
f 555/8/379 554/9/378 556/9/380
f 531/8/355 556/9/380 529/9/353
f 557/9/381 558/8/382 559/9/383
f 559/9/383 560/8/384 544/9/368
f 561/8/385 546/9/370 545/8/369
f 562/14/386 563/13/387 564/14/388
f 565/10/389 566/5/390 567/5/391
f 568/16/392 569/15/52 570/17/52
f 571/9/393 572/9/394 573/9/395
f 574/8/396 575/8/397 576/8/398
f 574/8/396 577/8/399 578/8/400
f 579/9/401 580/9/402 572/9/394
f 581/9/403 582/9/404 583/9/405
f 584/8/406 585/8/407 586/8/408
f 587/8/409 588/8/410 589/8/411
f 590/8/412 587/8/409 591/8/413
f 592/9/414 593/9/415 594/9/416
f 595/9/417 596/9/418 597/9/419
f 598/8/420 599/8/421 600/8/422
f 601/9/423 597/9/419 602/9/424
f 603/8/425 600/8/422 599/8/421
f 604/8/426 603/8/425 605/8/427
f 606/9/428 602/9/424 607/9/429
f 608/8/430 609/8/431 610/8/432
f 608/8/430 610/8/432 611/8/433
f 612/9/434 607/9/429 582/9/404
f 613/8/435 611/8/433 610/8/432
f 614/8/436 613/8/435 584/8/406
f 615/8/52 578/8/400 577/8/399
f 616/9/437 617/9/438 580/9/439
f 618/8/440 619/8/441 620/8/52
f 618/8/440 620/8/52 621/8/442
f 622/9/443 623/9/444 617/9/438
f 621/8/442 624/8/408 586/8/408
f 621/8/442 586/8/408 585/8/407
f 625/9/445 583/9/405 623/9/444
f 626/8/446 627/8/447 628/8/448
f 629/9/449 630/9/450 631/9/451
f 632/8/452 633/8/453 634/8/454
f 635/9/455 636/9/456 637/9/457
f 638/9/458 637/9/457 639/9/459
f 640/8/460 641/8/461 588/8/410
f 640/8/460 588/8/410 590/8/412
f 642/9/462 639/9/459 593/9/415
f 643/9/463 644/9/464 596/9/418
f 645/8/465 646/8/466 647/8/467
f 648/8/468 645/8/465 598/8/420
f 649/9/469 650/9/470 644/9/464
f 651/8/471 652/8/472 646/8/466
f 651/8/471 646/8/466 648/8/468
f 653/9/473 594/9/416 650/9/470
f 591/8/413 654/8/474 655/8/475
f 591/8/413 655/8/475 651/8/471
f 656/8/476 657/8/477 658/8/478
f 659/9/479 660/8/480 656/8/476
f 661/9/481 659/9/479 662/9/482
f 658/8/478 663/8/483 626/8/446
f 664/9/484 662/9/482 630/9/450
f 665/9/485 631/9/451 636/9/456
f 628/8/448 666/8/486 632/8/452
f 24/1/487 667/18/488 668/18/489
f 564/14/388 669/19/490 562/14/386
f 670/21/491 671/20/492 672/20/493
f 670/21/491 673/20/494 674/20/495
f 670/21/491 675/20/496 676/20/497
f 670/21/491 677/20/498 678/20/499
f 670/21/491 679/20/500 680/20/501
f 670/21/491 681/20/502 682/20/503
f 670/21/491 682/20/503 683/21/504
f 667/18/505 684/22/506 668/18/506
f 685/22/507 686/23/508 684/22/509
f 687/19/510 688/24/511 669/19/511
f 689/24/512 690/25/513 688/24/514
f 683/21/504 691/26/515 670/21/515
f 692/26/516 693/27/517 691/26/518
f 694/2/519 24/1/487 695/1/520
f 25/1/521 696/2/522 697/1/523
f 523/9/524 564/14/388 698/9/525
f 699/29/526 563/13/387 700/28/527
f 564/14/388 699/29/526 698/9/525
f 701/9/528 702/29/529 703/28/530
f 701/9/528 704/13/531 705/14/532
f 704/13/531 562/14/386 705/14/532
f 706/30/533 686/23/508 707/4/534
f 708/31/535 709/25/536 710/10/537
f 566/5/390 709/25/536 711/4/538
f 686/23/508 711/4/538 709/25/536
f 516/10/539 709/25/536 712/31/540
f 686/23/508 518/5/534 707/4/534
f 713/31/541 690/25/513 714/10/542
f 715/30/543 716/23/544 717/4/391
f 567/5/391 716/23/544 565/10/389
f 690/25/513 565/10/389 716/23/544
f 469/4/545 716/23/544 718/30/546
f 690/25/513 471/5/547 714/10/542
f 719/32/548 720/8/549 721/33/550
f 722/34/551 723/20/552 724/35/551
f 725/36/553 723/20/552 726/37/551
f 727/38/553 723/20/552 728/11/551
f 729/39/553 723/20/552 730/40/553
f 731/41/551 723/20/552 732/42/551
f 733/43/554 723/20/552 720/8/549
f 734/6/555 723/20/552 735/44/556
f 720/8/549 520/11/550 721/33/550
f 736/44/557 682/20/503 472/6/558
f 737/43/392 475/8/559 738/42/392
f 739/41/392 475/8/559 740/40/392
f 741/39/392 475/8/559 742/11/392
f 743/45/392 475/8/559 744/46/392
f 568/16/392 475/8/559 745/47/560
f 746/48/561 475/8/559 682/20/503
f 682/20/503 747/32/562 748/33/563
f 682/20/503 473/11/564 472/6/558
f 749/27/565 26/2/566 694/2/519
f 29/2/567 750/27/568 696/2/522
f 751/8/569 720/8/549 522/8/570
f 752/8/571 476/8/572 475/8/559
f 523/9/573 753/9/574 754/9/575
f 523/9/573 573/9/395 521/9/576
f 573/9/395 572/9/394 521/9/576
f 701/9/577 579/9/401 755/9/578
f 756/9/579 571/9/393 757/9/580
f 579/9/401 756/9/579 755/9/578
f 524/8/581 758/8/582 751/8/569
f 574/8/396 477/8/583 476/8/572
f 572/9/394 525/9/584 521/9/576
f 616/9/585 474/9/586 478/9/587
f 583/9/405 539/9/588 526/9/589
f 612/9/434 480/9/590 492/9/591
f 527/8/592 759/8/593 528/8/594
f 585/8/407 479/8/595 481/8/596
f 530/8/597 591/8/413 531/8/598
f 509/8/599 760/8/600 483/8/601
f 594/9/416 552/9/602 529/9/603
f 642/9/462 482/9/604 484/9/605
f 597/9/419 533/9/606 761/9/607
f 486/9/608 595/9/417 487/9/609
f 534/8/610 600/8/422 532/8/611
f 485/8/612 762/8/613 506/8/614
f 602/9/424 761/9/607 535/9/615
f 595/9/417 488/9/616 487/9/609
f 532/8/611 604/8/426 536/8/617
f 609/8/431 485/8/612 489/8/618
f 607/9/429 535/9/615 537/9/619
f 488/9/616 606/9/428 490/9/620
f 536/8/617 763/8/621 538/8/622
f 610/8/432 489/8/618 491/8/623
f 582/9/404 537/9/619 539/9/588
f 490/9/620 612/9/434 492/9/591
f 538/8/622 764/8/624 527/8/592
f 613/8/435 491/8/623 479/8/595
f 540/8/625 765/8/626 524/8/581
f 578/8/400 493/8/627 477/8/583
f 580/9/439 541/9/628 525/9/629
f 622/9/443 478/9/630 494/9/631
f 542/8/632 766/8/633 540/8/625
f 618/8/440 495/8/634 493/8/627
f 617/9/438 543/9/635 541/9/628
f 625/9/445 494/9/631 496/9/636
f 528/8/594 767/8/637 542/8/632
f 621/8/442 481/8/596 495/8/634
f 623/9/444 526/9/589 543/9/635
f 480/9/590 625/9/445 496/9/636
f 560/8/638 628/8/448 545/8/639
f 627/8/447 514/8/640 497/8/641
f 631/9/451 544/9/642 546/9/643
f 498/9/644 629/9/449 499/9/645
f 561/8/646 634/8/454 548/8/647
f 633/8/453 515/8/648 500/8/649
f 637/9/457 547/9/650 549/9/651
f 501/9/652 635/9/455 502/9/653
f 548/8/647 640/8/460 550/8/654
f 503/8/655 633/8/453 500/8/649
f 639/9/459 549/9/651 551/9/656
f 635/9/455 504/9/657 502/9/653
f 550/8/654 590/8/412 530/8/597
f 760/8/600 503/8/655 483/8/601
f 593/9/415 551/9/656 552/9/602
f 504/9/657 642/9/462 484/9/605
f 596/9/418 554/9/658 533/9/606
f 649/9/469 486/9/608 508/9/659
f 553/8/660 598/8/420 534/8/610
f 762/8/613 505/8/661 506/8/614
f 644/9/464 556/9/662 554/9/658
f 653/9/473 508/9/659 510/9/663
f 555/8/664 648/8/468 553/8/660
f 768/8/665 507/8/666 505/8/661
f 650/9/470 529/9/603 556/9/662
f 482/9/604 653/9/473 510/9/663
f 531/8/598 651/8/471 555/8/664
f 507/8/666 769/8/667 509/8/599
f 770/8/668 658/8/478 558/8/669
f 511/8/670 660/8/480 771/8/671
f 557/9/672 656/8/476 770/8/668
f 660/8/480 512/9/673 771/8/671
f 662/9/482 557/9/672 559/9/674
f 772/9/675 513/9/676 512/9/673
f 558/8/669 626/8/446 560/8/638
f 514/8/640 657/8/477 511/8/670
f 630/9/450 559/9/674 544/9/642
f 661/9/481 498/9/644 513/9/676
f 636/9/456 546/9/643 547/9/650
f 499/9/645 665/9/485 501/9/652
f 545/8/639 632/8/452 561/8/646
f 515/8/648 627/8/447 497/8/641
f 695/1/520 668/18/489 773/18/677
f 667/18/488 697/1/523 774/18/678
f 705/14/532 669/19/490 775/19/679
f 687/19/680 776/14/681 777/19/682
f 670/21/491 778/21/683 723/20/552
f 736/44/684 683/21/504 779/20/685
f 773/18/686 684/22/506 780/22/687
f 685/22/505 774/18/688 781/22/689
f 780/22/690 686/23/508 706/30/533
f 716/23/544 685/22/507 781/22/691
f 669/19/511 782/24/692 775/19/692
f 689/24/693 777/19/694 783/24/694
f 688/24/514 784/25/695 782/24/696
f 709/25/536 689/24/512 783/24/697
f 778/21/698 691/26/515 785/26/698
f 785/26/699 693/27/517 749/27/565
f 786/27/700 787/26/701 750/27/568
f 755/9/702 788/9/703 702/29/704
f 698/9/705 789/9/706 753/9/707
f 704/13/708 790/49/709 563/13/710
f 755/9/702 756/9/711 791/9/712
f 791/9/712 757/9/713 792/9/714
f 757/9/713 793/50/715 792/9/714
f 755/9/702 791/9/712 788/9/703
f 788/9/703 792/9/714 794/9/716
f 794/9/716 793/50/715 795/49/717
f 788/9/703 703/28/718 702/29/704
f 703/28/718 795/49/717 704/13/719
f 698/9/705 699/29/720 796/9/721
f 796/9/721 700/28/722 797/9/723
f 700/28/722 790/49/724 797/9/723
f 698/9/705 796/9/721 789/9/706
f 789/9/706 797/9/723 798/9/725
f 798/9/725 790/49/724 799/50/726
f 789/9/706 754/9/727 753/9/707
f 754/9/727 799/50/726 573/9/728
f 795/49/729 799/50/730 790/49/709
f 793/50/731 573/9/732 799/50/730
f 800/51/733 674/20/495 673/20/494
f 740/40/392 801/52/52 739/41/392
f 802/52/52 730/40/553 731/41/551
f 803/53/52 804/8/734 805/54/52
f 806/8/735 807/53/52 808/54/52
f 809/55/736 679/20/500 810/51/737
f 811/17/52 724/35/551 725/36/553
f 723/20/552 812/56/738 813/20/739
f 723/20/552 813/20/739 670/21/491
f 812/56/738 814/57/740 813/20/739
f 814/57/740 671/20/492 813/20/739
f 814/57/740 672/20/493 671/20/492
f 815/55/741 673/20/494 672/20/493
f 676/20/497 816/58/742 817/59/743
f 675/20/496 818/60/744 816/58/742
f 819/58/745 676/20/497 817/59/743
f 820/60/746 677/20/498 819/58/745
f 810/51/737 678/20/499 820/60/746
f 681/20/502 821/61/747 682/20/503
f 680/20/501 822/57/748 681/20/502
f 742/11/392 823/62/52 824/11/52
f 743/45/392 825/63/52 823/62/52
f 744/46/392 570/17/52 825/63/52
f 821/61/747 746/48/561 682/20/503
f 826/64/749 745/47/560 746/48/561
f 737/43/392 827/65/52 752/8/571
f 738/42/392 828/66/52 737/43/392
f 739/41/392 829/67/52 738/42/392
f 830/68/52 742/11/392 824/11/52
f 831/69/52 741/39/392 830/68/52
f 832/8/750 833/70/52 834/71/52
f 835/8/751 836/72/52 833/70/52
f 837/8/752 808/54/52 836/72/52
f 827/65/52 838/8/735 752/8/571
f 839/73/52 840/8/753 838/8/735
f 841/70/52 832/8/750 834/71/52
f 842/72/52 843/8/754 841/70/52
f 805/54/52 844/8/755 842/72/52
f 845/8/735 846/65/52 720/8/549
f 847/8/756 848/73/52 845/8/735
f 846/65/52 733/43/554 720/8/549
f 849/66/52 732/42/551 733/43/554
f 850/67/52 731/41/551 732/42/551
f 728/11/551 851/68/52 852/11/52
f 729/39/553 853/69/52 851/68/52
f 852/11/52 727/38/553 728/11/551
f 854/62/52 726/37/551 727/38/553
f 855/63/52 725/36/553 726/37/551
f 812/56/738 722/34/551 856/61/757
f 722/34/551 857/64/52 856/61/757
f 722/34/551 858/15/52 857/64/52
f 713/31/758 782/24/759 784/25/760
f 775/19/761 859/74/762 701/9/763
f 775/19/761 701/9/763 705/14/764
f 713/31/758 860/12/299 859/74/762
f 714/10/298 470/3/299 860/12/299
f 861/75/765 697/1/766 696/2/767
f 774/18/768 718/30/769 716/23/770
f 774/18/768 716/23/770 781/22/771
f 862/7/299 718/30/769 861/75/765
f 701/9/763 747/32/772 475/8/302
f 859/74/762 748/33/300 747/32/772
f 860/12/299 473/11/300 748/33/300
f 736/44/684 696/2/767 787/26/773
f 787/26/773 696/2/767 750/27/774
f 736/44/684 862/7/299 861/75/765
f 706/30/533 694/2/775 773/18/776
f 773/18/776 694/2/775 695/1/777
f 706/30/533 863/7/343 864/75/778
f 707/4/342 517/3/343 863/7/343
f 865/74/779 776/14/780 523/9/347
f 777/19/781 712/31/782 709/25/783
f 777/19/781 709/25/783 783/24/784
f 519/12/343 712/31/782 865/74/779
f 864/75/778 749/27/785 694/2/775
f 785/26/786 735/44/787 723/20/788
f 785/26/786 723/20/788 778/21/789
f 863/7/343 735/44/787 864/75/778
f 517/3/343 734/6/344 863/7/343
f 522/8/346 865/74/779 523/9/347
f 721/33/344 865/74/779 719/32/790
f 715/30/543 686/23/508 866/23/791
f 717/4/391 867/30/792 715/30/543
f 567/5/391 711/4/538 717/4/391
f 708/31/535 690/25/513 868/25/793
f 710/10/537 869/31/794 708/31/535
f 870/8/795 871/8/796 762/8/613
f 871/8/796 872/8/797 762/8/613
f 768/8/665 872/8/797 873/8/798
f 873/8/798 874/8/799 768/8/665
f 875/8/800 609/8/431 876/8/427
f 877/8/801 874/8/799 878/8/802
f 769/8/667 878/8/802 879/8/803
f 879/8/803 880/8/804 769/8/667
f 760/8/600 880/8/804 881/8/805
f 881/8/805 882/8/806 760/8/600
f 883/8/807 882/8/806 884/8/808
f 884/8/808 885/8/809 883/8/807
f 886/8/810 634/8/454 887/8/811
f 633/8/453 885/8/809 888/8/812
f 633/8/453 889/8/813 634/8/454
f 634/8/454 889/8/813 887/8/811
f 604/8/426 890/8/814 763/8/621
f 890/8/814 891/8/399 763/8/621
f 764/8/624 891/8/399 892/8/815
f 759/8/593 892/8/815 893/8/816
f 893/8/816 894/8/817 759/8/593
f 767/8/637 894/8/817 895/8/818
f 766/8/633 895/8/818 896/8/815
f 896/8/815 897/8/441 766/8/633
f 765/8/626 897/8/441 898/8/52
f 898/8/52 899/8/399 765/8/626
f 758/8/582 899/8/399 900/8/397
f 900/8/397 901/8/819 758/8/582
f 758/8/582 902/8/820 903/8/821
f 845/8/735 904/8/822 574/8/396
f 574/8/396 838/8/735 806/8/735
f 838/8/735 840/8/753 806/8/735
f 806/8/735 835/8/751 843/8/754
f 835/8/751 832/8/750 843/8/754
f 843/8/754 804/8/734 845/8/735
f 804/8/734 847/8/756 845/8/735
f 574/8/396 843/8/754 845/8/735
f 903/8/821 845/8/735 720/8/549
f 758/8/582 903/8/821 720/8/549
f 569/15/823 131/17/824 570/17/824
f 575/8/825 467/8/826 135/8/827
f 575/8/825 137/8/828 576/8/829
f 577/8/830 137/8/828 138/8/831
f 584/8/832 147/8/833 146/8/834
f 588/8/835 148/8/836 589/8/837
f 587/8/838 148/8/839 150/8/840
f 645/8/841 158/8/842 599/8/843
f 603/8/844 158/8/842 163/8/845
f 603/8/844 165/8/846 605/8/847
f 608/8/848 442/8/40 876/8/40
f 608/8/848 171/8/849 169/8/850
f 614/8/851 171/8/849 611/8/852
f 584/8/832 174/8/853 614/8/851
f 615/8/854 138/8/831 175/8/855
f 619/8/856 175/8/855 179/8/857
f 619/8/856 180/8/858 620/8/859
f 624/8/860 180/8/858 184/8/861
f 624/8/860 147/8/833 586/8/862
f 886/8/863 200/8/864 641/8/865
f 588/8/835 200/8/864 202/8/866
f 646/8/867 206/8/868 647/8/869
f 645/8/870 206/8/871 208/8/872
f 655/8/873 211/8/874 652/8/875
f 646/8/867 211/8/874 213/8/876
f 587/8/838 215/8/877 654/8/878
f 655/8/873 215/8/877 216/8/879
f 786/27/880 253/27/880 693/27/880
f 26/2/881 253/27/882 13/2/883
f 29/2/884 359/27/885 786/27/886
f 818/60/887 372/51/888 391/60/887
f 831/69/889 373/52/890 801/52/890
f 802/52/891 425/69/892 853/69/892
f 805/54/893 376/53/894 803/53/894
f 807/53/895 380/54/896 808/54/896
f 810/51/897 381/55/898 809/55/898
f 811/17/899 384/15/900 858/15/900
f 856/61/901 387/57/902 814/57/902
f 814/57/902 388/55/903 815/55/903
f 815/55/903 372/51/888 800/51/904
f 816/58/905 390/59/36 817/59/36
f 816/58/905 391/60/887 389/58/906
f 817/59/36 392/58/907 819/58/908
f 819/58/908 393/60/909 820/60/910
f 820/60/910 382/51/897 810/51/897
f 822/57/911 394/61/912 821/61/912
f 809/55/898 395/57/911 822/57/911
f 823/62/913 403/11/40 824/11/40
f 825/63/914 396/62/913 823/62/913
f 570/17/824 397/63/914 825/63/914
f 821/61/912 398/64/915 826/64/915
f 826/64/915 129/15/823 569/15/823
f 828/66/916 399/65/917 827/65/917
f 829/67/918 400/66/916 828/66/916
f 801/52/890 401/67/919 829/67/918
f 824/11/40 402/68/920 830/68/920
f 830/68/920 404/69/921 831/69/889
f 833/70/922 407/71/49 834/71/49
f 836/72/923 405/70/922 833/70/922
f 808/54/896 408/72/923 836/72/923
f 827/65/917 413/73/924 839/73/924
f 839/73/924 378/53/895 807/53/895
f 834/71/49 414/70/925 841/70/925
f 841/70/925 416/72/926 842/72/926
f 842/72/926 377/54/893 805/54/893
f 848/73/927 418/65/928 846/65/928
f 803/53/894 420/73/927 848/73/927
f 846/65/928 422/66/929 849/66/929
f 849/66/929 423/67/930 850/67/930
f 850/67/930 374/52/891 802/52/891
f 851/68/931 426/11/37 852/11/37
f 853/69/892 424/68/931 851/68/931
f 852/11/37 427/62/932 854/62/932
f 854/62/932 428/63/933 855/63/933
f 855/63/933 383/17/899 811/17/899
f 857/64/934 429/61/901 856/61/901
f 858/15/900 430/64/934 857/64/934
f 26/2/935 16/2/936 29/2/936
f 871/8/937 441/8/40 437/8/938
f 872/8/939 437/8/938 438/8/940
f 872/8/939 440/8/941 873/8/942
f 874/8/943 440/8/941 439/8/944
f 876/8/40 441/8/40 875/8/40
f 878/8/945 439/8/944 443/8/946
f 878/8/945 445/8/947 879/8/948
f 880/8/949 445/8/947 444/8/950
f 880/8/949 447/8/951 881/8/952
f 882/8/953 447/8/951 446/8/954
f 882/8/953 449/8/955 884/8/956
f 885/8/957 449/8/955 448/8/958
f 885/8/957 905/8/959 888/8/960
f 888/8/960 452/8/961 889/8/962
f 887/8/963 452/8/961 451/8/964
f 886/8/863 451/8/964 450/8/965
f 605/8/847 453/8/966 890/8/967
f 890/8/967 454/8/968 891/8/969
f 892/8/970 454/8/968 455/8/971
f 892/8/970 457/8/972 893/8/973
f 893/8/973 456/8/974 894/8/975
f 894/8/975 458/8/976 895/8/977
f 895/8/977 460/8/978 896/8/979
f 897/8/980 460/8/978 459/8/981
f 897/8/980 462/8/982 898/8/983
f 898/8/983 461/8/984 899/8/985
f 900/8/986 461/8/984 464/8/987
f 900/8/986 463/8/988 901/8/989
f 901/8/989 465/8/990 902/8/991
f 902/8/991 466/8/992 903/8/992
f 906/8/993 467/8/826 904/8/994
f 906/8/993 466/8/992 468/8/995
f 32/3/37 36/7/37 33/4/37
f 32/3/37 313/11/37 35/6/37
f 37/8/37 300/8/37 38/9/37
f 40/9/37 333/8/37 37/8/37
f 41/9/37 54/9/37 42/8/37
f 44/9/37 67/9/37 45/8/37
f 47/8/37 327/9/37 48/9/37
f 50/9/37 327/9/37 47/8/37
f 52/9/37 50/9/37 51/8/37
f 54/9/37 52/9/37 53/8/37
f 55/8/37 333/8/37 40/9/37
f 57/8/37 55/8/37 56/9/37
f 43/8/37 57/8/37 58/9/37
f 59/9/37 75/8/37 60/8/37
f 62/9/37 76/8/37 63/8/37
f 64/9/37 63/8/37 65/8/37
f 67/9/37 66/9/37 65/8/37
f 68/8/37 49/8/37 48/9/37
f 70/8/37 68/8/37 69/9/37
f 70/8/37 71/9/37 44/9/37
f 74/9/37 73/8/39 75/8/37
f 76/8/37 62/9/37 61/9/37
f 77/3/40 81/12/40 78/10/40
f 80/11/40 284/33/40 81/12/40
f 82/9/41 316/8/269 83/8/42
f 85/9/44 84/9/43 83/8/42
f 87/8/44 100/9/44 88/9/46
f 90/9/44 117/8/46 91/8/44
f 93/8/44 114/8/44 94/9/46
f 93/8/44 95/9/46 96/9/44
f 97/8/44 96/9/44 98/9/44
f 99/8/44 98/9/44 100/9/44
f 85/9/44 86/8/45 101/8/45
f 102/9/44 101/8/45 103/8/46
f 104/9/44 103/8/46 89/8/46
f 105/8/46 121/8/47 106/9/47
f 108/8/44 122/8/45 109/9/46
f 111/8/44 108/8/44 110/9/45
f 92/9/44 91/8/44 111/8/44
f 113/8/44 116/9/44 94/9/46
f 115/8/46 339/9/44 116/9/44
f 90/9/44 339/9/44 115/8/46
f 118/8/45 341/8/996 119/9/48
f 121/8/47 118/8/45 120/9/46
f 107/9/46 109/9/46 122/8/45
f 9/1/49 10/1/49 14/2/49
f 123/13/36 266/13/36 124/14/50
f 126/5/52 271/10/52 127/10/52
f 129/15/53 309/47/53 130/16/53
f 132/9/54 141/9/54 133/9/55
f 135/8/57 467/8/292 136/8/58
f 138/8/60 137/8/59 136/8/58
f 140/9/62 178/9/62 141/9/54
f 142/9/63 172/9/87 143/9/64
f 145/8/66 173/8/88 146/8/67
f 148/8/69 202/8/114 149/8/70
f 152/9/73 203/9/115 153/9/74
f 155/9/76 205/9/117 156/9/77
f 158/8/78 208/8/120 159/8/79
f 157/9/77 156/9/77 161/9/81
f 163/8/66 158/8/78 160/8/80
f 162/9/82 161/9/81 166/9/84
f 168/8/83 442/8/275 169/8/66
f 167/9/85 166/9/84 172/9/87
f 173/8/88 170/8/61 171/8/86
f 175/8/53 138/8/60 139/8/61
f 177/9/91 183/9/96 178/9/92
f 179/8/90 175/8/53 176/8/90
f 182/9/95 185/9/97 183/9/96
f 184/8/68 180/8/53 181/8/94
f 144/9/65 143/9/64 185/9/97
f 186/8/98 227/8/139 187/8/99
f 189/9/101 225/9/137 190/9/102
f 192/8/104 336/8/200 193/8/105
f 195/9/107 226/9/138 196/9/108
f 197/9/109 196/9/108 198/9/110
f 200/8/112 450/8/283 201/8/113
f 199/9/111 198/9/110 203/9/115
f 204/9/116 210/9/122 205/9/117
f 206/8/118 213/8/125 207/8/119
f 209/9/121 214/9/126 210/9/122
f 211/8/123 216/8/128 212/8/124
f 154/9/75 153/9/74 214/9/126
f 215/8/127 150/8/71 151/8/72
f 217/8/129 224/8/136 218/8/130
f 220/9/132 217/8/129 219/8/131
f 220/9/132 221/9/133 222/9/134
f 224/8/136 186/8/98 188/8/100
f 223/9/135 222/9/134 225/9/137
f 191/9/103 190/9/102 226/9/138
f 227/8/139 192/8/104 194/8/106
f 228/18/140 245/18/140 11/1/141
f 229/19/142 249/19/142 125/14/51
f 230/20/143 386/20/146 231/21/144
f 233/20/146 232/20/145 231/21/144
f 235/20/147 234/20/146 231/21/144
f 237/20/146 236/20/146 231/21/144
f 239/20/148 238/20/145 231/21/144
f 241/20/147 240/20/146 231/21/144
f 244/22/149 247/22/149 245/18/149
f 246/23/150 352/23/227 247/22/151
f 248/24/152 251/24/152 249/19/152
f 250/25/153 356/25/231 251/24/154
f 252/26/155 254/26/155 243/21/155
f 253/27/156 359/27/156 254/26/157
f 255/1/158 12/1/141 13/2/49
f 257/2/49 16/2/49 11/1/141
f 259/9/36 125/14/51 260/14/50
f 261/28/36 123/13/36 125/14/51
f 263/29/36 320/9/36 38/9/36
f 265/14/50 266/13/36 264/28/36
f 246/23/150 351/23/225 267/30/52
f 269/25/153 356/25/231 270/31/52
f 269/25/153 271/10/52 126/5/52
f 269/25/153 272/4/52 273/30/52
f 274/31/52 269/25/153 246/23/150
f 79/5/52 78/10/52 246/23/150
f 250/25/153 355/25/230 275/31/52
f 277/23/159 352/23/227 278/30/52
f 277/23/159 279/4/52 128/5/52
f 277/23/159 127/10/52 280/31/52
f 281/30/52 277/23/159 250/25/153
f 34/5/52 33/4/52 250/25/153
f 282/8/160 316/8/163 283/32/53
f 285/20/146 907/76/53 286/34/53
f 285/20/146 287/35/53 288/36/53
f 285/20/146 289/37/53 290/38/53
f 285/20/146 291/11/53 292/39/53
f 285/20/146 293/40/53 294/41/53
f 285/20/146 295/42/53 296/43/53
f 297/44/53 285/20/146 282/8/160
f 80/11/53 298/6/53 282/8/160
f 242/20/146 347/20/143 299/44/53
f 300/8/160 317/8/160 301/43/53
f 300/8/160 302/42/53 303/41/53
f 300/8/160 304/40/53 305/39/53
f 300/8/160 306/11/53 307/45/53
f 300/8/160 308/46/53 130/16/53
f 300/8/160 309/47/53 310/48/53
f 311/32/53 300/8/160 242/20/146
f 313/11/53 312/33/53 242/20/146
f 256/2/49 13/2/49 253/27/156
f 315/27/161 359/27/156 16/2/49
f 282/8/160 323/8/58 83/8/162
f 300/8/160 37/8/58 136/8/58
f 318/9/164 259/9/164 82/9/165
f 134/9/56 319/9/166 82/9/165
f 320/9/55 141/9/54 39/9/54
f 321/9/169 133/9/55 141/9/54
f 323/8/58 332/8/61 86/8/61
f 37/8/58 333/8/61 139/8/61
f 85/9/62 140/9/62 132/9/54
f 39/9/54 141/9/54 178/9/62
f 100/9/170 142/9/63 144/9/65
f 41/9/172 143/9/64 172/9/87
f 324/8/66 331/8/88 87/8/86
f 43/8/66 42/8/88 173/8/88
f 151/8/72 149/8/70 91/8/174
f 46/8/176 45/8/177 325/8/177
f 92/9/178 152/9/73 154/9/75
f 44/9/180 153/9/74 203/9/115
f 94/9/181 155/9/76 157/9/77
f 327/9/77 156/9/77 205/9/117
f 160/8/80 159/8/79 114/8/183
f 47/8/185 49/8/186 328/8/186
f 95/9/182 157/9/77 162/9/82
f 50/9/81 161/9/81 156/9/77
f 164/8/83 160/8/80 93/8/184
f 51/8/83 47/8/185 329/8/185
f 96/9/187 162/9/82 167/9/85
f 52/9/84 166/9/84 161/9/81
f 330/8/61 164/8/83 97/8/83
f 53/8/61 51/8/83 168/8/83
f 98/9/188 167/9/85 142/9/63
f 54/9/87 172/9/87 166/9/84
f 331/8/88 330/8/61 99/8/86
f 42/8/88 53/8/61 170/8/61
f 332/8/61 334/8/90 101/8/90
f 333/8/61 55/8/90 176/8/90
f 102/9/189 177/9/91 140/9/93
f 40/9/191 178/9/92 183/9/96
f 334/8/90 335/8/94 103/8/94
f 55/8/90 57/8/94 181/8/94
f 104/9/193 182/9/95 177/9/91
f 56/9/192 183/9/96 185/9/97
f 335/8/94 324/8/66 89/8/173
f 57/8/94 43/8/66 145/8/66
f 88/9/171 144/9/65 182/9/95
f 58/9/194 185/9/97 143/9/64
f 227/8/139 186/8/98 121/8/195
f 60/8/99 75/8/221 188/8/100
f 106/9/197 189/9/101 191/9/103
f 61/9/199 190/9/102 225/9/137
f 336/8/200 192/8/104 122/8/201
f 63/8/105 76/8/222 194/8/106
f 109/9/203 195/9/107 197/9/109
f 64/9/108 196/9/108 226/9/138
f 201/8/113 336/8/200 108/8/202
f 65/8/206 63/8/105 193/8/105
f 110/9/204 197/9/109 199/9/111
f 66/9/110 198/9/110 196/9/108
f 149/8/70 201/8/113 111/8/205
f 45/8/177 65/8/206 337/8/207
f 112/9/208 199/9/111 152/9/73
f 67/9/115 203/9/115 198/9/110
f 116/9/209 204/9/116 155/9/76
f 48/9/117 205/9/117 210/9/122
f 159/8/79 207/8/119 113/8/210
f 49/8/186 68/8/211 338/8/211
f 339/9/212 209/9/121 204/9/116
f 69/9/122 210/9/122 214/9/126
f 207/8/119 212/8/124 115/8/213
f 68/8/211 70/8/215 340/8/214
f 90/9/179 154/9/75 209/9/121
f 71/9/126 214/9/126 153/9/74
f 212/8/124 151/8/72 117/8/175
f 70/8/215 46/8/176 326/8/176
f 224/8/136 217/8/129 341/8/216
f 119/9/218 341/8/216 217/8/129
f 119/9/218 220/9/132 223/9/135
f 74/9/220 222/9/134 221/9/133
f 186/8/98 224/8/136 118/8/217
f 75/8/221 73/8/39 218/8/130
f 120/9/219 223/9/135 189/9/101
f 59/9/137 225/9/137 222/9/134
f 107/9/198 191/9/103 195/9/107
f 62/9/138 226/9/138 190/9/102
f 192/8/104 227/8/139 105/8/196
f 76/8/222 60/8/99 187/8/99
f 342/18/223 228/18/140 12/1/141
f 258/1/158 11/1/141 245/18/140
f 344/19/142 229/19/142 124/14/50
f 260/14/50 125/14/51 249/19/142
f 347/20/143 242/20/146 243/21/144
f 349/22/149 244/22/149 228/18/149
f 343/18/149 245/18/149 247/22/149
f 351/23/225 246/23/150 244/22/151
f 350/22/151 247/22/151 352/23/227
f 353/24/152 248/24/152 229/19/152
f 345/19/229 249/19/152 251/24/152
f 355/25/230 250/25/153 248/24/154
f 354/24/154 251/24/154 356/25/231
f 357/26/155 252/26/155 231/21/155
f 348/21/155 243/21/155 254/26/155
f 314/27/161 253/27/156 252/26/157
f 358/26/157 254/26/157 359/27/156
f 362/49/239 367/49/257 266/13/240
f 364/9/244 321/9/246 322/9/243
f 365/50/245 133/9/997 321/9/246
f 360/9/234 366/9/247 364/9/244
f 366/9/247 367/49/235 365/50/245
f 263/29/233 264/28/248 366/9/247
f 264/28/248 266/13/998 367/49/235
f 369/9/251 261/28/253 262/29/250
f 362/49/252 123/13/999 261/28/253
f 361/9/237 370/9/254 369/9/251
f 370/9/254 371/50/256 362/49/252
f 318/9/236 319/9/255 370/9/254
f 319/9/255 134/9/255 371/50/256
f 371/50/239 365/50/259 367/49/257
f 134/9/258 133/9/1000 365/50/259
f 234/20/146 391/60/53 372/51/53
f 373/52/53 404/69/53 304/40/53
f 293/40/53 425/69/53 374/52/53
f 375/8/260 421/8/267 376/53/53
f 378/53/53 412/8/264 379/8/160
f 239/20/148 240/20/146 381/55/53
f 383/17/53 288/36/53 287/35/53
f 385/56/53 907/76/53 285/20/146
f 387/57/53 429/61/53 385/56/53
f 232/20/145 388/55/53 387/57/53
f 233/20/146 372/51/53 388/55/53
f 389/58/53 235/20/147 236/20/146
f 391/60/53 234/20/146 235/20/147
f 236/20/146 237/20/146 392/58/53
f 237/20/146 238/20/145 393/60/53
f 238/20/145 239/20/148 382/51/53
f 394/61/53 395/57/53 241/20/147
f 395/57/53 381/55/53 240/20/146
f 306/11/53 403/11/53 396/62/53
f 397/63/53 308/46/53 307/45/53
f 131/17/53 130/16/53 308/46/53
f 310/48/53 398/64/53 394/61/53
f 309/47/53 129/15/53 398/64/53
f 399/65/53 400/66/53 301/43/53
f 400/66/53 401/67/53 302/42/53
f 401/67/53 373/52/53 303/41/53
f 306/11/53 305/39/53 402/68/53
f 305/39/53 304/40/53 404/69/53
f 405/70/53 409/8/262 406/8/261
f 408/72/53 410/8/263 409/8/262
f 380/54/53 379/8/160 410/8/263
f 411/8/160 413/73/53 399/65/53
f 412/8/264 378/53/53 413/73/53
f 406/8/261 415/8/265 414/70/53
f 415/8/265 417/8/266 416/72/53
f 417/8/266 375/8/260 377/54/53
f 418/65/53 420/73/53 419/8/160
f 420/73/53 376/53/53 421/8/267
f 296/43/53 422/66/53 418/65/53
f 295/42/53 423/67/53 422/66/53
f 294/41/53 374/52/53 423/67/53
f 291/11/53 426/11/53 424/68/53
f 425/69/53 293/40/53 292/39/53
f 426/11/53 291/11/53 290/38/53
f 427/62/53 290/38/53 289/37/53
f 428/63/53 289/37/53 288/36/53
f 286/34/53 907/76/53 385/56/53
f 286/34/53 430/64/53 384/15/53
f 355/25/37 353/24/37 344/19/37
f 344/19/37 38/9/37 431/74/37
f 432/12/37 276/10/37 275/31/37
f 32/3/37 34/5/37 276/10/37
f 433/75/37 257/2/37 258/1/37
f 343/18/37 277/23/37 281/30/37
f 281/30/37 33/4/37 36/7/37
f 38/9/37 300/8/37 311/32/37
f 431/74/37 311/32/37 312/33/37
f 432/12/37 312/33/37 313/11/37
f 347/20/37 348/21/37 358/26/37
f 358/26/37 257/2/37 433/75/37
f 299/44/37 433/75/37 36/7/37
f 351/23/40 349/22/40 342/18/40
f 342/18/40 256/2/40 434/75/40
f 435/7/40 268/4/40 267/30/40
f 77/3/40 79/5/40 268/4/40
f 436/74/40 82/9/41 260/14/40
f 345/19/40 269/25/40 274/31/40
f 274/31/40 78/10/40 81/12/40
f 434/75/40 256/2/40 314/27/40
f 357/26/40 285/20/40 297/44/40
f 297/44/40 298/6/40 435/7/40
f 298/6/40 80/11/40 77/3/40
f 82/9/41 436/74/40 283/32/40
f 436/74/40 81/12/40 284/33/40
f 246/23/150 273/30/52 278/30/52
f 273/30/52 272/4/52 279/4/52
f 272/4/52 126/5/52 128/5/52
f 250/25/153 280/31/52 270/31/52
f 280/31/52 127/10/52 271/10/52
f 437/8/270 441/8/274 329/8/185
f 338/8/211 440/8/273 438/8/271
f 168/8/83 329/8/185 441/8/274
f 439/8/272 338/8/211 340/8/214
f 326/8/176 445/8/278 443/8/276
f 325/8/177 447/8/280 444/8/277
f 337/8/207 449/8/282 446/8/279
f 336/8/200 201/8/113 450/8/283
f 193/8/105 905/8/1001 448/8/281
f 452/8/285 905/8/1001 193/8/105
f 453/8/286 165/8/83 164/8/83
f 454/8/60 330/8/61 331/8/88
f 324/8/66 457/8/287 455/8/57
f 456/8/173 324/8/66 335/8/94
f 334/8/90 460/8/57 458/8/94
f 332/8/61 462/8/53 459/8/90
f 323/8/58 464/8/289 461/8/60
f 465/8/290 463/8/288 323/8/58
f 419/8/160 136/8/58 467/8/292
f 411/8/160 317/8/160 136/8/58
s 0
f 415/8/1002 409/8/1003 410/8/1004
f 419/8/295 375/8/1005 417/8/266
s 1
f 136/8/58 419/8/160 415/8/265
f 466/8/291 282/8/160 419/8/160
f 469/4/298 862/7/299 470/3/299
f 470/3/299 862/7/299 472/6/300
f 474/9/301 701/9/763 475/8/302
f 474/9/301 476/8/303 477/8/304
f 479/8/306 492/9/319 480/9/307
f 482/9/309 509/8/335 483/8/310
f 485/8/312 506/8/332 486/9/313
f 485/8/312 487/9/314 488/9/315
f 489/8/316 488/9/315 490/9/317
f 491/8/318 490/9/317 492/9/319
f 478/9/305 477/8/304 493/8/320
f 494/9/321 493/8/320 495/8/322
f 496/9/323 495/8/322 481/8/308
f 497/8/324 514/8/340 498/9/325
f 500/8/327 515/8/341 501/9/328
f 503/8/330 500/8/327 502/9/329
f 484/9/311 483/8/310 503/8/330
f 505/8/331 508/9/334 486/9/313
f 507/8/333 510/9/336 508/9/334
f 509/8/335 482/9/309 510/9/336
f 511/8/337 771/8/1006 512/9/338
f 514/8/340 511/8/337 513/9/339
f 499/9/326 501/9/328 515/8/341
f 516/10/342 519/12/343 517/3/343
f 519/12/343 721/33/344 520/11/344
f 521/9/345 751/8/1007 522/8/346
f 524/8/348 751/8/1007 521/9/345
f 526/9/350 539/9/363 527/8/351
f 529/9/353 552/9/376 530/8/354
f 532/8/356 761/9/1008 533/9/357
f 535/9/359 761/9/1008 532/8/356
f 537/9/361 535/9/359 536/8/360
f 539/9/363 537/9/361 538/8/362
f 540/8/364 524/8/348 525/9/349
f 542/8/366 540/8/364 541/9/365
f 528/8/352 542/8/366 543/9/367
f 544/9/368 560/8/384 545/8/369
f 547/9/371 561/8/385 548/8/372
f 549/9/373 548/8/372 550/8/374
f 552/9/376 551/9/375 550/8/374
f 553/8/377 534/8/358 533/9/357
f 555/8/379 553/8/377 554/9/378
f 531/8/355 555/8/379 556/9/380
f 557/9/381 770/8/1009 558/8/382
f 559/9/383 558/8/382 560/8/384
f 561/8/385 547/9/371 546/9/370
f 562/14/386 704/13/531 563/13/387
f 565/10/389 710/10/537 566/5/390
f 568/16/392 745/47/560 569/15/52
f 571/9/393 579/9/401 572/9/394
f 574/8/396 904/8/822 575/8/397
f 574/8/396 576/8/398 577/8/399
f 579/9/401 616/9/585 580/9/402
f 581/9/403 612/9/434 582/9/404
f 584/8/406 613/8/435 585/8/407
f 587/8/409 590/8/412 588/8/410
f 592/9/414 642/9/462 593/9/415
f 595/9/417 643/9/463 596/9/418
f 598/8/420 645/8/465 599/8/421
f 601/9/423 595/9/417 597/9/419
f 603/8/425 604/8/426 600/8/422
f 606/9/428 601/9/423 602/9/424
f 608/8/430 876/8/427 609/8/431
f 612/9/434 606/9/428 607/9/429
f 613/8/435 614/8/436 611/8/433
f 615/8/52 618/8/440 578/8/400
f 616/9/437 622/9/443 617/9/438
f 618/8/440 615/8/52 619/8/441
f 622/9/443 625/9/445 623/9/444
f 621/8/442 620/8/52 624/8/408
f 625/9/445 581/9/403 583/9/405
f 626/8/446 663/8/483 627/8/447
f 629/9/449 664/9/484 630/9/450
f 632/8/452 666/8/486 633/8/453
f 635/9/455 665/9/485 636/9/456
f 638/9/458 635/9/455 637/9/457
f 640/8/460 886/8/810 641/8/461
f 642/9/462 638/9/458 639/9/459
f 643/9/463 649/9/469 644/9/464
f 645/8/465 648/8/468 646/8/466
f 649/9/469 653/9/473 650/9/470
f 651/8/471 655/8/475 652/8/472
f 653/9/473 592/9/414 594/9/416
f 591/8/413 587/8/409 654/8/474
f 656/8/476 660/8/480 657/8/477
f 659/9/479 772/9/675 660/8/480
f 661/9/481 772/9/675 659/9/479
f 658/8/478 657/8/477 663/8/483
f 664/9/484 661/9/481 662/9/482
f 665/9/485 629/9/449 631/9/451
f 628/8/448 627/8/447 666/8/486
f 24/1/487 25/1/521 667/18/488
f 564/14/388 687/19/680 669/19/490
f 670/21/491 813/20/739 671/20/492
f 670/21/491 672/20/493 673/20/494
f 670/21/491 674/20/495 675/20/496
f 670/21/491 676/20/497 677/20/498
f 670/21/491 678/20/499 679/20/500
f 670/21/491 680/20/501 681/20/502
f 667/18/505 685/22/505 684/22/506
f 685/22/507 866/23/791 686/23/508
f 687/19/510 689/24/693 688/24/511
f 689/24/512 868/25/793 690/25/513
f 683/21/504 692/26/1010 691/26/515
f 692/26/516 786/27/700 693/27/517
f 694/2/519 26/2/566 24/1/487
f 25/1/521 29/2/567 696/2/522
f 523/9/524 776/14/681 564/14/388
f 699/29/526 564/14/388 563/13/387
f 701/9/528 755/9/1011 702/29/529
f 701/9/528 703/28/530 704/13/531
f 708/31/535 868/25/793 709/25/536
f 566/5/390 710/10/537 709/25/536
f 686/23/508 867/30/792 711/4/538
f 516/10/539 686/23/508 709/25/536
f 686/23/508 516/10/539 518/5/534
f 713/31/541 784/25/695 690/25/513
f 715/30/543 866/23/791 716/23/544
f 567/5/391 717/4/391 716/23/544
f 690/25/513 869/31/794 565/10/389
f 469/4/545 690/25/513 716/23/544
f 690/25/513 469/4/545 471/5/547
f 719/32/548 522/8/570 720/8/549
f 722/34/551 908/76/1012 723/20/552
f 725/36/553 724/35/551 723/20/552
f 727/38/553 726/37/551 723/20/552
f 729/39/553 728/11/551 723/20/552
f 731/41/551 730/40/553 723/20/552
f 733/43/554 732/42/551 723/20/552
f 734/6/555 720/8/549 723/20/552
f 720/8/549 734/6/555 520/11/550
f 736/44/557 779/20/685 682/20/503
f 737/43/392 752/8/571 475/8/559
f 739/41/392 738/42/392 475/8/559
f 741/39/392 740/40/392 475/8/559
f 743/45/392 742/11/392 475/8/559
f 568/16/392 744/46/392 475/8/559
f 746/48/561 745/47/560 475/8/559
f 682/20/503 475/8/559 747/32/562
f 682/20/503 748/33/563 473/11/564
f 749/27/565 693/27/517 26/2/566
f 29/2/567 786/27/700 750/27/568
f 751/8/569 758/8/582 720/8/549
f 752/8/571 574/8/396 476/8/572
f 523/9/573 698/9/1013 753/9/574
f 523/9/573 754/9/575 573/9/395
f 701/9/577 474/9/586 579/9/401
f 756/9/579 579/9/401 571/9/393
f 524/8/581 765/8/626 758/8/582
f 574/8/396 578/8/400 477/8/583
f 572/9/394 580/9/402 525/9/584
f 616/9/585 579/9/401 474/9/586
f 583/9/405 582/9/404 539/9/588
f 612/9/434 581/9/403 480/9/590
f 527/8/592 764/8/624 759/8/593
f 585/8/407 613/8/435 479/8/595
f 530/8/597 590/8/412 591/8/413
f 509/8/599 769/8/667 760/8/600
f 594/9/416 593/9/415 552/9/602
f 642/9/462 592/9/414 482/9/604
f 597/9/419 596/9/418 533/9/606
f 486/9/608 643/9/463 595/9/417
f 534/8/610 598/8/420 600/8/422
f 485/8/612 870/8/795 762/8/613
f 602/9/424 597/9/419 761/9/607
f 595/9/417 601/9/423 488/9/616
f 532/8/611 600/8/422 604/8/426
f 609/8/431 870/8/795 485/8/612
f 607/9/429 602/9/424 535/9/615
f 488/9/616 601/9/423 606/9/428
f 536/8/617 604/8/426 763/8/621
f 610/8/432 609/8/431 489/8/618
f 582/9/404 607/9/429 537/9/619
f 490/9/620 606/9/428 612/9/434
f 538/8/622 763/8/621 764/8/624
f 613/8/435 610/8/432 491/8/623
f 540/8/625 766/8/633 765/8/626
f 578/8/400 618/8/440 493/8/627
f 580/9/439 617/9/438 541/9/628
f 622/9/443 616/9/437 478/9/630
f 542/8/632 767/8/637 766/8/633
f 618/8/440 621/8/442 495/8/634
f 617/9/438 623/9/444 543/9/635
f 625/9/445 622/9/443 494/9/631
f 528/8/594 759/8/593 767/8/637
f 621/8/442 585/8/407 481/8/596
f 623/9/444 583/9/405 526/9/589
f 480/9/590 581/9/403 625/9/445
f 560/8/638 626/8/446 628/8/448
f 627/8/447 663/8/483 514/8/640
f 631/9/451 630/9/450 544/9/642
f 498/9/644 664/9/484 629/9/449
f 561/8/646 632/8/452 634/8/454
f 633/8/453 666/8/486 515/8/648
f 637/9/457 636/9/456 547/9/650
f 501/9/652 665/9/485 635/9/455
f 548/8/647 634/8/454 640/8/460
f 503/8/655 883/8/807 633/8/453
f 639/9/459 637/9/457 549/9/651
f 635/9/455 638/9/458 504/9/657
f 550/8/654 640/8/460 590/8/412
f 760/8/600 883/8/807 503/8/655
f 593/9/415 639/9/459 551/9/656
f 504/9/657 638/9/458 642/9/462
f 596/9/418 644/9/464 554/9/658
f 649/9/469 643/9/463 486/9/608
f 553/8/660 648/8/468 598/8/420
f 762/8/613 768/8/665 505/8/661
f 644/9/464 650/9/470 556/9/662
f 653/9/473 649/9/469 508/9/659
f 555/8/664 651/8/471 648/8/468
f 768/8/665 877/8/801 507/8/666
f 650/9/470 594/9/416 529/9/603
f 482/9/604 592/9/414 653/9/473
f 531/8/598 591/8/413 651/8/471
f 507/8/666 877/8/801 769/8/667
f 770/8/668 656/8/476 658/8/478
f 511/8/670 657/8/477 660/8/480
f 557/9/672 659/9/479 656/8/476
f 660/8/480 772/9/675 512/9/673
f 662/9/482 659/9/479 557/9/672
f 772/9/675 661/9/481 513/9/676
f 558/8/669 658/8/478 626/8/446
f 514/8/640 663/8/483 657/8/477
f 630/9/450 662/9/482 559/9/674
f 661/9/481 664/9/484 498/9/644
f 636/9/456 631/9/451 546/9/643
f 499/9/645 629/9/449 665/9/485
f 545/8/639 628/8/448 632/8/452
f 515/8/648 666/8/486 627/8/447
f 695/1/520 24/1/487 668/18/489
f 667/18/488 25/1/521 697/1/523
f 705/14/532 562/14/386 669/19/490
f 687/19/680 564/14/388 776/14/681
f 683/21/504 682/20/503 779/20/685
f 773/18/686 668/18/506 684/22/506
f 685/22/505 667/18/505 774/18/688
f 716/23/544 866/23/791 685/22/507
f 669/19/511 688/24/511 782/24/692
f 689/24/693 687/19/510 777/19/694
f 688/24/514 690/25/513 784/25/695
f 709/25/536 868/25/793 689/24/512
f 778/21/698 670/21/515 691/26/515
f 787/26/773 692/26/1010 683/21/504
f 785/26/699 691/26/518 693/27/517
f 786/27/700 692/26/516 787/26/701
f 704/13/708 795/49/729 790/49/709
f 791/9/712 756/9/711 757/9/713
f 757/9/713 571/9/1014 793/50/715
f 788/9/703 791/9/712 792/9/714
f 794/9/716 792/9/714 793/50/715
f 788/9/703 794/9/716 703/28/718
f 703/28/718 794/9/716 795/49/717
f 796/9/721 699/29/720 700/28/722
f 700/28/722 563/13/1015 790/49/724
f 789/9/706 796/9/721 797/9/723
f 798/9/725 797/9/723 790/49/724
f 789/9/706 798/9/725 754/9/727
f 754/9/727 798/9/725 799/50/726
f 795/49/729 793/50/731 799/50/730
f 793/50/731 571/9/1016 573/9/732
f 800/51/733 818/60/744 674/20/495
f 740/40/392 831/69/52 801/52/52
f 802/52/52 853/69/52 730/40/553
f 803/53/52 847/8/756 804/8/734
f 806/8/735 840/8/753 807/53/52
f 809/55/736 680/20/501 679/20/500
f 811/17/52 858/15/52 724/35/551
f 723/20/552 908/76/1012 812/56/738
f 812/56/738 856/61/757 814/57/740
f 814/57/740 815/55/741 672/20/493
f 815/55/741 800/51/733 673/20/494
f 676/20/497 675/20/496 816/58/742
f 675/20/496 674/20/495 818/60/744
f 819/58/745 677/20/498 676/20/497
f 820/60/746 678/20/499 677/20/498
f 810/51/737 679/20/500 678/20/499
f 681/20/502 822/57/748 821/61/747
f 680/20/501 809/55/736 822/57/748
f 742/11/392 743/45/392 823/62/52
f 743/45/392 744/46/392 825/63/52
f 744/46/392 568/16/392 570/17/52
f 821/61/747 826/64/749 746/48/561
f 826/64/749 569/15/52 745/47/560
f 737/43/392 828/66/52 827/65/52
f 738/42/392 829/67/52 828/66/52
f 739/41/392 801/52/52 829/67/52
f 830/68/52 741/39/392 742/11/392
f 831/69/52 740/40/392 741/39/392
f 832/8/750 835/8/751 833/70/52
f 835/8/751 837/8/752 836/72/52
f 837/8/752 806/8/735 808/54/52
f 827/65/52 839/73/52 838/8/735
f 839/73/52 807/53/52 840/8/753
f 841/70/52 843/8/754 832/8/750
f 842/72/52 844/8/755 843/8/754
f 805/54/52 804/8/734 844/8/755
f 845/8/735 848/73/52 846/65/52
f 847/8/756 803/53/52 848/73/52
f 846/65/52 849/66/52 733/43/554
f 849/66/52 850/67/52 732/42/551
f 850/67/52 802/52/52 731/41/551
f 728/11/551 729/39/553 851/68/52
f 729/39/553 730/40/553 853/69/52
f 852/11/52 854/62/52 727/38/553
f 854/62/52 855/63/52 726/37/551
f 855/63/52 811/17/52 725/36/553
f 812/56/738 908/76/1012 722/34/551
f 722/34/551 724/35/551 858/15/52
f 713/31/758 775/19/761 782/24/759
f 775/19/761 713/31/758 859/74/762
f 713/31/758 714/10/298 860/12/299
f 714/10/298 471/5/298 470/3/299
f 861/75/765 774/18/768 697/1/766
f 774/18/768 861/75/765 718/30/769
f 862/7/299 469/4/298 718/30/769
f 701/9/763 859/74/762 747/32/772
f 859/74/762 860/12/299 748/33/300
f 860/12/299 470/3/299 473/11/300
f 736/44/684 861/75/765 696/2/767
f 736/44/684 472/6/300 862/7/299
f 706/30/533 773/18/776 780/22/690
f 706/30/533 864/75/778 694/2/775
f 706/30/533 707/4/342 863/7/343
f 707/4/342 518/5/342 517/3/343
f 865/74/779 777/19/781 776/14/780
f 777/19/781 865/74/779 712/31/782
f 519/12/343 516/10/342 712/31/782
f 864/75/778 785/26/786 749/27/785
f 785/26/786 864/75/778 735/44/787
f 863/7/343 734/6/344 735/44/787
f 517/3/343 520/11/344 734/6/344
f 522/8/346 719/32/790 865/74/779
f 721/33/344 519/12/343 865/74/779
f 715/30/543 867/30/792 686/23/508
f 717/4/391 711/4/538 867/30/792
f 567/5/391 566/5/390 711/4/538
f 708/31/535 869/31/794 690/25/513
f 710/10/537 565/10/389 869/31/794
f 870/8/795 875/8/800 871/8/796
f 768/8/665 762/8/613 872/8/797
f 875/8/800 870/8/795 609/8/431
f 877/8/801 768/8/665 874/8/799
f 769/8/667 877/8/801 878/8/802
f 760/8/600 769/8/667 880/8/804
f 883/8/807 760/8/600 882/8/806
f 886/8/810 640/8/460 634/8/454
f 633/8/453 883/8/807 885/8/809
f 633/8/453 888/8/812 889/8/813
f 604/8/426 605/8/427 890/8/814
f 764/8/624 763/8/621 891/8/399
f 759/8/593 764/8/624 892/8/815
f 767/8/637 759/8/593 894/8/817
f 766/8/633 767/8/637 895/8/818
f 765/8/626 766/8/633 897/8/441
f 758/8/582 765/8/626 899/8/399
f 758/8/582 901/8/819 902/8/820
f 845/8/735 906/8/1017 904/8/822
f 574/8/396 752/8/571 838/8/735
f 806/8/735 837/8/752 835/8/751
f 843/8/754 844/8/755 804/8/734
f 574/8/396 806/8/735 843/8/754
f 903/8/821 906/8/1017 845/8/735
f 569/15/823 129/15/823 131/17/824
f 575/8/825 904/8/994 467/8/826
f 575/8/825 135/8/827 137/8/828
f 577/8/830 576/8/829 137/8/828
f 584/8/832 586/8/862 147/8/833
f 588/8/835 202/8/866 148/8/836
f 587/8/838 589/8/1018 148/8/839
f 645/8/841 208/8/1019 158/8/842
f 603/8/844 599/8/843 158/8/842
f 603/8/844 163/8/845 165/8/846
f 608/8/848 169/8/850 442/8/40
f 608/8/848 611/8/852 171/8/849
f 614/8/851 174/8/853 171/8/849
f 584/8/832 146/8/834 174/8/853
f 615/8/854 577/8/830 138/8/831
f 619/8/856 615/8/854 175/8/855
f 619/8/856 179/8/857 180/8/858
f 624/8/860 620/8/859 180/8/858
f 624/8/860 184/8/861 147/8/833
f 886/8/863 450/8/965 200/8/864
f 588/8/835 641/8/865 200/8/864
f 646/8/867 213/8/876 206/8/868
f 645/8/870 647/8/1020 206/8/871
f 655/8/873 216/8/879 211/8/874
f 646/8/867 652/8/875 211/8/874
f 587/8/838 150/8/840 215/8/877
f 655/8/873 654/8/878 215/8/877
f 786/27/880 359/27/880 253/27/880
f 26/2/881 693/27/1021 253/27/882
f 29/2/884 16/2/1022 359/27/885
f 818/60/887 800/51/904 372/51/888
f 831/69/889 404/69/921 373/52/890
f 802/52/891 374/52/891 425/69/892
f 805/54/893 377/54/893 376/53/894
f 807/53/895 378/53/895 380/54/896
f 810/51/897 382/51/897 381/55/898
f 811/17/899 383/17/899 384/15/900
f 856/61/901 429/61/901 387/57/902
f 814/57/902 387/57/902 388/55/903
f 815/55/903 388/55/903 372/51/888
f 816/58/905 389/58/906 390/59/36
f 816/58/905 818/60/887 391/60/887
f 817/59/36 390/59/36 392/58/907
f 819/58/908 392/58/907 393/60/909
f 820/60/910 393/60/909 382/51/897
f 822/57/911 395/57/911 394/61/912
f 809/55/898 381/55/898 395/57/911
f 823/62/913 396/62/913 403/11/40
f 825/63/914 397/63/914 396/62/913
f 570/17/824 131/17/824 397/63/914
f 821/61/912 394/61/912 398/64/915
f 826/64/915 398/64/915 129/15/823
f 828/66/916 400/66/916 399/65/917
f 829/67/918 401/67/919 400/66/916
f 801/52/890 373/52/890 401/67/919
f 824/11/40 403/11/40 402/68/920
f 830/68/920 402/68/920 404/69/921
f 833/70/922 405/70/922 407/71/49
f 836/72/923 408/72/923 405/70/922
f 808/54/896 380/54/896 408/72/923
f 827/65/917 399/65/917 413/73/924
f 839/73/924 413/73/924 378/53/895
f 834/71/49 407/71/49 414/70/925
f 841/70/925 414/70/925 416/72/926
f 842/72/926 416/72/926 377/54/893
f 848/73/927 420/73/927 418/65/928
f 803/53/894 376/53/894 420/73/927
f 846/65/928 418/65/928 422/66/929
f 849/66/929 422/66/929 423/67/930
f 850/67/930 423/67/930 374/52/891
f 851/68/931 424/68/931 426/11/37
f 853/69/892 425/69/892 424/68/931
f 852/11/37 426/11/37 427/62/932
f 854/62/932 427/62/932 428/63/933
f 855/63/933 428/63/933 383/17/899
f 857/64/934 430/64/934 429/61/901
f 858/15/900 384/15/900 430/64/934
f 26/2/935 13/2/935 16/2/936
f 871/8/937 875/8/40 441/8/40
f 872/8/939 871/8/937 437/8/938
f 872/8/939 438/8/940 440/8/941
f 874/8/943 873/8/942 440/8/941
f 876/8/40 442/8/40 441/8/40
f 878/8/945 874/8/943 439/8/944
f 878/8/945 443/8/946 445/8/947
f 880/8/949 879/8/948 445/8/947
f 880/8/949 444/8/950 447/8/951
f 882/8/953 881/8/952 447/8/951
f 882/8/953 446/8/954 449/8/955
f 885/8/957 884/8/956 449/8/955
f 885/8/957 448/8/958 905/8/959
f 888/8/960 905/8/959 452/8/961
f 887/8/963 889/8/962 452/8/961
f 886/8/863 887/8/963 451/8/964
f 605/8/847 165/8/846 453/8/966
f 890/8/967 453/8/966 454/8/968
f 892/8/970 891/8/969 454/8/968
f 892/8/970 455/8/971 457/8/972
f 893/8/973 457/8/972 456/8/974
f 894/8/975 456/8/974 458/8/976
f 895/8/977 458/8/976 460/8/978
f 897/8/980 896/8/979 460/8/978
f 897/8/980 459/8/981 462/8/982
f 898/8/983 462/8/982 461/8/984
f 900/8/986 899/8/985 461/8/984
f 900/8/986 464/8/987 463/8/988
f 901/8/989 463/8/988 465/8/990
f 902/8/991 465/8/990 466/8/992
f 906/8/993 468/8/995 467/8/826
f 906/8/993 903/8/992 466/8/992
f 30/1/34 18/1/1023 28/2/35
f 219/8/131 73/8/39 72/9/38
f 736/44/684 787/26/773 683/21/504
f 780/22/690 684/22/509 686/23/508
