# Blender 5.0.1
# www.blender.org
mtllib noga_lewa.mtl
o lego_obj.011
v 0.200597 -0.565054 -0.400198
v 0.203865 -0.592211 -0.056680
v 0.200597 -0.565054 -0.059947
v 0.107441 -0.592211 -0.403469
v 0.203865 -0.592211 -0.403469
v 0.110708 -0.565054 -0.400198
v 0.107441 -0.592211 -0.056680
v 0.110708 -0.565054 -0.059947
v 0.200152 -0.561379 -0.399757
v 0.200152 -0.561379 -0.060389
v 0.204306 -0.595881 -0.056238
v 0.204306 -0.595881 -0.403911
v 0.106999 -0.595881 -0.403911
v 0.111150 -0.561379 -0.060389
v 0.111150 -0.561379 -0.399757
v 0.106996 -0.595881 -0.056238
v 0.217306 -0.588975 -0.043238
v 0.214035 -0.561814 -0.413640
v 0.214035 -0.561814 -0.046506
v 0.093999 -0.588975 -0.416911
v 0.097267 -0.561814 -0.413640
v 0.093999 -0.588975 -0.043238
v 0.097267 -0.561814 -0.046506
v 0.207328 -0.577584 -0.409187
v 0.207328 -0.577584 -0.050958
v 0.100117 -0.579235 -0.410790
v 0.100671 -0.549046 -0.049910
v 0.100671 -0.549046 -0.410236
v 0.100117 -0.579235 -0.049356
v 0.210635 -0.549046 -0.049910
v 0.217306 -0.588975 -0.416911
v 0.106996 -0.497550 -0.040777
v 0.209180 -0.541610 -0.040777
v 0.209180 -0.497550 -0.040777
v -0.176414 -0.540323 -0.040777
v 0.106996 -0.543906 -0.040777
v -0.174426 -0.132579 -0.040777
v 0.106996 -0.399216 -0.040777
v 0.105176 -0.132579 -0.040777
v 0.105183 -0.127162 -0.040777
v 0.147609 -0.072884 -0.040777
v -0.174426 -0.052237 -0.040777
v -0.174412 -0.068792 -0.040777
v 0.152482 0.081241 -0.040777
v -0.147055 0.102578 -0.040777
v -0.158926 0.082061 -0.040777
v -0.174426 0.004261 -0.040777
v 0.167887 0.024385 -0.040777
v -0.176284 0.024312 -0.040777
v 0.166555 -0.015572 -0.040777
v -0.174412 -0.015470 -0.040777
v 0.162814 -0.034904 -0.040777
v -0.174391 -0.034416 -0.040777
v 0.156703 -0.053906 -0.040777
v -0.174408 -0.097877 -0.040777
v 0.121784 -0.109198 -0.040777
v -0.174405 -0.083945 -0.040777
v 0.136298 -0.091237 -0.040777
v 0.041824 0.174846 -0.040777
v -0.070121 0.168363 -0.040777
v 0.058137 0.169429 -0.040777
v 0.084218 0.156640 -0.040777
v -0.110404 0.143524 -0.040777
v 0.105699 0.141953 -0.040777
v -0.130658 0.123572 -0.040777
v 0.126380 0.121482 -0.040777
v 0.141911 0.100902 -0.040777
v -0.173139 0.042858 -0.040777
v 0.165401 0.042840 -0.040777
v -0.167056 0.062291 -0.040777
v 0.160475 0.061695 -0.040777
v 0.008689 0.181700 -0.040777
v -0.046512 0.177121 -0.040777
v 0.025195 0.179056 -0.040777
v -0.058383 0.173068 -0.040777
v -0.090374 0.157365 -0.040777
v 0.106996 -0.497550 -0.419372
v 0.209180 -0.453488 -0.419372
v 0.209180 -0.497550 -0.419372
v -0.176414 -0.495114 -0.419372
v 0.106996 -0.451191 -0.419372
v 0.106996 -0.399216 -0.419372
v -0.174426 -0.132116 -0.402533
v 0.105176 -0.132116 -0.402533
v 0.105183 -0.126714 -0.402134
v -0.174408 -0.110274 -0.400924
v -0.174426 -0.051988 -0.396629
v 0.147609 -0.072579 -0.398144
v -0.174412 -0.068501 -0.397846
v 0.152482 0.081129 -0.386820
v -0.147055 0.102406 -0.385252
v 0.141911 0.100734 -0.385375
v -0.174426 0.004356 -0.392475
v 0.167887 0.024427 -0.390999
v 0.168514 0.004356 -0.392475
v 0.166555 -0.015421 -0.393933
v -0.174412 -0.015323 -0.393926
v 0.162814 -0.034704 -0.395353
v -0.174391 -0.034217 -0.395318
v 0.156703 -0.053653 -0.396752
v -0.174408 -0.097506 -0.399981
v 0.121784 -0.108798 -0.400815
v -0.174405 -0.083612 -0.398957
v 0.136298 -0.090883 -0.399494
v -0.070121 0.168013 -0.380418
v 0.041824 0.174481 -0.379941
v 0.058137 0.169075 -0.380341
v -0.110404 0.143240 -0.382244
v 0.084218 0.156320 -0.381280
v 0.105699 0.141676 -0.382357
v -0.130658 0.123344 -0.383710
v 0.126380 0.121258 -0.383864
v -0.173139 0.042851 -0.389638
v -0.176284 0.024350 -0.391002
v -0.167056 0.062228 -0.388211
v 0.165401 0.042830 -0.389642
v -0.158926 0.081946 -0.386760
v -0.046512 0.176746 -0.379773
v 0.008689 0.181314 -0.379436
v 0.025195 0.178678 -0.379632
v -0.058383 0.172707 -0.380071
v -0.090374 0.157046 -0.381224
v 0.119649 -0.399216 -0.403911
v 0.204306 -0.399216 -0.056238
v 0.204306 -0.399216 -0.403911
v 0.209180 -0.497550 -0.403911
v 0.209180 -0.453488 -0.056238
v 0.209180 -0.497550 -0.056238
v -0.176414 -0.523249 -0.149948
v -0.176414 -0.543061 -0.056238
v -0.176414 -0.516293 -0.147838
v 0.105176 -0.132134 -0.387759
v 0.106912 -0.386567 -0.056203
v 0.106912 -0.386588 -0.403147
v -0.174426 -0.128933 -0.166584
v -0.174426 -0.132561 -0.055547
v -0.174412 -0.115172 -0.140626
v -0.174408 -0.110572 -0.135209
v -0.174408 -0.110663 -0.055484
v 0.105183 -0.126731 -0.387377
v 0.105176 -0.132562 -0.055547
v 0.156703 -0.053664 -0.382216
v 0.147609 -0.072870 -0.055369
v 0.147609 -0.072593 -0.383552
v -0.174412 -0.068782 -0.055358
v -0.174426 -0.052202 -0.090943
v -0.174412 -0.068746 -0.098597
v -0.147998 0.100825 -0.304823
v -0.147055 0.102413 -0.371187
v -0.158926 0.081967 -0.322689
v -0.158926 0.081949 -0.372631
v 0.141911 0.100741 -0.371302
v 0.152482 0.081237 -0.054906
v 0.152482 0.081132 -0.372691
v 0.167887 0.024424 -0.376698
v 0.168514 0.004265 -0.055137
v 0.168514 0.004352 -0.378114
v -0.174426 0.004345 -0.351960
v -0.176284 0.024350 -0.376701
v -0.174426 0.004352 -0.378114
v 0.166555 -0.015565 -0.055197
v 0.166555 -0.015428 -0.379513
v -0.174422 -0.002723 -0.352731
v -0.174412 -0.015330 -0.379506
v -0.174412 -0.015341 -0.351357
v 0.162814 -0.034897 -0.055256
v 0.162814 -0.034711 -0.380877
v -0.174412 -0.015467 -0.055197
v -0.174412 -0.017413 -0.081807
v -0.174391 -0.034409 -0.055253
v -0.174391 -0.034392 -0.085544
v 0.156703 -0.053895 -0.055312
v -0.174426 -0.052227 -0.055309
v -0.174412 -0.046102 -0.088121
v -0.174408 -0.097797 -0.120169
v -0.174408 -0.097863 -0.055446
v 0.121784 -0.108812 -0.386111
v 0.105183 -0.127145 -0.055533
v -0.174408 -0.096152 -0.118237
v -0.174405 -0.083882 -0.108908
v -0.174405 -0.083931 -0.055404
v 0.136298 -0.090897 -0.384846
v 0.121784 -0.109184 -0.055477
v -0.174412 -0.072764 -0.100458
v 0.136298 -0.091223 -0.055425
v -0.058383 0.172721 -0.366219
v -0.070121 0.168349 -0.054646
v -0.058383 0.173054 -0.054632
v 0.041824 0.174495 -0.366093
v 0.058137 0.169415 -0.054643
v 0.058137 0.169089 -0.366475
v -0.090374 0.157057 -0.367323
v -0.110404 0.143513 -0.054720
v -0.090374 0.157351 -0.054678
v 0.084218 0.156334 -0.367376
v 0.105699 0.141943 -0.054723
v 0.105699 0.141687 -0.368410
v 0.126380 0.121471 -0.054787
v 0.126380 0.121268 -0.369854
v -0.135433 0.117314 -0.280509
v -0.130658 0.123354 -0.369707
v -0.147055 0.102448 -0.302432
v 0.141911 0.100895 -0.054850
v 0.165401 0.042833 -0.375397
v 0.167887 0.024389 -0.055078
v -0.175919 0.026482 -0.349555
v -0.173139 0.042851 -0.375394
v -0.176284 0.024347 -0.349787
v 0.160475 0.061639 -0.374069
v 0.165401 0.042840 -0.055022
v -0.169538 0.054322 -0.340173
v -0.167056 0.062232 -0.374026
v -0.173139 0.042851 -0.344040
v 0.160475 0.061695 -0.054965
v -0.159946 0.079498 -0.325028
v -0.167056 0.062239 -0.335412
v -0.034784 0.179800 -0.365717
v -0.046512 0.177107 -0.054618
v -0.034784 0.180150 -0.054611
v 0.008689 0.181328 -0.365609
v 0.008689 0.181682 -0.054604
v 0.025195 0.179039 -0.054615
v 0.025195 0.178692 -0.365795
v -0.046512 0.176764 -0.365931
v 0.041824 0.174832 -0.054625
v 0.084218 0.156625 -0.054681
v -0.070121 0.168027 -0.366548
v 0.207013 -0.595341 -0.403911
v 0.207013 -0.399756 -0.056238
v -0.176414 -0.591012 -0.345723
v -0.175870 -0.593718 -0.403911
v -0.176414 -0.591012 -0.322594
v -0.176414 -0.591012 -0.299462
v -0.176414 -0.591012 -0.276334
v -0.176414 -0.591012 -0.253205
v -0.176414 -0.591012 -0.230073
v -0.176414 -0.591012 -0.201100
v -0.176414 -0.591012 -0.172127
v -0.176414 -0.591012 -0.143154
v -0.176414 -0.591012 -0.114184
v -0.176414 -0.591012 -0.085211
v -0.176414 -0.591012 -0.056238
v -0.175870 -0.593718 -0.056238
v 0.208636 -0.593718 -0.403911
v 0.207013 -0.595341 -0.056238
v 0.209180 -0.591012 -0.403911
v 0.208636 -0.593718 -0.056238
v 0.208636 -0.401383 -0.056238
v 0.207013 -0.399756 -0.403911
v 0.209180 -0.404089 -0.056238
v 0.208636 -0.401383 -0.403911
v -0.174247 -0.595341 -0.403911
v -0.171540 -0.595881 -0.403911
v -0.174247 -0.595341 -0.056238
v 0.204306 -0.595881 -0.419372
v 0.106999 -0.595881 -0.419372
v 0.106996 -0.595881 -0.040777
v 0.204306 -0.595881 -0.040777
v 0.106996 -0.399216 -0.416564
v 0.204306 -0.399216 -0.419372
v 0.115431 -0.399216 -0.408129
v 0.111213 -0.399216 -0.412346
v 0.111213 -0.399216 -0.047803
v 0.115431 -0.399216 -0.052020
v 0.204306 -0.399216 -0.040777
v 0.119649 -0.399216 -0.056238
v 0.209180 -0.585669 -0.419372
v 0.209180 -0.541610 -0.419372
v 0.209180 -0.404089 -0.419372
v 0.209180 -0.409429 -0.403911
v 0.209180 -0.453488 -0.403911
v 0.209180 -0.541610 -0.403911
v 0.209180 -0.585669 -0.403911
v 0.209180 -0.409429 -0.419372
v 0.209180 -0.409429 -0.040777
v 0.209180 -0.453488 -0.040777
v 0.209180 -0.591012 -0.040777
v 0.209180 -0.585669 -0.056238
v 0.209180 -0.541610 -0.056238
v 0.209180 -0.409429 -0.056238
v 0.209180 -0.585669 -0.040777
v -0.176414 -0.399216 -0.403911
v -0.176414 -0.404696 -0.419372
v -0.176414 -0.449905 -0.419372
v -0.176414 -0.591012 -0.419372
v -0.176414 -0.545813 -0.403911
v -0.176414 -0.535674 -0.403911
v -0.176414 -0.525531 -0.403911
v -0.176414 -0.515392 -0.403911
v -0.176414 -0.505253 -0.403911
v -0.176414 -0.495114 -0.403911
v -0.176414 -0.479130 -0.403911
v -0.176414 -0.463147 -0.403911
v -0.176414 -0.447167 -0.403911
v -0.176414 -0.431183 -0.403911
v -0.176414 -0.415199 -0.403911
v -0.176414 -0.585532 -0.419372
v -0.176414 -0.540323 -0.419372
v -0.176414 -0.585532 -0.040777
v -0.176414 -0.399216 -0.040777
v -0.176414 -0.415199 -0.056238
v -0.176414 -0.431183 -0.056238
v -0.176414 -0.447167 -0.056238
v -0.176414 -0.463147 -0.056238
v -0.176414 -0.479130 -0.056238
v -0.176414 -0.495114 -0.056238
v -0.176414 -0.511097 -0.056238
v -0.176414 -0.527081 -0.056238
v -0.176414 -0.559044 -0.056238
v -0.176414 -0.575028 -0.056238
v -0.176414 -0.404696 -0.040777
v -0.176414 -0.449905 -0.040777
v -0.176414 -0.495114 -0.040777
v -0.171540 -0.595881 -0.419372
v -0.171540 -0.595881 -0.040777
v -0.176414 -0.399216 -0.419372
v -0.176414 -0.399216 -0.056238
v 0.106968 -0.395005 -0.412090
v 0.106940 -0.390798 -0.407620
v 0.106996 -0.399216 -0.043585
v 0.106940 -0.390781 -0.051999
v 0.106968 -0.394998 -0.047792
v -0.174426 -0.132134 -0.387759
v -0.174412 -0.068512 -0.383265
v -0.147055 0.102571 -0.054843
v -0.158926 0.082054 -0.054906
v 0.168514 0.004261 -0.040777
v -0.176284 0.024312 -0.055078
v -0.174426 0.004265 -0.055137
v -0.174391 -0.034227 -0.380842
v -0.174426 -0.051999 -0.382097
v -0.174408 -0.110288 -0.386217
v -0.174408 -0.110677 -0.040777
v -0.174408 -0.097523 -0.385316
v -0.174405 -0.083626 -0.384334
v -0.110404 0.143254 -0.368301
v -0.130658 0.123561 -0.054780
v -0.173139 0.042858 -0.055022
v 0.160475 0.061636 -0.388257
v -0.167056 0.062288 -0.054965
v -0.034784 0.179782 -0.379552
v 0.207013 -0.595341 -0.419372
v 0.207013 -0.595341 -0.040777
v 0.207013 -0.399756 -0.040777
v 0.207013 -0.399756 -0.419372
v -0.175870 -0.593718 -0.419372
v -0.176414 -0.591012 -0.040777
v -0.175870 -0.593718 -0.040777
v 0.208636 -0.593718 -0.419372
v 0.208636 -0.593718 -0.040777
v 0.209180 -0.591012 -0.419372
v 0.209180 -0.591012 -0.056238
v 0.208636 -0.401383 -0.040777
v 0.208636 -0.401383 -0.419372
v 0.209180 -0.404089 -0.040777
v 0.209180 -0.404089 -0.403911
v -0.174247 -0.595341 -0.419372
v -0.174247 -0.595341 -0.040777
v -0.171540 -0.595881 -0.056238
v 0.109800 -0.397810 -0.047799
v 0.108384 -0.396411 -0.412175
v 0.115403 -0.395005 -0.403659
v 0.108384 -0.396404 -0.047796
v 0.109769 -0.393592 -0.052006
v 0.111157 -0.390781 -0.056213
v 0.112602 -0.396404 -0.052013
v 0.115403 -0.394998 -0.056224
v 0.109800 -0.397814 -0.412262
v 0.112602 -0.396411 -0.407960
v 0.109769 -0.393603 -0.407789
v 0.111157 -0.390798 -0.403403
v -0.176414 -0.568241 -0.273248
v -0.176414 -0.473934 -0.147834
v -0.176414 -0.473934 -0.312312
v -0.176414 -0.399216 -0.316992
v -0.176414 -0.431702 -0.286557
v -0.176414 -0.421987 -0.273248
v -0.176414 -0.431702 -0.173589
v -0.176414 -0.399216 -0.143154
v -0.176414 -0.421987 -0.186897
v -0.176414 -0.558526 -0.173589
v -0.176414 -0.568241 -0.186897
v -0.176414 -0.516293 -0.312312
v -0.176414 -0.523249 -0.310201
v -0.176414 -0.574078 -0.373213
v -0.176414 -0.591012 -0.368852
v -0.176414 -0.547345 -0.297033
v -0.176414 -0.558526 -0.286557
v -0.176414 -0.578972 -0.243465
v -0.176414 -0.580034 -0.230073
v -0.176414 -0.575203 -0.258317
v -0.176414 -0.578972 -0.216684
v -0.176414 -0.575203 -0.201833
v -0.176414 -0.536133 -0.155715
v -0.176414 -0.547345 -0.163116
v -0.176414 -0.502073 -0.145440
v -0.176414 -0.509180 -0.146327
v -0.176414 -0.529903 -0.152606
v -0.176414 -0.454094 -0.155715
v -0.176414 -0.460324 -0.152606
v -0.176414 -0.466979 -0.149948
v -0.176414 -0.488154 -0.145440
v -0.176414 -0.495114 -0.145152
v -0.176414 -0.481044 -0.146327
v -0.176414 -0.411255 -0.216684
v -0.176414 -0.399216 -0.230073
v -0.176414 -0.410193 -0.230073
v -0.176414 -0.415024 -0.201833
v -0.176414 -0.399216 -0.201100
v -0.176414 -0.399216 -0.172127
v -0.176414 -0.399216 -0.085211
v -0.176414 -0.399216 -0.114181
v -0.176414 -0.442882 -0.163116
v -0.176414 -0.411255 -0.243465
v -0.176414 -0.399216 -0.259046
v -0.176414 -0.415024 -0.258317
v -0.176414 -0.399216 -0.288019
v -0.176414 -0.454094 -0.304430
v -0.176414 -0.399216 -0.374938
v -0.176414 -0.442882 -0.297033
v -0.176414 -0.399216 -0.345965
v -0.176414 -0.460324 -0.307544
v -0.176414 -0.466979 -0.310201
v -0.176414 -0.488154 -0.314710
v -0.176414 -0.481044 -0.313823
v -0.176414 -0.495114 -0.314997
v -0.176414 -0.502073 -0.314710
v -0.176414 -0.509180 -0.313823
v -0.176414 -0.536133 -0.304430
v -0.176414 -0.529903 -0.307544
v 0.106996 -0.404836 -0.040777
v 0.106996 -0.451191 -0.040777
v 0.106996 -0.590265 -0.040777
v 0.106999 -0.590265 -0.419372
v 0.106996 -0.543906 -0.419372
v 0.106996 -0.404836 -0.419372
v -0.175137 0.011967 -0.081807
v -0.176284 0.024315 -0.084524
v -0.173139 0.042858 -0.089138
v -0.173511 0.040656 -0.088121
v -0.174426 0.004272 -0.081807
v -0.174412 -0.015456 -0.081807
v -0.167056 0.062281 -0.098127
v -0.158926 0.082037 -0.111642
v -0.164984 0.067322 -0.100458
v -0.147055 0.102532 -0.132156
v -0.153905 0.090707 -0.118237
v -0.130658 0.123487 -0.166580
v -0.141428 0.109727 -0.140626
v -0.130658 0.123421 -0.265171
v -0.125819 0.128185 -0.253215
v -0.121009 0.132939 -0.224225
v -0.174394 -0.031927 -0.349555
v -0.174391 -0.034245 -0.348773
v -0.174426 -0.052027 -0.342782
v -0.174412 -0.068554 -0.334890
v -0.174419 -0.059768 -0.340173
v -0.174405 -0.083682 -0.325785
v -0.174408 -0.097597 -0.313041
v -0.174405 -0.084940 -0.325028
v -0.174408 -0.110390 -0.298751
v -0.174408 -0.106270 -0.304823
v -0.174426 -0.132302 -0.256550
v -0.174419 -0.122755 -0.280509
v -0.174436 -0.133631 -0.253215
v -0.174471 -0.138385 -0.224225
v -0.174426 -0.132404 -0.179075
v -0.174461 -0.136793 -0.194891
v 0.195545 -0.541610 -0.054411
v 0.106996 -0.497550 -0.060060
v 0.195545 -0.497550 -0.054411
v -0.162775 -0.540323 -0.054411
v -0.162775 -0.495114 -0.054411
v 0.091559 -0.132618 -0.054429
v -0.162761 -0.399269 -0.054397
v -0.160805 -0.132635 -0.054425
v -0.160774 -0.110685 -0.054415
v 0.094381 -0.122927 -0.056178
v -0.160784 -0.052244 -0.054408
v 0.135443 -0.066243 -0.054183
v -0.160777 -0.068785 -0.054411
v 0.139948 0.075330 -0.054187
v -0.135513 0.094784 -0.054117
v 0.130163 0.093371 -0.054085
v -0.161008 0.004885 -0.054615
v 0.154080 0.023242 -0.054194
v 0.154617 0.004727 -0.054134
v 0.152871 -0.013574 -0.054215
v -0.160777 -0.015460 -0.054411
v 0.149365 -0.031450 -0.054155
v -0.160763 -0.034420 -0.054418
v 0.143773 -0.048752 -0.054124
v -0.160774 -0.097877 -0.054411
v 0.111361 -0.100188 -0.054264
v -0.160774 -0.083945 -0.054411
v 0.124950 -0.083202 -0.054138
v -0.064213 0.155798 -0.054159
v 0.037953 0.161604 -0.054250
v 0.052868 0.156541 -0.054117
v -0.101481 0.132740 -0.054043
v 0.077199 0.144597 -0.054103
v 0.096783 0.131148 -0.054026
v -0.120273 0.114316 -0.054134
v 0.115890 0.112307 -0.054103
v -0.159606 0.039611 -0.054124
v -0.162137 0.023775 -0.053872
v -0.154060 0.057597 -0.054226
v 0.151774 0.040155 -0.054152
v -0.146441 0.075915 -0.054127
v 0.147275 0.057295 -0.054131
v -0.042550 0.163900 -0.054243
v 0.007823 0.167687 -0.053994
v 0.022401 0.165510 -0.054215
v -0.053601 0.160174 -0.054292
v -0.083117 0.145550 -0.054177
v 0.195545 -0.453488 -0.405734
v 0.106996 -0.497550 -0.400090
v 0.195545 -0.497550 -0.405734
v 0.106996 -0.451191 -0.400090
v -0.162775 -0.495114 -0.405734
v 0.091584 -0.133087 -0.388888
v -0.162898 -0.399696 -0.405625
v 0.101425 -0.405425 -0.401986
v -0.160774 -0.111280 -0.387324
v 0.094146 -0.123716 -0.386609
v 0.135257 -0.066790 -0.384516
v -0.160784 -0.052998 -0.383037
v -0.160777 -0.069497 -0.384246
v 0.140130 0.074348 -0.373655
v -0.135724 0.093820 -0.372221
v -0.146620 0.074951 -0.373665
v -0.160987 0.003935 -0.378654
v 0.154119 0.022334 -0.377659
v -0.162151 0.022941 -0.377964
v 0.152804 -0.014373 -0.380456
v -0.160777 -0.016315 -0.380330
v 0.149256 -0.032169 -0.381880
v -0.160763 -0.035226 -0.381715
v 0.143622 -0.049380 -0.383244
v -0.160774 -0.098508 -0.386385
v 0.111133 -0.100563 -0.387009
v -0.160774 -0.084614 -0.385358
v 0.124746 -0.083647 -0.385856
v 0.038087 0.160727 -0.366952
v -0.064395 0.154894 -0.367498
v 0.053029 0.155654 -0.367470
v 0.077399 0.143692 -0.368399
v -0.101702 0.131807 -0.369385
v 0.097000 0.130219 -0.369518
v -0.120504 0.113355 -0.370710
v 0.116115 0.111350 -0.370892
v 0.130366 0.092407 -0.372368
v -0.159708 0.038686 -0.376446
v 0.151858 0.039219 -0.376396
v -0.154210 0.056626 -0.374966
v 0.147412 0.056342 -0.375096
v 0.007851 0.166838 -0.366727
v -0.042687 0.163017 -0.366790
v 0.022499 0.164644 -0.366688
v -0.053765 0.159276 -0.367029
v -0.083327 0.144628 -0.368263
v 0.202406 -0.418404 -0.056238
v 0.114179 -0.417601 -0.401934
v 0.202406 -0.418404 -0.403911
v 0.189897 -0.453488 -0.056238
v 0.189897 -0.497550 -0.403911
v 0.189897 -0.497550 -0.056238
v -0.157131 -0.543061 -0.056238
v -0.157131 -0.523249 -0.149948
v -0.157131 -0.516293 -0.147838
v 0.088586 -0.392239 -0.058163
v 0.085894 -0.132186 -0.387759
v 0.088632 -0.392425 -0.401261
v -0.155143 -0.132642 -0.055547
v -0.155143 -0.128950 -0.166584
v -0.155129 -0.115190 -0.140626
v -0.155125 -0.110586 -0.135209
v -0.155125 -0.110670 -0.055484
v 0.085894 -0.132611 -0.055547
v 0.087236 -0.119681 -0.387370
v 0.130682 -0.063631 -0.055362
v 0.138795 -0.046512 -0.382209
v 0.130692 -0.063337 -0.383545
v -0.155143 -0.052205 -0.090943
v -0.155129 -0.068771 -0.055358
v -0.155129 -0.068736 -0.098597
v -0.141905 0.072907 -0.322686
v -0.131527 0.091012 -0.302425
v -0.131327 0.091131 -0.304819
v -0.131085 0.091604 -0.371180
v -0.141635 0.073416 -0.372628
v 0.135043 0.073009 -0.054906
v 0.125689 0.090318 -0.371299
v 0.135050 0.072890 -0.372687
v 0.149242 0.004913 -0.055137
v 0.148667 0.022828 -0.376698
v 0.149242 0.005001 -0.378114
v -0.157015 0.023617 -0.376701
v -0.155168 0.005306 -0.351960
v -0.155164 0.005253 -0.378114
v 0.147475 -0.012781 -0.055197
v 0.147475 -0.012638 -0.379513
v -0.155139 -0.002712 -0.352731
v -0.155129 -0.015313 -0.379506
v -0.155129 -0.015323 -0.351357
v 0.144138 -0.030101 -0.055253
v 0.144141 -0.029908 -0.380874
v -0.155129 -0.017388 -0.081807
v -0.155129 -0.015449 -0.055197
v -0.155108 -0.034416 -0.055253
v -0.155108 -0.034402 -0.085544
v 0.138788 -0.046757 -0.055309
v -0.155143 -0.052237 -0.055309
v -0.155129 -0.046140 -0.088121
v -0.155125 -0.097797 -0.120169
v 0.087233 -0.120101 -0.055523
v 0.107213 -0.096187 -0.386097
v -0.155125 -0.097863 -0.055446
v -0.155125 -0.096156 -0.118237
v -0.155122 -0.083882 -0.108908
v -0.155122 -0.083931 -0.055404
v 0.107199 -0.096573 -0.055463
v 0.120571 -0.079738 -0.384835
v -0.155129 -0.072761 -0.100458
v 0.120560 -0.080081 -0.055414
v -0.051693 0.154638 -0.366198
v -0.061917 0.150897 -0.054629
v -0.061934 0.150567 -0.366531
v 0.050838 0.151566 -0.054625
v 0.036428 0.155984 -0.366072
v 0.050852 0.151237 -0.366457
v -0.080298 0.140617 -0.367309
v -0.098112 0.128655 -0.054709
v -0.098129 0.128382 -0.368287
v 0.093428 0.127067 -0.054713
v 0.074524 0.139664 -0.367362
v 0.093445 0.126800 -0.368399
v 0.111866 0.108776 -0.054780
v 0.111880 0.108556 -0.369844
v -0.116276 0.110505 -0.369697
v -0.120248 0.105425 -0.280499
v 0.125679 0.090490 -0.054843
v 0.148667 0.022797 -0.055078
v 0.146483 0.039092 -0.375397
v -0.157022 0.023439 -0.349790
v -0.154452 0.038083 -0.344040
v -0.156910 0.023246 -0.349559
v -0.154389 0.038335 -0.375394
v 0.146483 0.039110 -0.055022
v 0.142185 0.055525 -0.374065
v -0.148927 0.055665 -0.374023
v -0.151139 0.048552 -0.340173
v 0.142181 0.055595 -0.054965
v -0.142122 0.072136 -0.325024
v -0.149022 0.055413 -0.335409
v -0.032011 0.160717 -0.365696
v -0.040976 0.158634 -0.054601
v -0.040986 0.158291 -0.365910
v 0.007501 0.162084 -0.365588
v -0.032004 0.161067 -0.054590
v 0.021300 0.160156 -0.054594
v 0.021311 0.159805 -0.365774
v -0.051679 0.154974 -0.054611
v 0.036414 0.156324 -0.054608
v 0.074506 0.139965 -0.054664
v -0.080281 0.140922 -0.054664
v 0.197915 -0.578341 -0.056238
v 0.197915 -0.578341 -0.403911
v 0.197915 -0.416760 -0.056238
v -0.158870 -0.584620 -0.403911
v -0.157222 -0.589111 -0.345723
v -0.157222 -0.589111 -0.322594
v -0.157222 -0.589111 -0.299462
v -0.157222 -0.589111 -0.276334
v -0.157222 -0.589111 -0.253205
v -0.157222 -0.589111 -0.230073
v -0.157222 -0.589111 -0.201100
v -0.157222 -0.589111 -0.172127
v -0.157222 -0.589111 -0.143154
v -0.157222 -0.589111 -0.114184
v -0.157222 -0.589111 -0.085211
v -0.157222 -0.589111 -0.056238
v -0.158870 -0.584620 -0.056238
v 0.191636 -0.584620 -0.403911
v 0.191636 -0.584620 -0.056238
v 0.189992 -0.589111 -0.403911
v 0.197915 -0.416760 -0.403911
v 0.191636 -0.410481 -0.056238
v 0.191636 -0.410481 -0.403911
v 0.189992 -0.405989 -0.056238
v -0.165149 -0.578341 -0.403911
v -0.165149 -0.578341 -0.056238
v -0.169009 -0.576767 -0.403911
v 0.106999 -0.582247 -0.405734
v 0.202925 -0.581914 -0.406151
v 0.106996 -0.582247 -0.054411
v 0.202925 -0.581914 -0.053998
v 0.093550 -0.412784 -0.413921
v 0.105141 -0.416479 -0.406271
v 0.109359 -0.416479 -0.402053
v 0.101179 -0.405074 -0.058205
v 0.104959 -0.416349 -0.054057
v 0.109176 -0.416349 -0.058275
v 0.114088 -0.417577 -0.058194
v 0.202925 -0.413187 -0.053998
v 0.195545 -0.585669 -0.405734
v 0.195545 -0.541610 -0.405734
v 0.189897 -0.409429 -0.403911
v 0.195209 -0.405471 -0.406151
v 0.189897 -0.453488 -0.403911
v 0.189897 -0.541610 -0.403911
v 0.195545 -0.409429 -0.405734
v 0.195545 -0.409429 -0.054411
v 0.195545 -0.453488 -0.054411
v 0.189897 -0.585669 -0.056238
v 0.195208 -0.589627 -0.053998
v 0.189897 -0.541610 -0.056238
v 0.195545 -0.585669 -0.054411
v -0.162775 -0.404696 -0.405734
v -0.157131 -0.399286 -0.403911
v -0.162775 -0.449905 -0.405734
v -0.157131 -0.545813 -0.403911
v -0.162442 -0.589627 -0.406151
v -0.157131 -0.535674 -0.403911
v -0.157131 -0.525531 -0.403911
v -0.157131 -0.515392 -0.403911
v -0.157131 -0.505253 -0.403911
v -0.157131 -0.495114 -0.403911
v -0.157131 -0.479130 -0.403911
v -0.157131 -0.463147 -0.403911
v -0.157131 -0.447167 -0.403911
v -0.157131 -0.431183 -0.403911
v -0.157131 -0.415199 -0.403911
v -0.162775 -0.540323 -0.405734
v -0.162775 -0.585532 -0.405734
v -0.162775 -0.585532 -0.054411
v -0.157131 -0.415199 -0.056238
v -0.157131 -0.431183 -0.056238
v -0.157131 -0.447167 -0.056238
v -0.157131 -0.463147 -0.056238
v -0.157131 -0.479130 -0.056238
v -0.157131 -0.495114 -0.056238
v -0.157131 -0.511097 -0.056238
v -0.157131 -0.527081 -0.056238
v -0.157131 -0.559044 -0.056238
v -0.157131 -0.575028 -0.056238
v -0.162775 -0.404696 -0.054411
v -0.162775 -0.449905 -0.054411
v -0.170155 -0.581914 -0.406151
v -0.170155 -0.581914 -0.053998
v -0.160833 -0.133105 -0.388895
v -0.157131 -0.399290 -0.056238
v 0.089939 -0.401649 -0.405948
v 0.089911 -0.397438 -0.401478
v 0.093547 -0.412756 -0.046341
v 0.089869 -0.401355 -0.054043
v 0.089841 -0.397137 -0.058250
v -0.155143 -0.132214 -0.387759
v -0.155129 -0.068501 -0.383265
v -0.131071 0.091780 -0.054839
v 0.154603 0.003882 -0.379135
v -0.157015 0.023582 -0.055078
v -0.155108 -0.034231 -0.380842
v -0.155143 -0.052009 -0.382097
v -0.155125 -0.110299 -0.386217
v -0.155125 -0.097523 -0.385316
v -0.155122 -0.083622 -0.384334
v -0.154389 0.038356 -0.055022
v -0.141628 0.073538 -0.054902
v -0.032817 0.165376 -0.366888
v -0.032754 0.166225 -0.053945
v 0.007501 0.162438 -0.054583
v 0.200078 -0.582384 -0.406888
v 0.200078 -0.582384 -0.053258
v 0.200078 -0.412717 -0.053258
v 0.202925 -0.413187 -0.406151
v 0.200078 -0.412717 -0.406888
v -0.162912 -0.586783 -0.406888
v -0.162442 -0.589627 -0.053998
v 0.195678 -0.586783 -0.406888
v 0.195678 -0.586783 -0.053258
v 0.195678 -0.408317 -0.053258
v 0.195678 -0.408317 -0.406888
v 0.195209 -0.405471 -0.053998
v -0.167312 -0.582383 -0.406888
v -0.169009 -0.576767 -0.056238
v -0.167312 -0.582383 -0.053258
v 0.098683 -0.408976 -0.058917
v 0.097509 -0.408037 -0.401299
v 0.102606 -0.408261 -0.397965
v 0.097267 -0.407571 -0.058913
v 0.098655 -0.404759 -0.063120
v 0.098196 -0.403816 -0.062047
v 0.101484 -0.407571 -0.063131
v 0.102441 -0.408033 -0.062058
v 0.098922 -0.409443 -0.401383
v 0.101723 -0.408037 -0.397081
v 0.098893 -0.405232 -0.396913
v 0.098361 -0.404051 -0.397709
v -0.157131 -0.568241 -0.273248
v -0.157131 -0.473934 -0.147838
v -0.157131 -0.473934 -0.312312
v -0.157131 -0.431702 -0.286557
v -0.157131 -0.399216 -0.316992
v -0.157131 -0.421987 -0.273248
v -0.157131 -0.399290 -0.143154
v -0.157131 -0.431702 -0.173589
v -0.157131 -0.421987 -0.186897
v -0.157131 -0.558526 -0.173589
v -0.157131 -0.568241 -0.186897
v -0.157131 -0.516293 -0.312312
v -0.157131 -0.574078 -0.373213
v -0.157222 -0.589111 -0.368852
v -0.157131 -0.547345 -0.297033
v -0.157131 -0.558526 -0.286557
v -0.157131 -0.578972 -0.243465
v -0.157131 -0.580034 -0.230073
v -0.157131 -0.575200 -0.258317
v -0.157131 -0.578972 -0.216684
v -0.157131 -0.575200 -0.201833
v -0.157131 -0.536133 -0.155715
v -0.157131 -0.547345 -0.163116
v -0.157131 -0.502073 -0.145440
v -0.157131 -0.495114 -0.145152
v -0.157131 -0.509180 -0.146327
v -0.157131 -0.529903 -0.152606
v -0.157131 -0.454094 -0.155715
v -0.157131 -0.460324 -0.152606
v -0.157131 -0.466979 -0.149948
v -0.157131 -0.488154 -0.145440
v -0.157131 -0.481044 -0.146327
v -0.157131 -0.399216 -0.230073
v -0.157131 -0.411255 -0.216684
v -0.157131 -0.410193 -0.230073
v -0.157131 -0.399216 -0.201100
v -0.157131 -0.415024 -0.201833
v -0.157131 -0.399216 -0.172127
v -0.157131 -0.399290 -0.085211
v -0.157131 -0.442882 -0.163116
v -0.157131 -0.399240 -0.114184
v -0.157131 -0.411255 -0.243465
v -0.157131 -0.415024 -0.258317
v -0.157131 -0.399240 -0.259046
v -0.157131 -0.399216 -0.288019
v -0.157131 -0.399290 -0.374938
v -0.157131 -0.454094 -0.304430
v -0.157131 -0.399216 -0.345965
v -0.157131 -0.442882 -0.297033
v -0.157131 -0.460324 -0.307544
v -0.157131 -0.466979 -0.310201
v -0.157131 -0.488154 -0.314710
v -0.157131 -0.495114 -0.314997
v -0.157131 -0.481044 -0.313823
v -0.157131 -0.502073 -0.314710
v -0.157131 -0.509180 -0.313823
v -0.157131 -0.536133 -0.304430
v -0.157131 -0.529903 -0.307544
v -0.157131 -0.523249 -0.310201
v 0.106996 -0.404836 -0.060060
v 0.106996 -0.451191 -0.060060
v 0.106996 -0.590265 -0.060060
v 0.106996 -0.543906 -0.060060
v 0.106996 -0.543906 -0.400090
v 0.106999 -0.590265 -0.400090
v 0.106996 -0.404836 -0.400090
v 0.189992 -0.589111 -0.056238
v 0.189897 -0.585669 -0.403911
v 0.189992 -0.405989 -0.403911
v 0.189897 -0.409429 -0.056238
v -0.155164 0.005162 -0.055137
v -0.155939 0.013748 -0.081807
v -0.157033 0.023242 -0.084524
v -0.154498 0.037438 -0.088121
v -0.154473 0.038016 -0.089138
v -0.155164 0.005169 -0.081807
v -0.155129 -0.015439 -0.081807
v -0.148920 0.055735 -0.054962
v -0.148997 0.055525 -0.098123
v -0.147153 0.059984 -0.100455
v -0.141852 0.073072 -0.111639
v -0.137217 0.081048 -0.118230
v -0.131457 0.091194 -0.132149
v -0.116262 0.110733 -0.054772
v -0.126233 0.097852 -0.140619
v -0.116820 0.110056 -0.166570
v -0.116872 0.109937 -0.265164
v -0.112300 0.114439 -0.253205
v -0.109121 0.117608 -0.194880
v -0.107487 0.119193 -0.224214
v -0.155111 -0.031906 -0.349555
v -0.155108 -0.034255 -0.348773
v -0.155143 -0.052030 -0.342782
v -0.155136 -0.059754 -0.340173
v -0.155129 -0.068543 -0.334890
v -0.155122 -0.083678 -0.325785
v -0.155122 -0.084944 -0.325028
v -0.155125 -0.097597 -0.313041
v -0.155125 -0.106270 -0.304823
v -0.155125 -0.110404 -0.298751
v -0.155136 -0.122773 -0.280509
v -0.155147 -0.132428 -0.256550
v -0.155154 -0.133775 -0.253215
v -0.155189 -0.138529 -0.224225
v -0.155147 -0.132537 -0.179075
v -0.122650 0.131348 -0.194891
v -0.155178 -0.136937 -0.194891
v -0.176414 -0.555952 -0.403911
v -0.157131 -0.555952 -0.403911
vn -0.9928 -0.1198 -0.0000
vn -0.9928 -0.1194 -0.0000
vn -0.0000 -0.1194 0.9928
vn -0.0000 -0.1196 0.9928
vn 0.9928 -0.1194 -0.0000
vn 0.9928 -0.1196 -0.0000
vn 0.9928 -0.1195 -0.0000
vn -0.0000 -0.1194 -0.9928
vn -0.0000 -0.1195 -0.9928
vn -0.9928 -0.1198 0.0006
vn -0.9928 -0.1197 -0.0000
vn -0.9929 -0.1193 -0.0000
vn -0.0003 -0.1194 0.9929
vn 0.9928 -0.1201 -0.0001
vn -0.0000 -0.1196 -0.9928
vn 0.9928 0.1196 -0.0000
vn -0.0000 0.1196 -0.9928
vn -0.9928 0.1195 -0.0000
vn -0.0000 0.1195 0.9928
vn -0.7522 -0.6589 -0.0000
vn -0.0045 -0.5301 0.8480
vn -0.9663 0.2576 -0.0000
vn -0.9664 0.2571 -0.0000
vn 0.8468 -0.5319 -0.0000
vn -0.0000 0.2576 0.9662
vn -0.0045 -0.5299 -0.8481
vn -0.0000 -0.1191 0.9929
vn 0.9929 -0.1188 -0.0000
vn 0.9663 0.2573 -0.0000
vn -0.0000 0.2576 -0.9663
vn -0.0000 -0.5612 0.8277
vn -0.0000 -0.5610 -0.8278
vn 0.0216 0.9997 -0.0066
vn 0.0905 0.9955 -0.0276
vn -0.0000 1.0000 -0.0000
vn -0.0000 -0.0000 1.0000
vn 0.0416 0.7269 0.6855
vn -0.1745 0.6980 0.6946
vn -0.0000 -0.0000 -1.0000
vn -0.0000 0.0209 -0.9998
vn -0.0000 0.0682 -0.9977
vn -0.0000 0.0683 -0.9977
vn -0.0000 0.0735 -0.9973
vn -0.0000 0.0736 -0.9973
vn -0.0000 0.0734 -0.9973
vn -0.0000 0.0737 -0.9973
vn -0.0000 0.0739 -0.9973
vn -0.0000 -1.0000 -0.0000
vn 0.0983 0.9952 -0.0000
vn 0.0990 0.9951 -0.0000
vn 1.0000 -0.0000 -0.0000
vn -1.0000 -0.0000 -0.0000
vn 1.0000 0.0028 -0.0000
vn 1.0000 0.0068 0.0001
vn 1.0000 0.0068 -0.0001
vn -1.0000 0.0002 -0.0000
vn -1.0000 0.0041 -0.0000
vn -1.0000 0.0009 -0.0000
vn -1.0000 0.0007 -0.0000
vn -1.0000 0.0004 -0.0000
vn 1.0000 -0.0013 -0.0000
vn 0.9287 -0.3708 -0.0003
vn 0.8779 -0.4788 -0.0004
vn 0.8773 -0.4800 -0.0004
vn -1.0000 -0.0007 -0.0000
vn -1.0000 0.0003 -0.0000
vn -1.0000 -0.0004 0.0001
vn -0.8642 0.5032 -0.0003
vn -0.8282 0.5605 -0.0003
vn -0.8828 0.4697 -0.0002
vn -0.8968 0.4425 -0.0001
vn 0.8413 0.5405 -0.0003
vn 0.9044 0.4267 -0.0001
vn 0.9040 0.4276 -0.0001
vn 0.9966 0.0826 -0.0000
vn 0.9994 -0.0337 -0.0000
vn -0.9988 -0.0497 -0.0000
vn -0.9993 0.0379 -0.0000
vn -0.9989 -0.0467 -0.0000
vn 0.9895 -0.1443 -0.0001
vn 0.9895 -0.1447 -0.0001
vn -1.0000 -0.0009 -0.0000
vn 0.9686 -0.2485 -0.0001
vn 0.9685 -0.2491 -0.0001
vn -1.0000 0.0005 -0.0000
vn 0.9290 -0.3700 -0.0003
vn -1.0000 0.0006 -0.0000
vn -1.0000 0.0021 -0.0000
vn -1.0000 0.0001 -0.0000
vn 0.7557 -0.6549 -0.0007
vn 0.7343 -0.6788 -0.0008
vn 0.7336 -0.6796 -0.0008
vn -1.0000 -0.0001 -0.0000
vn 0.8155 -0.5787 -0.0006
vn 0.7565 -0.6540 -0.0007
vn 0.8162 -0.5778 -0.0005
vn -0.3469 0.9379 -0.0010
vn -0.4253 0.9050 -0.0009
vn -0.3481 0.9374 -0.0010
vn 0.2798 0.9601 -0.0010
vn 0.3786 0.9256 -0.0010
vn 0.3778 0.9259 -0.0009
vn -0.5226 0.8526 -0.0007
vn -0.6375 0.7705 -0.0006
vn -0.5236 0.8520 -0.0008
vn 0.5026 0.8645 -0.0008
vn 0.6365 0.7713 -0.0006
vn 0.6355 0.7721 -0.0006
vn 0.7528 0.6583 -0.0005
vn 0.7520 0.6592 -0.0004
vn -0.7874 0.6165 -0.0004
vn -0.7457 0.6663 -0.0005
vn -0.8053 0.5929 -0.0004
vn 0.8419 0.5396 -0.0003
vn 0.9810 0.1940 -0.0000
vn 0.9966 0.0824 -0.0000
vn -0.9858 0.1681 0.0004
vn -0.9722 0.2341 -0.0000
vn -0.9989 0.0471 0.0002
vn 0.9484 0.3171 -0.0001
vn 0.9811 0.1935 -0.0000
vn -0.9542 0.2993 -0.0000
vn -0.9402 0.3406 -0.0001
vn -0.9689 0.2473 -0.0000
vn 0.9486 0.3164 -0.0000
vn -0.9241 0.3822 -0.0001
vn -0.9353 0.3539 -0.0001
vn -0.1437 0.9896 -0.0012
vn -0.2873 0.9578 -0.0010
vn -0.1342 0.9899 0.0455
vn 0.0616 0.9981 -0.0011
vn 0.0617 0.9981 -0.0012
vn 0.2019 0.9794 -0.0011
vn 0.2014 0.9795 -0.0010
vn -0.2867 0.9580 -0.0011
vn 0.2804 0.9599 -0.0010
vn 0.5036 0.8639 -0.0009
vn -0.4245 0.9054 -0.0009
vn 0.1956 -0.9807 -0.0000
vn 0.1310 -0.9914 -0.0000
vn 0.1956 0.9807 -0.0000
vn -0.9952 -0.0982 -0.0000
vn -0.9806 -0.1962 -0.0000
vn -0.9951 -0.0984 -0.0000
vn -0.9951 -0.0990 -0.0000
vn -0.9951 -0.0991 -0.0000
vn -0.9951 -0.0985 -0.0000
vn 0.7071 -0.7071 -0.0000
vn 0.9951 -0.0990 -0.0000
vn 0.9806 -0.1962 -0.0000
vn 0.7073 0.7069 -0.0000
vn 0.9951 0.0990 -0.0000
vn 0.9806 0.1962 -0.0000
vn -0.7071 -0.7071 -0.0000
vn -0.1310 -0.9914 -0.0000
vn -0.1956 -0.9807 -0.0000
vn 0.0983 -0.9952 -0.0000
vn 0.9952 -0.0983 -0.0000
vn -1.0000 0.0037 -0.0000
vn -0.0983 -0.9952 -0.0000
vn -1.0000 0.0043 -0.0000
vn -1.0000 0.0036 -0.0000
vn 1.0000 0.0067 -0.0000
vn 1.0000 0.0067 -0.0001
vn 1.0000 0.0066 -0.0000
vn 1.0000 0.0029 -0.0000
vn 1.0000 0.0068 -0.0000
vn 1.0000 0.0068 0.0002
vn 0.9276 -0.3736 -0.0003
vn 0.8762 -0.4819 -0.0005
vn 0.8778 -0.4791 -0.0004
vn -1.0000 -0.0006 -0.0000
vn -0.8296 0.5583 -0.0003
vn -0.8980 0.4400 -0.0001
vn -0.8972 0.4416 -0.0002
vn -0.8288 0.5596 -0.0003
vn 0.8429 0.5380 -0.0002
vn 0.9049 0.4256 -0.0001
vn 0.9044 0.4266 -0.0001
vn 0.9968 0.0803 -0.0000
vn 0.9993 -0.0368 -0.0000
vn -0.9995 0.0318 -0.0000
vn -0.9990 -0.0445 -0.0000
vn -0.9989 -0.0465 -0.0000
vn -0.9993 0.0378 -0.0000
vn 0.9892 -0.1468 -0.0001
vn 0.9678 -0.2517 -0.0001
vn 0.7550 -0.6558 -0.0006
vn 0.7335 -0.6796 -0.0008
vn 0.7344 -0.6787 -0.0007
vn 0.7565 -0.6540 -0.0006
vn 0.8141 -0.5807 -0.0006
vn 0.8162 -0.5778 -0.0006
vn -0.3472 0.9378 -0.0009
vn -0.4255 0.9050 -0.0009
vn 0.2803 0.9599 -0.0010
vn 0.3789 0.9254 -0.0009
vn 0.3786 0.9256 -0.0009
vn -0.6365 0.7713 -0.0007
vn -0.5237 0.8519 -0.0007
vn -0.6385 0.7696 -0.0007
vn 0.5041 0.8637 -0.0008
vn 0.6376 0.7704 -0.0006
vn -0.7471 0.6647 -0.0005
vn -0.7465 0.6654 -0.0005
vn -0.7465 0.6654 -0.0004
vn 0.7536 0.6573 -0.0004
vn 0.9815 0.1912 -0.0000
vn -0.9729 0.2311 -0.0000
vn -0.9724 0.2335 -0.0000
vn 0.9493 0.3143 -0.0001
vn -0.9408 0.3389 -0.0001
vn -0.9405 0.3399 -0.0001
vn -0.1445 0.9895 -0.0013
vn -0.2871 0.9579 -0.0012
vn 0.0618 0.9981 -0.0010
vn 0.2018 0.9794 -0.0010
vn 0.2020 0.9794 -0.0012
vn -0.3477 0.9376 -0.0009
vn -0.5236 0.8520 -0.0009
vn -0.9805 -0.1963 -0.0000
vn 0.9952 -0.0982 -0.0000
vn 0.9805 -0.1963 -0.0000
vn 0.9951 -0.0989 -0.0006
vn 0.7072 0.7070 -0.0000
vn 0.7071 0.7071 -0.0000
vn 0.9952 0.0983 -0.0000
vn 0.9951 0.0989 0.0003
vn -0.1960 -0.9806 -0.0000
vn 0.5769 0.5784 0.5767
vn 0.5767 0.5787 0.5767
vn 0.5766 0.5788 0.5767
vn 0.5645 0.6027 -0.5640
vn 0.5641 0.6031 -0.5640
vn 0.5641 0.6030 -0.5640
vn 0.7040 0.7102 -0.0000
vn 0.7048 0.7094 -0.0000
vn 0.7038 0.7104 -0.0000
vn 0.5764 0.5791 0.5766
vn 0.5766 0.5790 0.5765
vn 0.5764 0.5790 0.5767
vn 0.5763 0.5789 0.5768
vn 0.5765 0.5789 0.5767
vn 0.5765 0.5788 0.5767
vn 0.5639 0.6032 -0.5641
vn 0.5643 0.6027 -0.5642
vn 0.5639 0.6030 -0.5642
vn 0.5640 0.6030 -0.5643
vn 0.5641 0.6028 -0.5643
vn 0.5640 0.6031 -0.5641
vn 0.5641 0.6030 -0.5641
vn 0.5639 0.6031 -0.5641
vn 0.7047 0.7095 -0.0000
vn 0.7042 0.7100 -0.0000
vn 0.7046 0.7096 -0.0000
vn -0.5627 -0.5987 -0.5701
vn 0.1931 -0.1948 0.9616
vn -0.5831 0.1088 0.8051
vn 0.0822 -0.7743 -0.6275
vn 0.5067 0.2976 -0.8091
vn -1.0000 0.0014 -0.0028
vn -0.2200 0.7348 0.6416
vn 0.9318 -0.3076 -0.1928
vn 0.0001 -0.0000 -1.0000
vn -0.0000 0.0314 -0.9995
vn -0.9957 -0.0923 -0.0000
vn -0.9985 0.0556 -0.0000
vn -0.9680 0.2511 -0.0000
vn -0.9860 0.1669 -0.0000
vn -0.9989 -0.0464 -0.0000
vn -1.0000 -0.0004 -0.0000
vn -0.9366 0.3505 -0.0000
vn -0.8854 0.4648 -0.0002
vn -0.9248 0.3804 -0.0000
vn -0.8088 0.5880 -0.0003
vn -0.8654 0.5010 -0.0003
vn -0.7174 0.6966 -0.0005
vn -0.7879 0.6158 -0.0004
vn -0.7147 0.6994 -0.0005
vn -0.7012 0.7130 -0.0006
vn -0.7013 0.7128 -0.0006
vn -1.0000 -0.0012 -0.0000
vn -1.0000 -0.0008 -0.0000
vn -1.0000 0.0067 -0.0000
vn -1.0000 0.0008 -0.0000
vn -1.0000 0.0074 -0.0000
vn -1.0000 0.0075 -0.0000
vn -1.0000 0.0068 -0.0000
vn -1.0000 0.0074 0.0001
vn -0.0000 -0.0000 -0.0000
vn -1.0000 0.0037 0.0001
vn 0.9317 -0.3079 -0.1928
vn -0.5627 -0.5986 -0.5701
vn 0.0637 -0.0000 -0.9980
vn 0.0214 -0.0000 -0.9998
vn -0.0209 -0.0000 -0.9998
vn -0.0128 -0.1423 -0.9897
vn -0.0178 -0.1584 -0.9872
vn 0.0024 0.0277 -0.9996
vn -0.0044 -0.0051 -1.0000
vn -0.0075 -0.0452 -0.9990
vn 0.0009 -0.0001 -1.0000
vn 0.0009 0.0009 -1.0000
vn 0.0009 -0.0000 -1.0000
vn -0.0000 -0.0017 -1.0000
vn -0.0000 -0.0015 -1.0000
vn -0.0000 0.0052 -1.0000
vn 0.0003 0.0225 -0.9997
vn -0.0002 -0.0072 -1.0000
vn 0.0012 -0.0061 -1.0000
vn 0.0013 0.0033 -1.0000
vn 0.0006 -0.0074 -1.0000
vn 0.0006 -0.0041 -1.0000
vn 0.0009 -0.0002 -1.0000
vn -0.0054 -0.0241 -0.9997
vn 0.0019 0.0396 -0.9992
vn 0.0007 -0.0007 -1.0000
vn 0.0008 -0.0002 -1.0000
vn 0.0004 -0.0030 -1.0000
vn 0.0004 -0.0189 -0.9998
vn 0.0005 -0.0029 -1.0000
vn 0.0002 0.0017 -1.0000
vn -0.0000 -0.0034 -1.0000
vn 0.0001 0.0023 -1.0000
vn 0.0001 0.0005 -1.0000
vn -0.0002 -0.0181 -0.9998
vn -0.0002 0.0184 -0.9998
vn 0.0001 -0.0013 -1.0000
vn -0.0003 0.0080 -1.0000
vn -0.0000 0.0055 -1.0000
vn 0.0001 -0.0003 -1.0000
vn -0.0005 0.0247 -0.9997
vn -0.0002 0.0681 -0.9977
vn 0.0004 0.0126 -0.9999
vn 0.0011 -0.0326 -0.9995
vn 0.0006 -0.0113 -0.9999
vn 0.0636 -0.0000 0.9980
vn 0.0214 -0.0000 0.9998
vn -0.0209 -0.0000 0.9998
vn -0.0118 -0.1984 0.9800
vn -0.0184 -0.2314 0.9727
vn -0.5026 0.6816 -0.5318
vn -0.0045 -0.0822 0.9966
vn -0.0061 -0.1079 0.9941
vn 0.0015 -0.0770 0.9970
vn 0.0017 -0.0725 0.9974
vn 0.0019 -0.0717 0.9974
vn 0.0001 -0.0786 0.9969
vn -0.0000 -0.0781 0.9969
vn -0.0000 -0.0710 0.9975
vn 0.0005 -0.0508 0.9987
vn -0.0002 -0.0834 0.9965
vn -0.0002 -0.0600 0.9982
vn 0.0013 -0.0752 0.9972
vn 0.0011 -0.0779 0.9970
vn 0.0010 -0.0824 0.9966
vn 0.0015 -0.0708 0.9975
vn 0.0013 -0.0787 0.9969
vn -0.0047 -0.0986 0.9951
vn 0.0031 -0.0342 0.9994
vn 0.0019 -0.0728 0.9973
vn 0.0016 -0.0784 0.9969
vn 0.0002 -0.0951 0.9955
vn 0.0003 -0.0789 0.9969
vn 0.0004 -0.0792 0.9969
vn -0.0000 -0.0801 0.9968
vn 0.0001 -0.0755 0.9971
vn 0.0001 -0.0745 0.9972
vn 0.0001 -0.0758 0.9971
vn 0.0001 -0.0763 0.9971
vn -0.0000 -0.0724 0.9974
vn -0.0003 -0.0972 0.9953
vn -0.0002 -0.0683 0.9977
vn 0.0001 -0.0777 0.9970
vn 0.0001 -0.0771 0.9970
vn -0.0003 -0.0124 0.9999
vn -0.0005 -0.0527 0.9986
vn 0.0002 -0.0644 0.9979
vn 0.0010 -0.1085 0.9941
vn 0.0004 -0.0875 0.9962
vn 0.8597 -0.2943 0.4174
vn -0.0353 -0.6362 -0.7707
vn -0.7149 -0.6697 -0.2011
vn -0.8346 -0.0017 0.5508
vn -0.8332 -0.0000 -0.5529
vn -0.8333 -0.0000 0.5529
vn 0.8096 -0.0000 0.5870
vn -0.5031 -0.0300 0.8637
vn -0.7632 0.1268 -0.6336
vn -0.4724 0.0345 -0.8807
vn 0.7638 -0.0051 0.6455
vn 1.0000 -0.0010 -0.0000
vn 1.0000 -0.0009 -0.0000
vn 1.0000 -0.0007 -0.0000
vn 0.7699 -0.0016 0.6382
vn -0.8874 -0.0315 0.4599
vn -0.7611 0.0491 -0.6468
vn -0.6757 0.3692 0.6380
vn -0.6814 0.3273 -0.6547
vn -0.6374 0.3996 -0.6588
vn 1.0000 -0.0003 -0.0000
vn 0.7631 -0.0007 0.6463
vn 1.0000 0.0004 -0.0001
vn 0.8867 -0.4624 0.0004
vn 0.7977 -0.6028 -0.0162
vn 0.2789 -0.8591 0.4292
vn 0.6542 -0.3911 -0.6473
vn 0.7029 -0.2938 -0.6478
vn -0.6727 -0.3156 0.6692
vn -0.6665 -0.3743 -0.6447
vn -0.7016 -0.2830 -0.6540
vn -0.7558 0.0211 0.6544
vn -0.7543 -0.0118 -0.6564
vn -0.7533 0.0805 -0.6528
vn 0.7733 0.0232 -0.6336
vn 0.9984 0.0562 0.0001
vn 0.7343 0.0644 -0.6758
vn -0.7517 0.1102 0.6502
vn -0.7359 0.1575 -0.6585
vn 1.0000 0.0028 -0.0007
vn 0.7529 0.0489 -0.6563
vn 1.0000 0.0009 -0.0000
vn -0.7395 0.1873 0.6466
vn -0.7165 0.2381 -0.6557
vn 1.0000 0.0007 -0.0000
vn 0.7549 0.0041 0.6558
vn 0.7566 -0.0019 0.6539
vn 1.0000 -0.0005 -0.0000
vn -0.7155 0.2830 0.6387
vn 0.7602 -0.0014 0.6497
vn 1.0000 -0.0021 -0.0000
vn -0.5440 0.4851 0.6846
vn -0.5696 0.5239 -0.6333
vn -0.5378 0.4444 -0.7164
vn 0.7679 -0.0013 0.6406
vn 1.0000 -0.0001 -0.0000
vn 0.7656 -0.0011 0.6433
vn -0.6254 0.4801 0.6152
vn -0.5892 0.4735 -0.6548
vn -0.6347 0.4459 0.6311
vn 0.2750 -0.7042 -0.6546
vn 0.3107 -0.6540 0.6898
vn 0.3469 -0.6792 -0.6468
vn -0.2727 -0.6700 0.6905
vn -0.2226 -0.7246 -0.6522
vn -0.3091 -0.6998 -0.6440
vn 0.4176 -0.6343 -0.6505
vn 0.4694 -0.5646 0.6789
vn 0.5168 -0.5693 -0.6393
vn -0.4632 -0.5672 0.6810
vn -0.4056 -0.6483 -0.6443
vn -0.5152 -0.5713 -0.6389
vn -0.5549 -0.4844 0.6763
vn -0.5970 -0.4736 -0.6475
vn 0.5911 -0.4784 -0.6494
vn 0.8019 -0.5974 0.0017
vn -0.6236 -0.4016 0.6708
vn -0.7489 -0.0640 0.6596
vn -0.7515 -0.0957 -0.6527
vn 0.3533 -0.7599 -0.5457
vn 0.9686 -0.2486 -0.0014
vn 0.8025 -0.2347 -0.5485
vn 0.7477 -0.1265 -0.6518
vn -0.7359 -0.1469 0.6610
vn -0.7358 -0.1917 -0.6495
vn 0.7242 -0.2128 -0.6559
vn 0.9549 -0.2971 -0.0000
vn -0.7097 -0.2376 0.6632
vn 0.9713 -0.2380 0.0036
vn 0.9350 -0.3546 -0.0001
vn 0.1316 -0.7691 -0.6254
vn 0.2088 -0.6901 0.6929
vn 0.2275 -0.7280 -0.6467
vn -0.0584 -0.7723 -0.6326
vn 0.1082 -0.7098 0.6960
vn -0.1524 -0.7075 0.6901
vn -0.1598 -0.7450 -0.6477
vn 0.2463 -0.6801 0.6905
vn -0.2018 -0.6912 0.6939
vn -0.3657 -0.6297 0.6854
vn 0.3754 -0.6237 0.6856
vn 0.2458 -0.9537 -0.1732
vn 0.1332 -0.9223 -0.3629
vn 0.2043 -0.9322 0.2987
vn 0.3104 0.8289 -0.4654
vn -0.8616 0.4425 0.2488
vn 0.1736 -0.9848 0.0004
vn 0.1734 -0.9848 0.0011
vn 0.1731 -0.9849 0.0006
vn 0.1724 -0.9850 -0.0004
vn 0.1713 -0.9852 -0.0018
vn 0.1703 -0.9854 -0.0000
vn 0.1715 -0.9852 0.0014
vn 0.1726 -0.9850 0.0002
vn 0.1731 -0.9849 -0.0008
vn 0.1737 -0.9848 -0.0006
vn 0.1737 -0.9848 -0.0007
vn 0.4371 -0.8352 0.3336
vn -0.7369 -0.4527 -0.5020
vn 0.6391 -0.6391 -0.4280
vn 0.6390 -0.6390 0.4281
vn 0.8289 -0.3104 -0.4655
vn -0.2950 -0.8706 -0.3937
vn 0.8286 -0.3145 0.4632
vn 0.6390 0.6390 0.4281
vn 0.6391 0.6391 -0.4280
vn 0.8289 0.3104 0.4654
vn -0.3646 0.8815 0.3000
vn 0.8251 0.2541 -0.5047
vn -0.6390 -0.6390 0.4281
vn -0.4075 -0.8083 -0.4250
vn -0.7031 -0.6582 -0.2691
vn -0.3487 -0.8095 0.4724
vn 0.0050 -0.9711 -0.2385
vn -0.7418 0.3890 -0.5462
vn 0.3151 -0.9252 0.2116
vn 0.0257 -0.9646 0.2625
vn 0.4416 -0.8485 -0.2917
vn 0.1180 0.9531 -0.2788
vn 0.1102 0.6456 -0.7557
vn -0.0321 -0.9565 -0.2901
vn -0.2109 -0.9036 0.3729
vn 0.4028 0.2920 0.8675
vn 0.6251 0.4452 0.6411
vn 0.2320 0.1568 0.9600
vn -0.0364 -0.5107 0.8590
vn -0.9353 0.2467 -0.2537
vn -0.6108 -0.1502 -0.7774
vn -0.3119 -0.0000 -0.9501
vn -0.8348 0.0116 -0.5504
vn 0.4464 -0.8617 0.2410
vn -0.8335 0.0001 -0.5525
vn -0.8348 -0.0000 -0.5506
vn -0.3647 -0.0003 -0.9311
vn 0.9980 -0.0037 0.0635
vn -0.3515 -0.0725 0.9334
vn -0.3125 -0.0000 0.9499
vn -0.8348 -0.0117 0.5505
vn 0.4471 0.8618 -0.2396
vn -0.3648 0.0003 0.9311
vn 0.9981 0.0039 -0.0613
vn 0.2969 0.0121 -0.9548
vn 0.8023 0.0236 -0.5964
vn 0.3074 -0.0000 -0.9516
vn 0.8332 -0.0000 -0.5529
vn -0.3127 0.6795 0.6637
vn 0.8333 -0.0000 -0.5529
vn 0.3595 0.0003 -0.9331
vn -0.9980 0.0038 0.0630
vn 0.3510 0.0687 0.9338
vn 0.3119 -0.0003 0.9501
vn 0.3367 -0.0007 0.9416
vn 0.8125 0.0123 0.5828
vn 0.7878 -0.0054 0.6159
vn 0.1220 -0.0062 0.9925
vn 0.3223 0.0003 0.9466
vn 0.3125 -0.0000 0.9499
vn 0.7209 -0.3255 0.6118
vn -0.0041 -1.0000 0.0022
vn 0.0143 -0.9997 0.0199
vn 0.9163 0.0579 -0.3963
vn 0.1608 0.0635 -0.9849
vn 0.2919 0.0552 -0.9549
vn 0.8092 -0.0167 0.5873
vn 0.1680 -0.0023 0.9858
vn 0.2816 0.4367 -0.8544
vn 0.4301 0.6492 -0.6273
vn 0.1316 0.2649 -0.9553
vn -0.2433 0.2282 -0.9427
vn 0.9613 0.0500 0.2709
vn 0.5950 0.0254 0.8033
vn -0.9615 -0.0383 0.2720
vn -0.8812 -0.2158 -0.4205
vn 0.1804 0.0704 -0.9811
vn 0.7679 0.0499 -0.6386
vn 0.1866 -0.0015 0.9824
vn 0.0752 0.0618 -0.9953
vn -0.7386 0.1589 0.6552
vn -0.5171 -0.0198 0.8557
vn 0.3125 0.1894 0.9308
vn -0.1328 0.1328 -0.9822
vn -0.1047 0.1316 -0.9858
vn -0.1837 0.0991 0.9780
vn -0.2042 0.0792 0.9757
vn 0.1535 0.0720 -0.9855
vn 0.7608 0.0470 -0.6472
vn 0.1594 0.0711 -0.9846
vn 0.1602 -0.0003 0.9871
vn 0.1662 -0.0012 0.9861
vn 0.1954 -0.0528 -0.9793
vn 0.1985 -0.0191 -0.9799
vn 0.1299 -0.0672 0.9893
vn 0.6126 -0.4139 0.6734
vn 0.1125 -0.0758 0.9908
vn -0.2036 -0.0499 -0.9778
vn -0.1773 -0.0098 -0.9841
vn -0.1143 -0.0548 0.9919
vn -0.1205 -0.0816 0.9894
vn -0.1642 0.0624 -0.9845
vn -0.1717 0.0865 -0.9813
vn -0.1566 -0.0142 0.9876
vn -0.1881 0.0040 0.9821
vn 0.2464 0.0859 -0.9654
vn 0.0446 0.0426 -0.9981
vn 0.0647 -0.0148 0.9978
vn 0.7687 -0.0255 0.6391
vn 0.2670 -0.0110 0.9636
vn -0.1385 0.0942 -0.9859
vn -0.1720 0.0243 0.9848
vn 0.1417 0.0790 -0.9868
vn 0.1497 0.0078 0.9887
vn -0.1432 0.1174 -0.9827
vn -0.1941 0.0506 0.9797
vn 0.7550 0.0466 -0.6541
vn 0.1412 0.0712 -0.9874
vn 0.1472 -0.0015 0.9891
vn 0.7582 0.0467 -0.6503
vn 0.1744 0.0712 -0.9821
vn 0.7679 0.0455 -0.6390
vn 0.1817 -0.0006 0.9834
vn -0.1038 0.1533 -0.9827
vn 0.1410 -0.1579 -0.9773
vn 0.1290 -0.0891 0.9876
vn -0.2707 0.1432 0.9520
vn 0.1678 0.0713 -0.9832
vn 0.7656 0.0461 -0.6416
vn 0.1739 -0.0011 0.9848
vn -0.1027 0.1521 -0.9830
vn -0.1966 0.1343 0.9712
vn 0.7632 0.0464 -0.6445
vn 0.0773 -0.1397 -0.9872
vn 0.1215 -0.1588 -0.9798
vn 0.0183 -0.0551 0.9983
vn 0.0475 -0.0806 0.9956
vn -0.0657 -0.1561 -0.9856
vn -0.1111 -0.1774 -0.9778
vn -0.0193 -0.0575 0.9982
vn -0.0387 -0.0879 0.9954
vn 0.1271 -0.1321 -0.9831
vn 0.1838 -0.1351 -0.9736
vn 0.0429 -0.0751 0.9963
vn 0.0885 -0.1019 0.9909
vn -0.1358 -0.1544 -0.9786
vn -0.1827 -0.1374 -0.9735
vn -0.0515 -0.0882 0.9948
vn -0.0843 -0.1042 0.9910
vn 0.1737 -0.0805 -0.9815
vn 0.0835 -0.0789 0.9934
vn -0.1813 -0.0826 -0.9799
vn -0.0908 -0.0814 0.9925
vn -0.1819 0.0417 -0.9824
vn -0.1551 -0.0334 0.9873
vn 0.1981 0.0379 -0.9795
vn 0.1665 -0.0384 0.9853
vn -0.1982 0.0155 -0.9800
vn -0.1476 -0.0493 0.9878
vn 0.1704 0.0114 -0.9853
vn 0.7269 -0.1724 0.6648
vn 0.1209 -0.0487 0.9915
vn 0.6657 -0.3280 0.6703
vn 0.0469 -0.2382 -0.9701
vn 0.0438 -0.1490 -0.9879
vn 0.0037 -0.0621 0.9981
vn 0.0070 -0.1306 0.9914
vn -0.0211 -0.2309 -0.9728
vn 0.0029 -0.1202 0.9927
vn -0.0380 -0.1639 -0.9857
vn -0.0425 -0.7211 0.6915
vn -0.0128 -0.0683 0.9976
vn -0.1240 -0.5630 0.8171
vn -0.5932 -0.8032 0.0548
vn -0.1636 0.5993 -0.7836
vn 0.2541 0.8251 0.5046
vn -0.5609 0.7943 0.2334
vn -0.2550 0.7443 0.6173
vn -0.6236 0.0979 0.7756
vn 0.1341 -0.4219 -0.8967
vn 0.2350 -0.8488 0.4737
vn 0.3970 -0.3970 0.8275
vn 0.3970 -0.3971 0.8275
vn 0.3972 -0.3973 -0.8273
vn 0.3973 -0.3973 -0.8272
vn -0.7580 0.6199 0.2028
vn 0.5993 0.1637 -0.7836
vn 0.3972 0.3972 -0.8273
vn 0.6390 0.6390 0.4282
vn 0.3970 0.3970 0.8275
vn 0.5121 -0.8387 -0.1854
vn 0.7444 -0.2554 -0.6170
vn 0.5990 -0.1632 0.7839
vn -0.3970 -0.3970 0.8275
vn 0.1697 -0.6097 0.7743
vn -0.6348 -0.7166 0.2890
vn 0.0862 -0.4457 -0.8910
vn -0.6333 -0.6370 -0.4395
vn -0.5495 -0.6612 -0.5108
vn -0.5064 -0.7382 -0.4456
vn -0.6268 -0.6494 0.4305
vn -0.6480 -0.5734 0.5014
vn -0.7279 -0.5274 0.4382
vn -0.6364 -0.7714 0.0004
vn -0.6620 -0.7495 -0.0001
vn -0.6253 -0.7804 -0.0003
vn -0.7270 -0.5107 -0.4590
vn -0.6630 -0.5450 -0.5132
vn -0.6287 -0.3479 -0.6955
vn 0.1231 0.3510 -0.9283
vn 0.5729 0.7267 0.3791
vn 0.3064 0.1501 -0.9400
vn 0.4698 0.6447 0.6030
vn -0.3569 -0.6803 -0.6402
vn -0.2348 -0.5996 -0.7651
vn -0.4962 -0.7444 0.4469
vn -0.5306 -0.6844 0.5000
vn -0.3527 -0.6568 0.6665
vn 0.2918 0.0305 0.9560
vn 0.7989 0.5883 -0.1248
vn 0.0454 0.1534 0.9871
vn 0.7008 0.6950 -0.1608
vn -0.6614 -0.3680 0.6536
vn -0.5842 -0.2511 0.7718
vn -0.6691 -0.7432 0.0003
vn -0.7372 -0.6757 0.0001
vn -0.7410 -0.6715 0.0002
vn -0.7659 -0.6429 -0.0000
vn 1.0000 -0.0034 -0.0014
vn -0.8137 -0.3100 -0.4917
vn 1.0000 -0.0037 -0.0000
vn 1.0000 -0.0015 0.0011
vn 1.0000 -0.0028 0.0015
vn 0.9985 -0.0260 -0.0489
vn 0.1690 -0.9801 -0.1040
vn 1.0000 -0.0004 -0.0009
vn 1.0000 -0.0016 -0.0021
vn 1.0000 -0.0086 -0.0007
vn 0.9999 -0.0105 -0.0000
vn 1.0000 -0.0059 -0.0012
vn 1.0000 -0.0085 0.0005
vn 1.0000 -0.0056 0.0016
vn 1.0000 0.0015 0.0012
vn 1.0000 -0.0004 0.0013
vn 1.0000 0.0020 0.0008
vn -0.2212 -0.6682 -0.7104
vn 0.1126 0.5700 0.8139
vn -0.9036 0.0278 0.4275
vn -0.8406 0.4162 -0.3466
vn 0.0071 0.7912 0.6115
vn -0.2313 -0.8603 -0.4543
vn 0.0477 -0.7499 -0.6598
vn 1.0000 0.0015 -0.0005
vn -0.1819 -0.1933 0.9641
vn -0.2554 -0.2946 -0.9209
vn -0.9615 -0.2273 -0.1546
vn -0.1257 -0.8674 0.4815
vn 0.0796 0.7424 -0.6652
vn -0.0408 0.8067 0.5896
vn -0.0877 -0.9584 0.2715
vn 0.0347 -0.9365 -0.3489
vn -0.9610 -0.2573 0.1013
vn 0.0033 -0.6347 0.7728
vn -0.0257 0.3564 -0.9340
vn -0.1978 0.6947 0.6915
vn -0.9544 0.0542 0.2936
vn -0.2843 0.2842 -0.9157
vn -0.0208 -0.1603 -0.9869
vn -0.3164 0.8570 0.4067
vn 0.0018 0.8467 0.5321
vn -0.0120 -0.6334 -0.7737
vn -0.0442 0.7276 -0.6846
vn -0.0052 0.8526 -0.5226
vn -0.0210 -0.9485 0.3162
vn 0.0776 0.8549 0.5130
vn -0.7300 0.6831 0.0217
vn -0.0361 0.2298 0.9726
vn -0.1985 -0.6951 -0.6909
vn -0.9545 -0.0579 -0.2924
vn -0.2844 -0.2847 0.9154
vn 0.9674 -0.2230 -0.1198
vn 0.0883 0.5313 0.8425
vn 0.1619 0.7636 -0.6251
vn 0.9480 0.1127 -0.2978
vn 0.2842 0.2843 0.9156
vn -0.0205 -0.2058 0.9784
vn -0.3123 -0.8712 0.3787
vn -0.7057 0.0776 -0.7043
vn -0.3124 0.8715 -0.3780
vn -0.7057 -0.0776 0.7042
vn 0.7373 0.0480 0.6738
vn 0.9949 0.1007 -0.0008
vn 0.9985 -0.0544 0.0001
vn 0.9958 -0.0913 -0.0008
vn 0.9688 -0.2480 -0.0004
vn 0.9991 0.0424 -0.0011
vn 0.7028 -0.2574 0.6632
vn 0.9356 -0.3530 0.0004
vn 0.9254 -0.3789 0.0002
vn 0.8850 -0.4656 0.0006
vn 0.8678 -0.4968 -0.0000
vn 0.8079 -0.5893 0.0006
vn 0.5496 -0.4881 0.6780
vn 0.7904 -0.6126 0.0001
vn 0.7172 -0.6969 0.0007
vn 0.7145 -0.6997 0.0002
vn 0.7020 -0.7121 0.0002
vn 0.7020 -0.7122 0.0010
vn 0.7048 -0.7094 0.0006
vn 1.0000 0.0012 -0.0000
vn 1.0000 -0.0002 -0.0000
vn 1.0000 0.0008 -0.0000
vn 1.0000 0.0006 -0.0000
vn 1.0000 0.0001 -0.0000
vn 1.0000 -0.0047 -0.0000
vn 1.0000 -0.0076 -0.0000
vn 1.0000 -0.0075 -0.0000
vn 1.0000 -0.0069 -0.0000
vn -0.0000 0.3309 -0.9437
vn -0.0000 0.2493 -0.9684
vn 0.0012 0.9272 -0.3746
vn 0.0064 0.9636 -0.2672
vn 0.0008 0.9289 -0.3702
vn 0.0007 0.8277 -0.5611
vn 0.0008 0.8276 -0.5613
vn 0.0006 0.7619 -0.6477
vn 0.0004 0.7621 -0.6474
vn 0.0003 0.4207 -0.9072
vn -0.0001 0.4201 -0.9075
vn 0.0001 0.4199 -0.9076
vn -0.5173 -0.8402 0.1624
vn -0.4133 -0.5060 0.7571
vn -0.3703 -0.7511 -0.5466
vn -0.3520 -0.8052 0.4772
vn -0.3220 -0.5478 0.7722
vn -0.2815 -0.4900 0.8250
vn 0.0003 -0.1132 0.9936
vn 0.0023 -0.1126 0.9936
vn 0.0075 -0.1078 0.9941
vn 0.0006 0.0081 1.0000
vn 0.0007 -0.0017 1.0000
vn -0.0001 0.1081 0.9941
vn -0.0001 0.1082 0.9941
vn -0.0000 0.1079 -0.9942
vn 0.0001 0.2148 -0.9767
vn -0.0001 0.1082 -0.9941
vn 0.0005 0.3201 -0.9474
vn 0.0001 0.2145 -0.9767
vn 0.0003 0.3195 -0.9476
vn 0.0001 0.7621 -0.6475
vn 0.0001 0.7618 -0.6478
vn -0.0000 0.6877 -0.7260
vn 0.0001 0.6873 -0.7264
vn -0.0000 0.6051 -0.7961
vn -0.0000 0.6051 -0.7962
vn -0.0001 0.5154 -0.8569
vn -0.0001 0.5157 -0.8568
vn -0.0002 0.4199 -0.9076
vn -0.6098 -0.6658 0.4298
vn -0.5450 -0.6457 0.5348
vn -0.5233 -0.7074 0.4752
vn -0.4123 -0.5181 0.7494
vn -0.0759 -0.3256 0.9425
vn -0.0445 -0.2136 0.9759
vn -0.0715 -0.8747 0.4793
vn 0.7581 0.6105 0.2294
vn -0.0263 -0.1028 0.9944
vn 0.0010 0.0021 1.0000
vn -0.1710 -0.4955 0.8516
vn -0.1330 -0.3819 0.9146
vn -0.1300 -0.4442 0.8864
vn -0.0825 -0.2917 0.9529
vn -0.2356 -0.4649 0.8535
vn -0.3096 -0.7998 0.5142
vn -0.1767 -0.4458 0.8775
vn 0.9913 -0.1313 -0.0000
vn 0.0156 0.5655 0.8246
vn 0.0102 -0.1877 0.9822
vn 0.0127 0.5379 0.8429
vn -0.0122 0.5442 -0.8389
vn 0.0361 -0.1727 -0.9843
vn 0.0368 -0.1850 -0.9820
vn -0.0001 0.9419 0.3358
vn -0.0000 0.8611 0.5085
vn -0.0001 -0.1659 -0.9861
vn -0.0001 -0.2494 -0.9684
vn -0.0000 -0.2494 0.9684
vn -0.0000 -0.1660 0.9861
vn -0.0000 -0.8611 0.5085
vn -0.0000 -0.7490 0.6626
vn -0.0000 -0.7490 -0.6626
vn -0.0000 -0.8611 -0.5085
vn -0.0000 0.8611 -0.5084
vn -0.0000 0.7489 -0.6626
vn -0.0000 0.2493 0.9684
vn -0.0000 0.3309 0.9437
vn -0.0000 0.4998 0.8661
vn -0.0000 0.6194 0.7850
vn -0.0000 0.7490 0.6626
vn -0.0000 0.8611 0.5084
vn -0.0000 0.9866 0.1632
vn -0.0000 0.9866 0.1631
vn -0.0000 0.9866 -0.1631
vn -0.0000 0.9866 -0.1632
vn -0.0001 0.9420 -0.3357
vn -0.0001 0.9419 -0.3358
vn -0.0000 0.6195 -0.7850
vn -0.0000 0.4996 -0.8662
vn -0.0000 0.0827 -0.9966
vn -0.0000 0.1660 -0.9861
vn -0.0000 0.4091 -0.9125
vn -0.0000 -0.4091 -0.9125
vn -0.0000 -0.4996 -0.8662
vn -0.0000 -0.3309 -0.9437
vn -0.0001 -0.3311 -0.9436
vn -0.0000 -0.0826 -0.9966
vn -0.0000 -0.1657 -0.9862
vn -0.0000 -0.9866 -0.1631
vn -0.0000 -0.9420 -0.3357
vn -0.0000 -0.6195 -0.7850
vn -0.0000 -0.9866 0.1631
vn -0.0000 -0.9419 0.3358
vn -0.0000 -0.6195 0.7850
vn -0.0000 -0.4998 0.8661
vn -0.0000 -0.4093 0.9124
vn -0.0000 -0.3309 0.9437
vn -0.0000 -0.0826 0.9966
vn -0.0000 0.0826 0.9966
vn -0.0000 0.1660 0.9861
vn -0.0000 0.4093 0.9124
vn -0.9241 -0.3821 -0.0000
vn -0.9242 -0.3819 -0.0000
vn 0.0093 -0.1429 -0.9897
vn 0.0075 -0.1032 -0.9946
vn -0.0187 -0.2590 -0.9657
vn -0.0030 -0.2044 -0.9789
vn -0.0361 -0.2320 -0.9720
vn -0.1553 -0.7282 -0.6676
vn -0.1817 -0.7951 -0.5786
vn -0.0775 -0.3203 -0.9441
vn -0.1623 -0.4093 -0.8979
vn -0.1341 -0.3659 -0.9209
vn -0.1775 -0.4505 -0.8749
vn -0.2095 -0.4994 -0.8407
vn -0.2868 -0.5270 -0.8000
vn -0.2529 -0.4946 -0.8315
vn -0.3116 -0.5568 -0.7700
vn -0.3495 -0.5913 -0.7268
vn -0.4401 -0.5907 -0.6764
vn -0.4012 -0.5626 -0.7228
vn -0.4586 -0.6127 -0.6437
vn -0.4880 -0.6253 -0.6090
vn -0.6306 -0.6373 -0.4429
vn -0.6179 -0.6357 -0.4627
vn -0.6931 -0.6862 -0.2206
vn -0.6995 -0.6813 -0.2158
vn -0.7108 -0.6993 0.0758
vn -0.7109 -0.6992 0.0758
vn -0.6669 -0.6568 0.3519
vn -0.6632 -0.6532 0.3654
vn -0.6255 -0.6020 0.4963
vn -0.0003 0.2160 0.9764
vn 0.0001 0.2125 0.9772
vn -0.0002 0.3199 0.9475
vn 0.0004 0.3163 0.9487
vn -0.0000 0.3196 0.9476
vn -0.0000 0.3193 0.9476
vn -0.0002 0.4199 0.9076
vn -0.0003 0.4201 0.9075
vn -0.0003 0.5155 0.8569
vn -0.0002 0.5154 0.8570
vn -0.0002 0.5156 0.8568
vn -0.0000 0.5144 0.8575
vn -0.0000 0.6051 0.7961
vn -0.0001 0.6047 0.7964
vn -0.0000 0.6877 0.7259
vn -0.0000 0.6877 0.7260
vn -0.0000 0.7621 0.6475
vn 0.0002 0.7617 0.6479
vn 0.0004 0.8275 0.5615
vn 0.0006 0.8271 0.5620
vn 0.0019 0.8831 0.4691
vn -0.0003 0.8839 0.4677
vn 0.0050 0.9285 0.3712
vn 0.0079 0.9268 0.3755
vn 0.0066 0.9636 0.2672
vn 0.0072 0.9629 0.2698
vn 0.0075 0.9985 0.0541
vn 0.0072 0.9868 -0.1619
vn 0.0066 0.9623 -0.2720
vn 0.0074 0.9868 -0.1617
vn 0.0001 0.0721 -0.9974
vn 0.5763 0.5791 0.5767
vn 0.5767 0.5786 0.5767
vn 0.5642 0.6027 -0.5642
vn 0.7045 0.7097 -0.0000
vn -0.7014 0.7127 -0.0006
vn -1.0000 0.0014 -0.0027
vn -0.5833 0.1087 0.8050
vn 0.0822 -0.7741 -0.6277
vn -0.5628 -0.5986 -0.5701
vn -0.0102 0.1992 -0.9799
vn 0.0023 -0.0419 0.9991
vn 0.0010 -0.0839 0.9965
vn -0.0096 0.1099 0.9939
vn -0.6391 -0.6391 -0.4280
vn 0.5811 0.4451 0.6813
vn 0.8386 -0.0395 -0.5434
vn 0.4301 0.5989 -0.6755
vn -0.5749 -0.2773 -0.7698
vn -0.2925 -0.6095 0.7368
vn -0.7706 -0.6373 0.0003
vn 1.0000 -0.0075 0.0001
vn -0.3268 -0.5565 0.7639
vn -0.0102 -0.1039 0.9945
vn -0.6351 -0.4422 -0.6334
vn 0.0139 -0.1681 0.9857
vn -0.0114 0.5480 -0.8364
vn 0.1109 0.9933 -0.0338
vt 0.227741 0.342861
vt 0.298667 0.341099
vt 0.300447 0.412774
vt 0.225171 0.382507
vt 0.225969 0.414624
vt 0.506247 0.376468
vt 0.299608 0.378984
vt 0.508801 0.479317
vt 0.302227 0.484446
vt 0.226766 0.446738
vt 0.507065 0.409418
vt 0.301286 0.446562
vt 0.293007 0.484675
vt 0.231301 0.486208
vt 0.506861 0.401190
vt 0.506197 0.374470
vt 0.506912 0.403247
vt 0.225778 0.343303
vt 0.229318 0.485863
vt 0.505329 0.339522
vt 0.504887 0.337559
vt 0.224622 0.344518
vt 0.224277 0.346501
vt 0.228103 0.484709
vt 0.227661 0.482746
vt 0.503674 0.336402
vt 0.501692 0.336058
vt 0.298130 0.484548
vt 0.301202 0.484472
vt 0.224374 0.350393
vt 0.227564 0.478852
vt 0.508701 0.475323
vt 0.507883 0.442370
vt 0.506147 0.372466
vt 0.506331 0.379857
vt 0.506514 0.387247
vt 0.506698 0.394637
vt 0.506881 0.402028
vt 0.507354 0.421068
vt 0.507644 0.432719
vt 0.507933 0.444369
vt 0.508222 0.456019
vt 0.508511 0.467669
vt 0.505428 0.343516
vt 0.506776 0.397770
vt 0.506486 0.386120
vt 0.505908 0.362820
vt 0.505619 0.351169
vt 0.296081 0.484599
vt 0.299155 0.484523
vt 0.506594 0.390469
vt 0.507218 0.415592
vt 0.507481 0.426166
vt 0.507536 0.428369
vt 0.506649 0.392672
vt 0.505636 0.351865
vt 0.506704 0.394875
vt 0.506485 0.386066
vt 0.506430 0.383864
vt 0.506540 0.388269
vt 0.506758 0.397075
vt 0.507014 0.407361
vt 0.506963 0.405304
vt 0.506810 0.399132
vt 0.507371 0.421763
vt 0.507320 0.419706
vt 0.507269 0.417649
vt 0.507116 0.411478
vt 0.507167 0.413535
vt 0.507645 0.432772
vt 0.507700 0.434972
vt 0.507590 0.430569
vt 0.507426 0.423964
vt 0.302125 0.480350
vt 0.298769 0.345196
vt 0.505964 0.365076
s 1
f 1/1/1 2/1/2 3/1/1
f 1/1/3 4/2/4 5/1/4
f 6/2/5 7/2/6 4/2/7
f 3/1/8 7/2/9 8/2/8
f 9/1/10 3/1/1 10/1/11
f 11/1/12 5/1/2 12/1/12
f 9/1/13 6/2/3 1/1/3
f 12/1/4 4/2/4 13/2/4
f 14/2/5 6/2/5 15/2/5
f 16/2/14 4/2/7 7/2/6
f 10/1/8 8/2/8 14/2/8
f 11/1/15 7/2/9 2/1/9
f 17/1/16 18/1/16 19/1/16
f 18/1/17 20/2/17 21/2/17
f 21/2/18 22/2/18 23/2/18
f 22/2/19 19/1/19 23/2/19
f 24/1/20 17/1/20 25/1/20
f 20/2/21 24/1/21 26/2/21
f 21/2/22 27/2/22 28/2/23
f 22/2/24 26/2/24 29/2/24
f 27/2/25 19/1/25 30/1/25
f 25/1/26 22/2/26 29/2/26
f 1/1/1 5/1/2 2/1/2
f 1/1/3 6/2/3 4/2/4
f 6/2/5 8/2/5 7/2/6
f 3/1/8 2/1/9 7/2/9
f 9/1/10 1/1/1 3/1/1
f 11/1/12 2/1/2 5/1/2
f 9/1/13 15/2/27 6/2/3
f 12/1/4 5/1/4 4/2/4
f 14/2/5 8/2/5 6/2/5
f 16/2/14 13/2/28 4/2/7
f 10/1/8 3/1/8 8/2/8
f 11/1/15 16/2/15 7/2/9
f 17/1/16 31/1/16 18/1/16
f 18/1/17 31/1/17 20/2/17
f 21/2/18 20/2/18 22/2/18
f 22/2/19 17/1/19 19/1/19
f 30/1/29 19/1/29 18/1/29
f 24/1/20 31/1/20 17/1/20
f 18/1/30 21/2/30 28/2/30
f 20/2/31 31/1/31 24/1/31
f 21/2/22 23/2/22 27/2/22
f 22/2/24 20/2/24 26/2/24
f 27/2/25 23/2/25 19/1/25
f 25/1/32 17/1/32 22/2/32
f 30/1/33 28/2/34 27/2/35
f 32/3/36 33/4/36 34/5/36
f 32/3/36 35/6/36 36/7/36
f 37/8/36 38/9/36 39/9/36
f 40/9/36 37/8/36 39/9/36
f 41/9/36 42/8/36 43/8/36
f 44/9/36 45/8/36 46/8/36
f 47/8/36 48/9/36 49/8/36
f 50/9/36 47/8/36 51/8/36
f 52/9/36 51/8/36 53/8/36
f 54/9/36 53/8/36 42/8/36
f 55/8/36 40/9/36 56/9/36
f 57/8/36 56/9/36 58/9/36
f 43/8/36 58/9/36 41/9/36
f 59/9/36 60/8/36 61/9/36
f 62/9/36 63/8/36 64/9/36
f 64/9/36 65/8/36 66/9/36
f 67/9/36 65/8/36 45/8/36
f 68/8/36 48/9/36 69/9/36
f 70/8/36 69/9/36 71/9/36
f 70/8/36 44/9/36 46/8/36
f 72/9/37 73/8/38 74/9/36
f 74/9/36 75/8/36 59/9/36
f 76/8/36 61/9/36 60/8/36
f 77/3/39 78/10/39 79/5/39
f 80/11/39 81/12/39 77/3/39
f 82/9/40 83/8/41 84/9/42
f 85/9/43 83/8/41 86/8/44
f 87/8/43 88/9/45 89/8/45
f 90/9/43 91/8/43 92/9/43
f 93/8/43 94/9/45 95/9/45
f 93/8/43 96/9/43 97/8/43
f 97/8/43 98/9/43 99/8/43
f 99/8/43 100/9/43 87/8/43
f 85/9/43 101/8/44 102/9/43
f 102/9/43 103/8/45 104/9/43
f 104/9/43 89/8/45 88/9/45
f 105/8/45 106/9/46 107/9/45
f 108/8/43 109/9/45 110/9/44
f 111/8/43 110/9/44 112/9/43
f 92/9/43 111/8/43 112/9/43
f 113/8/43 94/9/45 114/8/43
f 115/8/45 116/9/43 113/8/43
f 90/9/43 115/8/45 117/8/45
f 118/8/44 119/9/47 120/9/45
f 121/8/46 120/9/45 106/9/46
f 107/9/45 122/8/44 105/8/45
f 9/1/48 14/2/48 15/2/48
f 123/13/35 124/14/49 125/14/50
f 126/5/51 127/10/51 128/5/51
f 129/15/52 130/16/52 131/17/52
f 132/9/53 133/9/54 134/9/55
f 135/8/56 136/8/57 137/8/58
f 138/8/59 136/8/57 139/8/60
f 140/9/61 141/9/53 132/9/53
f 142/9/62 143/9/63 144/9/64
f 145/8/65 146/8/66 147/8/67
f 148/8/68 149/8/69 150/8/70
f 151/8/71 150/8/70 149/8/69
f 152/9/72 153/9/73 154/9/74
f 155/9/75 156/9/76 157/9/76
f 158/8/77 159/8/78 160/8/79
f 157/9/76 161/9/80 162/9/81
f 163/8/65 160/8/79 164/8/82
f 165/8/82 163/8/65 164/8/82
f 162/9/81 166/9/83 167/9/84
f 168/8/82 169/8/65 170/8/60
f 171/8/85 170/8/60 169/8/65
f 167/9/84 172/9/86 142/9/62
f 173/8/87 171/8/85 174/8/88
f 146/8/66 173/8/87 174/8/88
f 175/8/52 139/8/60 176/8/89
f 177/9/90 178/9/91 140/9/92
f 179/8/89 176/8/89 180/8/52
f 181/8/93 180/8/52 176/8/89
f 182/9/94 183/9/95 177/9/90
f 184/8/67 181/8/93 147/8/67
f 145/8/65 147/8/67 181/8/93
f 144/9/64 185/9/96 182/9/94
f 186/8/97 187/8/98 188/8/99
f 189/9/100 190/9/101 191/9/102
f 192/8/103 193/8/104 194/8/105
f 195/9/106 196/9/107 197/9/108
f 197/9/108 198/9/109 199/9/110
f 200/8/111 201/8/112 202/8/113
f 149/8/69 202/8/113 201/8/112
f 199/9/110 203/9/114 152/9/72
f 204/9/115 205/9/116 155/9/75
f 206/8/117 207/8/118 208/8/119
f 159/8/78 208/8/119 207/8/118
f 209/9/120 210/9/121 204/9/115
f 211/8/122 212/8/123 213/8/124
f 207/8/118 213/8/124 212/8/123
f 154/9/74 214/9/125 209/9/120
f 215/8/126 151/8/71 216/8/127
f 212/8/123 216/8/127 151/8/71
f 217/8/128 218/8/129 219/8/130
f 220/9/131 219/8/130 221/9/132
f 220/9/131 222/9/133 223/9/134
f 224/8/135 188/8/99 218/8/129
f 223/9/134 225/9/136 189/9/100
f 191/9/102 226/9/137 195/9/106
f 227/8/138 194/8/105 187/8/98
f 228/18/139 11/1/140 12/1/140
f 229/19/141 125/14/50 124/14/49
f 230/20/142 231/21/143 232/20/144
f 233/20/145 231/21/143 234/20/145
f 235/20/145 231/21/143 236/20/146
f 237/20/145 231/21/143 238/20/147
f 239/20/146 231/21/143 240/20/146
f 241/20/145 231/21/143 242/20/145
f 243/21/143 242/20/145 231/21/143
f 244/22/148 245/18/148 228/18/148
f 246/23/149 247/22/150 244/22/150
f 248/24/151 249/19/151 229/19/151
f 250/25/152 251/24/153 248/24/153
f 252/26/154 243/21/154 231/21/154
f 253/27/155 254/26/156 252/26/156
f 255/1/157 13/2/48 256/2/48
f 257/2/48 11/1/140 258/1/157
f 259/9/35 260/14/49 82/9/35
f 261/28/35 125/14/50 262/29/35
f 259/9/35 262/29/35 125/14/50
f 263/29/35 38/9/35 264/28/35
f 265/14/49 264/28/35 38/9/35
f 265/14/49 124/14/49 266/13/35
f 246/23/149 267/30/51 268/4/51
f 269/25/152 270/31/51 271/10/51
f 269/25/152 126/5/51 272/4/51
f 269/25/152 273/30/51 246/23/149
f 274/31/51 246/23/149 78/10/51
f 79/5/51 246/23/149 268/4/51
f 250/25/152 275/31/51 276/10/51
f 277/23/158 278/30/51 279/4/51
f 277/23/158 128/5/51 127/10/51
f 277/23/158 280/31/51 250/25/152
f 281/30/51 250/25/152 33/4/51
f 34/5/51 250/25/152 276/10/51
f 282/8/159 283/32/52 284/33/52
f 285/20/145 286/34/52 287/35/52
f 285/20/145 288/36/52 289/37/52
f 285/20/145 290/38/52 291/11/52
f 285/20/145 292/39/52 293/40/52
f 285/20/145 294/41/52 295/42/52
f 285/20/145 296/43/52 282/8/159
f 297/44/52 282/8/159 298/6/52
f 80/11/52 282/8/159 284/33/52
f 242/20/145 299/44/52 35/6/52
f 300/8/159 301/43/52 302/42/52
f 300/8/159 303/41/52 304/40/52
f 300/8/159 305/39/52 306/11/52
f 300/8/159 307/45/52 308/46/52
f 300/8/159 130/16/52 309/47/52
f 300/8/159 310/48/52 242/20/145
f 311/32/52 242/20/145 312/33/52
f 313/11/52 242/20/145 35/6/52
f 256/2/48 253/27/155 314/27/160
f 315/27/160 16/2/48 257/2/48
f 282/8/159 83/8/161 316/8/162
f 300/8/159 136/8/57 317/8/159
f 318/9/163 82/9/164 319/9/165
f 134/9/55 82/9/164 84/9/166
f 84/9/166 132/9/53 134/9/55
f 320/9/54 39/9/53 38/9/167
f 321/9/168 141/9/53 322/9/168
f 320/9/54 322/9/168 141/9/53
f 323/8/57 86/8/60 83/8/161
f 37/8/57 139/8/60 136/8/57
f 85/9/61 132/9/53 84/9/166
f 39/9/53 178/9/61 40/9/61
f 100/9/169 144/9/64 88/9/170
f 41/9/171 172/9/86 54/9/86
f 324/8/65 87/8/85 89/8/172
f 43/8/65 173/8/87 145/8/65
f 151/8/71 91/8/173 117/8/174
f 46/8/175 325/8/176 326/8/175
f 92/9/177 154/9/74 90/9/178
f 44/9/179 203/9/114 67/9/114
f 94/9/180 157/9/76 95/9/181
f 327/9/76 205/9/116 48/9/116
f 160/8/79 114/8/182 93/8/183
f 47/8/184 328/8/185 329/8/184
f 95/9/181 162/9/81 96/9/186
f 50/9/80 156/9/76 327/9/76
f 164/8/82 93/8/183 97/8/82
f 51/8/82 329/8/184 168/8/82
f 96/9/186 167/9/84 98/9/187
f 52/9/83 161/9/80 50/9/80
f 330/8/60 97/8/82 99/8/85
f 53/8/60 168/8/82 170/8/60
f 98/9/187 142/9/62 100/9/169
f 54/9/86 166/9/83 52/9/83
f 331/8/87 99/8/85 87/8/85
f 42/8/87 170/8/60 173/8/87
f 332/8/60 101/8/89 86/8/60
f 333/8/60 176/8/89 139/8/60
f 102/9/188 140/9/92 85/9/189
f 40/9/190 183/9/95 56/9/191
f 334/8/89 103/8/93 101/8/89
f 55/8/89 181/8/93 176/8/89
f 104/9/192 177/9/90 102/9/188
f 56/9/191 185/9/96 58/9/193
f 335/8/93 89/8/172 103/8/93
f 57/8/93 145/8/65 181/8/93
f 88/9/170 182/9/94 104/9/192
f 58/9/193 143/9/63 41/9/171
f 227/8/138 121/8/194 105/8/195
f 60/8/98 188/8/99 187/8/98
f 106/9/196 191/9/102 107/9/197
f 61/9/198 225/9/136 59/9/136
f 336/8/199 122/8/200 108/8/201
f 63/8/104 194/8/105 193/8/104
f 109/9/202 197/9/108 110/9/203
f 64/9/107 226/9/137 62/9/137
f 201/8/112 108/8/201 111/8/204
f 65/8/205 193/8/104 337/8/206
f 110/9/203 199/9/110 112/9/207
f 66/9/109 196/9/107 64/9/107
f 149/8/69 111/8/204 91/8/173
f 45/8/176 337/8/206 325/8/176
f 112/9/207 152/9/72 92/9/177
f 67/9/114 198/9/109 66/9/109
f 116/9/208 155/9/75 94/9/180
f 48/9/116 210/9/121 69/9/121
f 159/8/78 113/8/209 114/8/182
f 49/8/185 338/8/210 328/8/185
f 339/9/211 204/9/115 116/9/208
f 69/9/121 214/9/125 71/9/125
f 207/8/118 115/8/212 113/8/209
f 68/8/210 340/8/213 338/8/210
f 90/9/178 209/9/120 339/9/211
f 71/9/125 153/9/73 44/9/179
f 212/8/123 117/8/174 115/8/212
f 70/8/213 326/8/175 340/8/213
f 224/8/135 341/8/214 118/8/215
f 73/8/38 219/8/130 218/8/129
f 119/9/216 217/8/128 220/9/131
f 219/8/130 72/9/37 221/9/132
f 119/9/216 223/9/134 120/9/217
f 74/9/218 221/9/132 72/9/37
f 186/8/97 118/8/215 121/8/194
f 75/8/219 218/8/129 188/8/99
f 120/9/217 189/9/100 106/9/196
f 59/9/136 222/9/133 74/9/218
f 107/9/197 195/9/106 109/9/202
f 62/9/137 190/9/101 61/9/198
f 192/8/103 105/8/195 122/8/200
f 76/8/220 187/8/98 194/8/105
f 342/18/139 12/1/140 255/1/157
f 258/1/157 245/18/139 343/18/139
f 344/19/141 124/14/49 265/14/49
f 260/14/49 249/19/141 345/19/141
f 285/20/145 346/21/221 231/21/143
f 347/20/142 243/21/143 348/21/143
f 349/22/148 228/18/148 342/18/148
f 343/18/148 247/22/148 350/22/148
f 351/23/222 244/22/150 349/22/223
f 350/22/150 352/23/224 277/23/158
f 353/24/151 229/19/151 344/19/225
f 345/19/226 251/24/151 354/24/225
f 355/25/227 248/24/153 353/24/153
f 354/24/153 356/25/228 269/25/152
f 357/26/154 231/21/154 346/21/154
f 348/21/154 254/26/154 358/26/154
f 314/27/160 252/26/156 357/26/229
f 358/26/156 359/27/155 315/27/160
f 263/29/230 360/9/231 320/9/232
f 318/9/233 361/9/234 259/9/235
f 362/49/236 266/13/237 123/13/238
f 363/9/239 322/9/240 320/9/232
f 364/9/241 322/9/240 363/9/239
f 365/50/242 321/9/243 364/9/241
f 360/9/231 363/9/239 320/9/232
f 360/9/231 364/9/241 363/9/239
f 366/9/244 365/50/242 364/9/241
f 263/29/230 366/9/244 360/9/231
f 264/28/231 367/49/232 366/9/244
f 368/9/245 262/29/246 259/9/235
f 369/9/247 262/29/246 368/9/245
f 362/49/248 261/28/249 369/9/247
f 361/9/234 368/9/245 259/9/235
f 361/9/234 369/9/247 368/9/245
f 370/9/250 362/49/248 369/9/247
f 318/9/233 370/9/250 361/9/234
f 319/9/251 371/50/252 370/9/250
f 371/50/236 367/49/253 362/49/236
f 134/9/254 365/50/255 371/50/236
f 234/20/145 372/51/52 233/20/145
f 373/52/52 304/40/52 303/41/52
f 293/40/52 374/52/52 294/41/52
f 375/8/256 376/53/52 377/54/52
f 378/53/52 379/8/159 380/54/52
f 239/20/146 381/55/52 382/51/52
f 383/17/52 287/35/52 384/15/52
f 385/56/52 285/20/145 386/20/145
f 231/21/143 386/20/145 285/20/145
f 387/57/52 385/56/52 386/20/145
f 386/20/145 230/20/142 387/57/52
f 232/20/144 387/57/52 230/20/142
f 233/20/145 388/55/52 232/20/144
f 389/58/52 236/20/146 390/59/52
f 391/60/52 235/20/145 389/58/52
f 236/20/146 392/58/52 390/59/52
f 237/20/145 393/60/52 392/58/52
f 238/20/147 382/51/52 393/60/52
f 394/61/52 241/20/145 242/20/145
f 395/57/52 240/20/146 241/20/145
f 306/11/52 396/62/52 307/45/52
f 397/63/52 307/45/52 396/62/52
f 131/17/52 308/46/52 397/63/52
f 310/48/52 394/61/52 242/20/145
f 309/47/52 398/64/52 310/48/52
f 399/65/52 301/43/52 317/8/159
f 400/66/52 302/42/52 301/43/52
f 401/67/52 303/41/52 302/42/52
f 306/11/52 402/68/52 403/11/52
f 305/39/52 404/69/52 402/68/52
f 405/70/52 406/8/257 407/71/52
f 408/72/52 409/8/258 405/70/52
f 380/54/52 410/8/259 408/72/52
f 411/8/159 399/65/52 317/8/159
f 412/8/260 413/73/52 411/8/159
f 406/8/257 414/70/52 407/71/52
f 415/8/261 416/72/52 414/70/52
f 417/8/262 377/54/52 416/72/52
f 418/65/52 419/8/159 282/8/159
f 420/73/52 421/8/263 419/8/159
f 296/43/52 418/65/52 282/8/159
f 295/42/52 422/66/52 296/43/52
f 294/41/52 423/67/52 295/42/52
f 291/11/52 424/68/52 292/39/52
f 425/69/52 292/39/52 424/68/52
f 426/11/52 290/38/52 427/62/52
f 427/62/52 289/37/52 428/63/52
f 428/63/52 288/36/52 383/17/52
f 286/34/52 385/56/52 429/61/52
f 429/61/52 430/64/52 286/34/52
f 286/34/52 384/15/52 287/35/52
f 355/25/36 344/19/36 275/31/36
f 344/19/36 431/74/36 275/31/36
f 265/14/36 38/9/36 344/19/36
f 432/12/36 275/31/36 431/74/36
f 32/3/36 276/10/36 432/12/36
f 433/75/36 258/1/36 343/18/36
f 343/18/36 281/30/36 433/75/36
f 350/22/36 277/23/36 343/18/36
f 281/30/36 36/7/36 433/75/36
f 38/9/36 311/32/36 431/74/36
f 431/74/36 312/33/36 432/12/36
f 432/12/36 313/11/36 32/3/36
f 347/20/36 358/26/36 299/44/36
f 358/26/36 433/75/36 299/44/36
f 315/27/36 257/2/36 358/26/36
f 299/44/36 36/7/36 35/6/36
f 351/23/39 342/18/39 267/30/39
f 342/18/39 434/75/39 267/30/39
f 255/1/39 256/2/39 342/18/39
f 435/7/39 267/30/39 434/75/39
f 77/3/39 268/4/39 435/7/39
f 436/74/39 260/14/39 345/19/39
f 345/19/39 274/31/39 436/74/39
f 354/24/39 269/25/39 345/19/39
f 274/31/39 81/12/39 436/74/39
f 434/75/39 314/27/39 357/26/39
f 357/26/39 297/44/39 434/75/39
f 346/21/264 285/20/39 357/26/39
f 297/44/39 435/7/39 434/75/39
f 298/6/39 77/3/39 435/7/39
f 82/9/40 283/32/39 316/8/265
f 436/74/39 284/33/39 283/32/39
f 246/23/149 278/30/51 352/23/224
f 273/30/51 279/4/51 278/30/51
f 272/4/51 128/5/51 279/4/51
f 250/25/152 270/31/51 356/25/228
f 280/31/51 271/10/51 270/31/51
f 437/8/266 329/8/184 328/8/185
f 328/8/185 438/8/267 437/8/266
f 338/8/210 438/8/267 328/8/185
f 338/8/210 439/8/268 440/8/269
f 168/8/82 441/8/270 442/8/271
f 439/8/268 340/8/213 443/8/272
f 326/8/175 443/8/272 340/8/213
f 326/8/175 444/8/273 445/8/274
f 325/8/176 444/8/273 326/8/175
f 325/8/176 446/8/275 447/8/276
f 337/8/206 446/8/275 325/8/176
f 337/8/206 448/8/277 449/8/278
f 336/8/199 450/8/279 451/8/280
f 193/8/104 448/8/277 337/8/206
f 452/8/281 193/8/104 336/8/199
f 451/8/280 452/8/281 336/8/199
f 453/8/282 164/8/82 330/8/60
f 330/8/60 454/8/59 453/8/282
f 454/8/59 331/8/87 455/8/56
f 324/8/65 455/8/56 331/8/87
f 324/8/65 456/8/172 457/8/283
f 456/8/172 335/8/93 458/8/93
f 334/8/89 458/8/93 335/8/93
f 334/8/89 459/8/89 460/8/56
f 332/8/60 459/8/89 334/8/89
f 332/8/60 461/8/59 462/8/52
f 323/8/57 461/8/59 332/8/60
f 323/8/57 463/8/284 464/8/285
f 465/8/286 323/8/57 466/8/287
f 419/8/159 467/8/288 468/8/289
f 411/8/159 136/8/57 379/8/159
s 0
f 379/8/290 412/8/290 411/8/290
f 415/8/48 410/8/48 379/8/48
f 415/8/290 406/8/290 409/8/290
f 419/8/291 417/8/262 415/8/261
f 419/8/291 421/8/292 375/8/293
s 1
f 136/8/57 415/8/261 379/8/159
f 466/8/287 419/8/159 468/8/289
f 282/8/159 466/8/287 323/8/57
f 469/4/294 470/3/295 471/5/294
f 470/3/295 472/6/296 473/11/296
f 474/9/297 475/8/298 476/8/299
f 474/9/297 477/8/300 478/9/301
f 479/8/302 480/9/303 481/8/304
f 482/9/305 483/8/306 484/9/307
f 485/8/308 486/9/309 487/9/310
f 485/8/308 488/9/311 489/8/312
f 489/8/312 490/9/313 491/8/302
f 491/8/302 492/9/314 479/8/302
f 478/9/301 493/8/315 494/9/316
f 494/9/316 495/8/317 496/9/318
f 496/9/318 481/8/304 480/9/303
f 497/8/319 498/9/320 499/9/321
f 500/8/322 501/9/323 502/9/324
f 503/8/325 502/9/324 504/9/325
f 484/9/307 503/8/325 504/9/325
f 505/8/326 486/9/309 506/8/327
f 507/8/328 508/9/329 505/8/326
f 509/8/330 510/9/331 507/8/328
f 511/8/332 512/9/333 513/9/334
f 514/8/335 513/9/334 498/9/320
f 499/9/321 515/8/336 497/8/319
f 516/10/337 517/3/338 518/5/337
f 519/12/338 520/11/339 517/3/338
f 521/9/340 522/8/341 523/9/342
f 524/8/343 521/9/340 525/9/344
f 526/9/345 527/8/346 528/8/347
f 529/9/348 530/8/349 531/8/350
f 532/8/351 533/9/352 534/8/353
f 535/9/354 532/8/351 536/8/355
f 537/9/356 536/8/355 538/8/357
f 539/9/358 538/8/357 527/8/346
f 540/8/359 525/9/344 541/9/360
f 542/8/361 541/9/360 543/9/362
f 528/8/347 543/9/362 526/9/345
f 544/9/363 545/8/364 546/9/365
f 547/9/366 548/8/367 549/9/368
f 549/9/368 550/8/369 551/9/370
f 552/9/371 550/8/369 530/8/349
f 553/8/372 533/9/352 554/9/373
f 555/8/374 554/9/373 556/9/375
f 531/8/350 556/9/375 529/9/348
f 557/9/376 558/8/377 559/9/378
f 559/9/378 560/8/379 544/9/363
f 561/8/380 546/9/365 545/8/364
f 562/14/381 563/13/382 564/14/383
f 565/10/384 566/5/385 567/5/386
f 568/16/387 569/15/51 570/17/51
f 571/9/388 572/9/389 573/9/390
f 574/8/391 575/8/392 576/8/393
f 574/8/391 577/8/394 578/8/395
f 579/9/396 580/9/397 572/9/389
f 581/9/398 582/9/399 583/9/400
f 584/8/401 585/8/402 586/8/403
f 587/8/404 588/8/405 589/8/406
f 590/8/407 587/8/404 591/8/408
f 592/9/409 593/9/410 594/9/411
f 595/9/412 596/9/413 597/9/414
f 598/8/415 599/8/416 600/8/417
f 601/9/418 597/9/414 602/9/419
f 603/8/420 600/8/417 599/8/416
f 604/8/421 603/8/420 605/8/422
f 606/9/423 602/9/419 607/9/424
f 608/8/425 609/8/426 610/8/427
f 608/8/425 610/8/427 611/8/428
f 612/9/429 607/9/424 582/9/399
f 613/8/430 611/8/428 610/8/427
f 614/8/431 613/8/430 584/8/401
f 615/8/51 578/8/395 577/8/394
f 616/9/432 617/9/433 580/9/434
f 618/8/435 619/8/436 620/8/51
f 618/8/435 620/8/51 621/8/437
f 622/9/438 623/9/439 617/9/433
f 621/8/437 624/8/403 586/8/403
f 621/8/437 586/8/403 585/8/402
f 625/9/440 583/9/400 623/9/439
f 626/8/441 627/8/442 628/8/443
f 629/9/444 630/9/445 631/9/446
f 632/8/447 633/8/448 634/8/449
f 635/9/450 636/9/451 637/9/452
f 638/9/453 637/9/452 639/9/454
f 640/8/455 641/8/456 588/8/405
f 640/8/455 588/8/405 590/8/407
f 642/9/457 639/9/454 593/9/410
f 643/9/458 644/9/459 596/9/413
f 645/8/460 646/8/461 647/8/462
f 648/8/463 645/8/460 598/8/415
f 649/9/464 650/9/465 644/9/459
f 651/8/466 652/8/467 646/8/461
f 651/8/466 646/8/461 648/8/463
f 653/9/468 594/9/411 650/9/465
f 591/8/408 654/8/469 655/8/470
f 591/8/408 655/8/470 651/8/466
f 656/8/471 657/8/472 658/8/473
f 659/9/474 660/8/475 656/8/471
f 661/9/476 659/9/474 662/9/477
f 658/8/473 663/8/478 626/8/441
f 664/9/479 662/9/477 630/9/445
f 665/9/480 631/9/446 636/9/451
f 628/8/443 666/8/481 632/8/447
f 24/1/482 667/18/483 668/18/484
f 564/14/383 669/19/485 562/14/381
f 670/21/486 671/20/487 672/20/488
f 670/21/486 673/20/489 674/20/490
f 670/21/486 675/20/491 676/20/492
f 670/21/486 677/20/493 678/20/494
f 670/21/486 679/20/495 680/20/496
f 670/21/486 681/20/497 682/20/498
f 670/21/486 682/20/498 683/21/499
f 667/18/500 684/22/501 668/18/501
f 685/22/502 686/23/503 684/22/504
f 687/19/505 688/24/506 669/19/506
f 689/24/507 690/25/508 688/24/509
f 683/21/499 691/26/510 670/21/510
f 692/26/511 693/27/512 691/26/513
f 694/2/514 24/1/482 695/1/515
f 25/1/516 696/2/517 697/1/518
f 523/9/519 564/14/383 698/9/520
f 699/29/521 563/13/382 700/28/522
f 564/14/383 699/29/521 698/9/520
f 701/9/523 702/29/524 703/28/525
f 701/9/523 704/13/526 705/14/527
f 704/13/526 562/14/381 705/14/527
f 706/30/528 686/23/503 707/4/529
f 708/31/530 709/25/531 710/10/532
f 566/5/385 709/25/531 711/4/533
f 686/23/503 711/4/533 709/25/531
f 516/10/534 709/25/531 712/31/535
f 686/23/503 518/5/529 707/4/529
f 713/31/536 690/25/508 714/10/537
f 715/30/538 716/23/539 717/4/386
f 567/5/386 716/23/539 565/10/384
f 690/25/508 565/10/384 716/23/539
f 469/4/540 716/23/539 718/30/541
f 690/25/508 471/5/537 714/10/537
f 719/32/542 720/8/543 721/33/544
f 722/34/545 723/20/546 724/35/547
f 725/36/545 723/20/546 726/37/545
f 727/38/547 723/20/546 728/11/547
f 729/39/545 723/20/546 730/40/545
f 731/41/547 723/20/546 732/42/545
f 733/43/545 723/20/546 720/8/543
f 734/6/548 723/20/546 735/44/549
f 720/8/543 520/11/544 721/33/544
f 736/44/550 682/20/498 472/6/551
f 737/43/387 475/8/552 738/42/387
f 739/41/387 475/8/552 740/40/387
f 741/39/387 475/8/552 742/11/387
f 743/45/387 475/8/552 744/46/387
f 568/16/387 475/8/552 745/47/553
f 746/48/554 475/8/552 682/20/498
f 682/20/498 747/32/555 748/33/556
f 682/20/498 473/11/557 472/6/551
f 749/27/558 26/2/559 694/2/514
f 29/2/560 750/27/561 696/2/517
f 751/8/562 720/8/543 522/8/563
f 752/8/564 476/8/565 475/8/552
f 523/9/566 753/9/567 754/9/568
f 523/9/566 573/9/390 521/9/569
f 573/9/390 572/9/389 521/9/569
f 701/9/570 579/9/396 755/9/571
f 756/9/572 571/9/388 757/9/573
f 579/9/396 756/9/572 755/9/571
f 524/8/574 758/8/575 751/8/562
f 574/8/391 477/8/576 476/8/565
f 572/9/389 525/9/577 521/9/569
f 616/9/578 474/9/579 478/9/580
f 583/9/400 539/9/581 526/9/582
f 612/9/429 480/9/583 492/9/584
f 527/8/585 759/8/586 528/8/587
f 585/8/402 479/8/588 481/8/589
f 530/8/590 591/8/408 531/8/591
f 509/8/592 760/8/593 483/8/594
f 594/9/411 552/9/595 529/9/596
f 642/9/457 482/9/597 484/9/598
f 597/9/414 533/9/599 761/9/600
f 486/9/601 595/9/412 487/9/602
f 534/8/603 600/8/417 532/8/604
f 485/8/605 762/8/606 506/8/607
f 602/9/419 761/9/600 535/9/608
f 595/9/412 488/9/609 487/9/602
f 532/8/604 604/8/421 536/8/610
f 609/8/426 485/8/605 489/8/611
f 607/9/424 535/9/608 537/9/612
f 488/9/609 606/9/423 490/9/613
f 536/8/610 763/8/614 538/8/615
f 610/8/427 489/8/611 491/8/616
f 582/9/399 537/9/612 539/9/581
f 490/9/613 612/9/429 492/9/584
f 538/8/615 764/8/617 527/8/585
f 613/8/430 491/8/616 479/8/588
f 540/8/618 765/8/619 524/8/574
f 578/8/395 493/8/620 477/8/576
f 580/9/434 541/9/621 525/9/622
f 622/9/438 478/9/623 494/9/624
f 542/8/625 766/8/626 540/8/618
f 618/8/435 495/8/627 493/8/620
f 617/9/433 543/9/628 541/9/621
f 625/9/440 494/9/624 496/9/629
f 528/8/587 767/8/630 542/8/625
f 621/8/437 481/8/589 495/8/627
f 623/9/439 526/9/582 543/9/628
f 480/9/583 625/9/440 496/9/629
f 560/8/631 628/8/443 545/8/632
f 627/8/442 514/8/633 497/8/634
f 631/9/446 544/9/635 546/9/636
f 498/9/637 629/9/444 499/9/638
f 561/8/639 634/8/449 548/8/640
f 633/8/448 515/8/641 500/8/642
f 637/9/452 547/9/643 549/9/644
f 501/9/645 635/9/450 502/9/646
f 548/8/640 640/8/455 550/8/647
f 503/8/648 633/8/448 500/8/642
f 639/9/454 549/9/644 551/9/649
f 635/9/450 504/9/650 502/9/646
f 550/8/647 590/8/407 530/8/590
f 760/8/593 503/8/648 483/8/594
f 593/9/410 551/9/649 552/9/595
f 504/9/650 642/9/457 484/9/598
f 596/9/413 554/9/651 533/9/599
f 649/9/464 486/9/601 508/9/652
f 553/8/653 598/8/415 534/8/603
f 762/8/606 505/8/654 506/8/607
f 644/9/459 556/9/655 554/9/651
f 653/9/468 508/9/652 510/9/656
f 555/8/657 648/8/463 553/8/653
f 768/8/658 507/8/659 505/8/654
f 650/9/465 529/9/596 556/9/655
f 482/9/597 653/9/468 510/9/656
f 531/8/591 651/8/466 555/8/657
f 507/8/659 769/8/660 509/8/592
f 770/8/661 658/8/473 558/8/662
f 511/8/663 660/8/475 771/8/664
f 557/9/665 656/8/471 770/8/661
f 660/8/475 512/9/666 771/8/664
f 662/9/477 557/9/665 559/9/667
f 772/9/668 513/9/669 512/9/666
f 558/8/662 626/8/441 560/8/631
f 514/8/633 657/8/472 511/8/663
f 630/9/445 559/9/667 544/9/635
f 661/9/476 498/9/637 513/9/669
f 636/9/451 546/9/636 547/9/643
f 499/9/638 665/9/480 501/9/645
f 545/8/632 632/8/447 561/8/639
f 515/8/641 627/8/442 497/8/634
f 695/1/515 668/18/484 773/18/670
f 667/18/483 697/1/518 774/18/671
f 705/14/527 669/19/485 775/19/672
f 687/19/673 776/14/674 777/19/675
f 670/21/486 778/21/676 723/20/546
f 736/44/677 683/21/499 779/20/678
f 773/18/679 684/22/501 780/22/680
f 685/22/500 774/18/681 781/22/682
f 780/22/683 686/23/503 706/30/528
f 716/23/539 685/22/502 781/22/684
f 669/19/506 782/24/685 775/19/685
f 689/24/686 777/19/687 783/24/687
f 688/24/509 784/25/688 782/24/689
f 709/25/531 689/24/507 783/24/690
f 778/21/691 691/26/510 785/26/691
f 785/26/692 693/27/512 749/27/558
f 786/27/693 787/26/694 750/27/561
f 755/9/695 788/9/696 702/29/697
f 698/9/698 789/9/699 753/9/700
f 704/13/701 790/49/702 563/13/703
f 755/9/695 756/9/704 791/9/705
f 791/9/705 757/9/706 792/9/707
f 757/9/706 793/50/708 792/9/707
f 755/9/695 791/9/705 788/9/696
f 788/9/696 792/9/707 794/9/709
f 794/9/709 793/50/708 795/49/710
f 788/9/696 703/28/711 702/29/697
f 703/28/711 795/49/710 704/13/712
f 698/9/698 699/29/713 796/9/714
f 796/9/714 700/28/715 797/9/716
f 700/28/715 790/49/717 797/9/716
f 698/9/698 796/9/714 789/9/699
f 789/9/699 797/9/716 798/9/718
f 798/9/718 790/49/717 799/50/719
f 789/9/699 754/9/720 753/9/700
f 754/9/720 799/50/719 573/9/721
f 795/49/722 799/50/723 790/49/702
f 793/50/724 573/9/725 799/50/723
f 800/51/726 674/20/490 673/20/489
f 740/40/387 801/52/51 739/41/387
f 802/52/51 730/40/545 731/41/547
f 803/53/51 804/8/727 805/54/51
f 806/8/728 807/53/51 808/54/51
f 809/55/729 679/20/495 810/51/730
f 811/17/51 724/35/547 725/36/545
f 723/20/546 812/56/731 813/20/732
f 723/20/546 813/20/732 670/21/486
f 812/56/731 814/57/733 813/20/732
f 814/57/733 671/20/487 813/20/732
f 814/57/733 672/20/488 671/20/487
f 815/55/734 673/20/489 672/20/488
f 676/20/492 816/58/735 817/59/736
f 675/20/491 818/60/737 816/58/735
f 819/58/738 676/20/492 817/59/736
f 820/60/739 677/20/493 819/58/738
f 810/51/730 678/20/494 820/60/739
f 681/20/497 821/61/740 682/20/498
f 680/20/496 822/57/741 681/20/497
f 742/11/387 823/62/51 824/11/51
f 743/45/387 825/63/51 823/62/51
f 744/46/387 570/17/51 825/63/51
f 821/61/740 746/48/554 682/20/498
f 826/64/742 745/47/553 746/48/554
f 737/43/387 827/65/51 752/8/564
f 738/42/387 828/66/51 737/43/387
f 739/41/387 829/67/51 738/42/387
f 830/68/51 742/11/387 824/11/51
f 831/69/51 741/39/387 830/68/51
f 832/8/743 833/70/51 834/71/51
f 835/8/744 836/72/51 833/70/51
f 837/8/745 808/54/51 836/72/51
f 827/65/51 838/8/728 752/8/564
f 839/73/51 840/8/746 838/8/728
f 841/70/51 832/8/743 834/71/51
f 842/72/51 843/8/747 841/70/51
f 805/54/51 844/8/748 842/72/51
f 845/8/728 846/65/51 720/8/543
f 847/8/749 848/73/51 845/8/728
f 846/65/51 733/43/545 720/8/543
f 849/66/51 732/42/545 733/43/545
f 850/67/51 731/41/547 732/42/545
f 728/11/547 851/68/51 852/11/51
f 729/39/545 853/69/51 851/68/51
f 852/11/51 727/38/547 728/11/547
f 854/62/51 726/37/545 727/38/547
f 855/63/51 725/36/545 726/37/545
f 812/56/731 722/34/545 856/61/750
f 722/34/545 857/64/51 856/61/750
f 722/34/545 858/15/51 857/64/51
f 713/31/751 782/24/752 784/25/753
f 775/19/754 859/74/755 701/9/756
f 775/19/754 701/9/756 705/14/757
f 713/31/751 860/12/295 859/74/755
f 714/10/294 470/3/295 860/12/295
f 861/75/758 697/1/759 696/2/760
f 774/18/761 718/30/762 716/23/763
f 774/18/761 716/23/763 781/22/764
f 862/7/295 718/30/762 861/75/758
f 701/9/756 747/32/765 475/8/298
f 859/74/755 748/33/296 747/32/765
f 860/12/295 473/11/296 748/33/296
f 736/44/677 696/2/760 787/26/766
f 787/26/766 696/2/760 750/27/767
f 736/44/677 862/7/295 861/75/758
f 706/30/528 694/2/768 773/18/769
f 773/18/769 694/2/768 695/1/770
f 706/30/528 863/7/338 864/75/771
f 707/4/337 517/3/338 863/7/338
f 865/74/772 776/14/773 523/9/342
f 777/19/774 712/31/775 709/25/776
f 777/19/774 709/25/776 783/24/777
f 519/12/338 712/31/775 865/74/772
f 864/75/771 749/27/778 694/2/768
f 785/26/779 735/44/780 723/20/781
f 785/26/779 723/20/781 778/21/782
f 863/7/338 735/44/780 864/75/771
f 517/3/338 734/6/339 863/7/338
f 522/8/341 865/74/772 523/9/342
f 721/33/339 865/74/772 719/32/783
f 715/30/538 686/23/503 866/23/784
f 717/4/386 867/30/785 715/30/538
f 567/5/386 711/4/533 717/4/386
f 708/31/530 690/25/508 868/25/786
f 710/10/532 869/31/787 708/31/530
f 870/8/788 871/8/789 762/8/606
f 871/8/789 872/8/790 762/8/606
f 768/8/658 872/8/790 873/8/791
f 873/8/791 874/8/792 768/8/658
f 875/8/793 609/8/426 876/8/422
f 877/8/794 874/8/792 878/8/795
f 769/8/660 878/8/795 879/8/796
f 879/8/796 880/8/797 769/8/660
f 760/8/593 880/8/797 881/8/798
f 881/8/798 882/8/799 760/8/593
f 883/8/800 882/8/799 884/8/801
f 884/8/801 885/8/802 883/8/800
f 886/8/803 634/8/449 887/8/804
f 633/8/448 885/8/802 888/8/805
f 633/8/448 889/8/806 634/8/449
f 634/8/449 889/8/806 887/8/804
f 604/8/421 890/8/807 763/8/614
f 890/8/807 891/8/394 763/8/614
f 764/8/617 891/8/394 892/8/808
f 759/8/586 892/8/808 893/8/809
f 893/8/809 894/8/810 759/8/586
f 767/8/630 894/8/810 895/8/811
f 766/8/626 895/8/811 896/8/808
f 896/8/808 897/8/436 766/8/626
f 765/8/619 897/8/436 898/8/51
f 898/8/51 899/8/394 765/8/619
f 758/8/575 899/8/394 900/8/392
f 900/8/392 901/8/812 758/8/575
f 758/8/575 902/8/813 903/8/814
f 845/8/728 904/8/815 574/8/391
f 574/8/391 838/8/728 806/8/728
f 838/8/728 840/8/746 806/8/728
f 806/8/728 835/8/744 843/8/747
f 835/8/744 832/8/743 843/8/747
f 843/8/747 804/8/727 845/8/728
f 804/8/727 847/8/749 845/8/728
f 574/8/391 843/8/747 845/8/728
f 903/8/814 845/8/728 720/8/543
f 758/8/575 903/8/814 720/8/543
f 569/15/816 131/17/817 570/17/817
f 575/8/818 467/8/819 135/8/820
f 575/8/818 137/8/821 576/8/822
f 577/8/823 137/8/821 138/8/824
f 584/8/825 147/8/826 146/8/827
f 588/8/828 148/8/829 589/8/830
f 587/8/831 148/8/832 150/8/833
f 645/8/834 158/8/835 599/8/836
f 603/8/837 158/8/835 163/8/838
f 603/8/837 165/8/839 605/8/840
f 608/8/841 442/8/39 876/8/39
f 608/8/841 171/8/842 169/8/843
f 614/8/844 171/8/842 611/8/845
f 584/8/825 174/8/846 614/8/844
f 615/8/847 138/8/824 175/8/848
f 619/8/849 175/8/848 179/8/850
f 619/8/849 180/8/851 620/8/852
f 624/8/853 180/8/851 184/8/854
f 624/8/853 147/8/826 586/8/855
f 886/8/856 200/8/857 641/8/858
f 588/8/828 200/8/857 202/8/859
f 646/8/860 206/8/861 647/8/862
f 645/8/863 206/8/864 208/8/865
f 655/8/866 211/8/867 652/8/868
f 646/8/860 211/8/867 213/8/869
f 587/8/831 215/8/870 654/8/871
f 655/8/866 215/8/870 216/8/872
f 786/27/873 253/27/873 693/27/873
f 26/2/874 253/27/875 13/2/876
f 29/2/877 359/27/878 786/27/879
f 818/60/880 372/51/881 391/60/880
f 831/69/882 373/52/883 801/52/883
f 802/52/884 425/69/885 853/69/885
f 805/54/886 376/53/887 803/53/887
f 807/53/888 380/54/889 808/54/889
f 810/51/890 381/55/891 809/55/891
f 811/17/892 384/15/893 858/15/893
f 856/61/894 387/57/895 814/57/895
f 814/57/895 388/55/896 815/55/896
f 815/55/896 372/51/881 800/51/897
f 816/58/898 390/59/35 817/59/35
f 816/58/898 391/60/880 389/58/899
f 817/59/35 392/58/900 819/58/901
f 819/58/901 393/60/902 820/60/903
f 820/60/903 382/51/890 810/51/890
f 822/57/904 394/61/905 821/61/905
f 809/55/891 395/57/904 822/57/904
f 823/62/906 403/11/39 824/11/39
f 825/63/907 396/62/906 823/62/906
f 570/17/817 397/63/907 825/63/907
f 821/61/905 398/64/908 826/64/908
f 826/64/908 129/15/816 569/15/816
f 828/66/909 399/65/910 827/65/910
f 829/67/911 400/66/909 828/66/909
f 801/52/883 401/67/912 829/67/911
f 824/11/39 402/68/913 830/68/913
f 830/68/913 404/69/914 831/69/882
f 833/70/915 407/71/48 834/71/48
f 836/72/916 405/70/915 833/70/915
f 808/54/889 408/72/916 836/72/916
f 827/65/910 413/73/917 839/73/917
f 839/73/917 378/53/888 807/53/888
f 834/71/48 414/70/918 841/70/918
f 841/70/918 416/72/919 842/72/919
f 842/72/919 377/54/886 805/54/886
f 848/73/920 418/65/921 846/65/921
f 803/53/887 420/73/920 848/73/920
f 846/65/921 422/66/922 849/66/922
f 849/66/922 423/67/923 850/67/923
f 850/67/923 374/52/884 802/52/884
f 851/68/924 426/11/36 852/11/36
f 853/69/885 424/68/924 851/68/924
f 852/11/36 427/62/925 854/62/925
f 854/62/925 428/63/926 855/63/926
f 855/63/926 383/17/892 811/17/892
f 857/64/927 429/61/894 856/61/894
f 858/15/893 430/64/927 857/64/927
f 26/2/928 16/2/929 29/2/929
f 871/8/930 441/8/39 437/8/931
f 872/8/932 437/8/931 438/8/933
f 872/8/932 440/8/934 873/8/935
f 874/8/936 440/8/934 439/8/937
f 876/8/39 441/8/39 875/8/39
f 878/8/938 439/8/937 443/8/939
f 878/8/938 445/8/940 879/8/941
f 880/8/942 445/8/940 444/8/943
f 880/8/942 447/8/944 881/8/945
f 882/8/946 447/8/944 446/8/947
f 882/8/946 449/8/948 884/8/949
f 885/8/950 449/8/948 448/8/951
f 885/8/950 905/8/952 888/8/953
f 888/8/953 452/8/954 889/8/955
f 887/8/956 452/8/954 451/8/957
f 886/8/856 451/8/957 450/8/958
f 605/8/840 453/8/959 890/8/960
f 890/8/960 454/8/961 891/8/962
f 892/8/963 454/8/961 455/8/964
f 892/8/963 457/8/965 893/8/966
f 893/8/966 456/8/967 894/8/968
f 894/8/968 458/8/969 895/8/970
f 895/8/970 460/8/971 896/8/972
f 897/8/973 460/8/971 459/8/974
f 897/8/973 462/8/975 898/8/976
f 898/8/976 461/8/977 899/8/978
f 900/8/979 461/8/977 464/8/980
f 900/8/979 463/8/981 901/8/982
f 901/8/982 465/8/983 902/8/984
f 902/8/984 466/8/985 903/8/985
f 906/8/986 467/8/819 904/8/987
f 906/8/986 466/8/985 468/8/988
f 32/3/36 36/7/36 33/4/36
f 32/3/36 313/11/36 35/6/36
f 37/8/36 300/8/36 38/9/36
f 40/9/36 333/8/36 37/8/36
f 41/9/36 54/9/36 42/8/36
f 44/9/36 67/9/36 45/8/36
f 47/8/36 327/9/36 48/9/36
f 50/9/36 327/9/36 47/8/36
f 52/9/36 50/9/36 51/8/36
f 54/9/36 52/9/36 53/8/36
f 55/8/36 333/8/36 40/9/36
f 57/8/36 55/8/36 56/9/36
f 43/8/36 57/8/36 58/9/36
f 59/9/36 75/8/36 60/8/36
f 62/9/36 76/8/36 63/8/36
f 64/9/36 63/8/36 65/8/36
f 67/9/36 66/9/36 65/8/36
f 68/8/36 49/8/36 48/9/36
f 70/8/36 68/8/36 69/9/36
f 70/8/36 71/9/36 44/9/36
f 74/9/36 73/8/38 75/8/36
f 76/8/36 62/9/36 61/9/36
f 77/3/39 81/12/39 78/10/39
f 80/11/39 284/33/39 81/12/39
f 82/9/40 316/8/265 83/8/41
f 85/9/43 84/9/42 83/8/41
f 87/8/43 100/9/43 88/9/45
f 90/9/43 117/8/45 91/8/43
f 93/8/43 114/8/43 94/9/45
f 93/8/43 95/9/45 96/9/43
f 97/8/43 96/9/43 98/9/43
f 99/8/43 98/9/43 100/9/43
f 85/9/43 86/8/44 101/8/44
f 102/9/43 101/8/44 103/8/45
f 104/9/43 103/8/45 89/8/45
f 105/8/45 121/8/46 106/9/46
f 108/8/43 122/8/44 109/9/45
f 111/8/43 108/8/43 110/9/44
f 92/9/43 91/8/43 111/8/43
f 113/8/43 116/9/43 94/9/45
f 115/8/45 339/9/43 116/9/43
f 90/9/43 339/9/43 115/8/45
f 118/8/44 341/8/989 119/9/47
f 121/8/46 118/8/44 120/9/45
f 107/9/45 109/9/45 122/8/44
f 9/1/48 10/1/48 14/2/48
f 123/13/35 266/13/35 124/14/49
f 126/5/51 271/10/51 127/10/51
f 129/15/52 309/47/52 130/16/52
f 132/9/53 141/9/53 133/9/54
f 135/8/56 467/8/288 136/8/57
f 138/8/59 137/8/58 136/8/57
f 140/9/61 178/9/61 141/9/53
f 142/9/62 172/9/86 143/9/63
f 145/8/65 173/8/87 146/8/66
f 148/8/68 202/8/113 149/8/69
f 152/9/72 203/9/114 153/9/73
f 155/9/75 205/9/116 156/9/76
f 158/8/77 208/8/119 159/8/78
f 157/9/76 156/9/76 161/9/80
f 163/8/65 158/8/77 160/8/79
f 162/9/81 161/9/80 166/9/83
f 168/8/82 442/8/271 169/8/65
f 167/9/84 166/9/83 172/9/86
f 173/8/87 170/8/60 171/8/85
f 175/8/52 138/8/59 139/8/60
f 177/9/90 183/9/95 178/9/91
f 179/8/89 175/8/52 176/8/89
f 182/9/94 185/9/96 183/9/95
f 184/8/67 180/8/52 181/8/93
f 144/9/64 143/9/63 185/9/96
f 186/8/97 227/8/138 187/8/98
f 189/9/100 225/9/136 190/9/101
f 192/8/103 336/8/199 193/8/104
f 195/9/106 226/9/137 196/9/107
f 197/9/108 196/9/107 198/9/109
f 200/8/111 450/8/279 201/8/112
f 199/9/110 198/9/109 203/9/114
f 204/9/115 210/9/121 205/9/116
f 206/8/117 213/8/124 207/8/118
f 209/9/120 214/9/125 210/9/121
f 211/8/122 216/8/127 212/8/123
f 154/9/74 153/9/73 214/9/125
f 215/8/126 150/8/70 151/8/71
f 217/8/128 224/8/135 218/8/129
f 220/9/131 217/8/128 219/8/130
f 220/9/131 221/9/132 222/9/133
f 224/8/135 186/8/97 188/8/99
f 223/9/134 222/9/133 225/9/136
f 191/9/102 190/9/101 226/9/137
f 227/8/138 192/8/103 194/8/105
f 228/18/139 245/18/139 11/1/140
f 229/19/141 249/19/141 125/14/50
f 230/20/142 386/20/145 231/21/143
f 233/20/145 232/20/144 231/21/143
f 235/20/145 234/20/145 231/21/143
f 237/20/145 236/20/146 231/21/143
f 239/20/146 238/20/147 231/21/143
f 241/20/145 240/20/146 231/21/143
f 244/22/148 247/22/148 245/18/148
f 246/23/149 352/23/224 247/22/150
f 248/24/151 251/24/151 249/19/151
f 250/25/152 356/25/228 251/24/153
f 252/26/154 254/26/154 243/21/154
f 253/27/155 359/27/155 254/26/156
f 255/1/157 12/1/140 13/2/48
f 257/2/48 16/2/48 11/1/140
f 259/9/35 125/14/50 260/14/49
f 261/28/35 123/13/35 125/14/50
f 263/29/35 320/9/35 38/9/35
f 265/14/49 266/13/35 264/28/35
f 246/23/149 351/23/222 267/30/51
f 269/25/152 356/25/228 270/31/51
f 269/25/152 271/10/51 126/5/51
f 269/25/152 272/4/51 273/30/51
f 274/31/51 269/25/152 246/23/149
f 79/5/51 78/10/51 246/23/149
f 250/25/152 355/25/227 275/31/51
f 277/23/158 352/23/224 278/30/51
f 277/23/158 279/4/51 128/5/51
f 277/23/158 127/10/51 280/31/51
f 281/30/51 277/23/158 250/25/152
f 34/5/51 33/4/51 250/25/152
f 282/8/159 316/8/162 283/32/52
f 285/20/145 907/76/52 286/34/52
f 285/20/145 287/35/52 288/36/52
f 285/20/145 289/37/52 290/38/52
f 285/20/145 291/11/52 292/39/52
f 285/20/145 293/40/52 294/41/52
f 285/20/145 295/42/52 296/43/52
f 297/44/52 285/20/145 282/8/159
f 80/11/52 298/6/52 282/8/159
f 242/20/145 347/20/142 299/44/52
f 300/8/159 317/8/159 301/43/52
f 300/8/159 302/42/52 303/41/52
f 300/8/159 304/40/52 305/39/52
f 300/8/159 306/11/52 307/45/52
f 300/8/159 308/46/52 130/16/52
f 300/8/159 309/47/52 310/48/52
f 311/32/52 300/8/159 242/20/145
f 313/11/52 312/33/52 242/20/145
f 256/2/48 13/2/48 253/27/155
f 315/27/160 359/27/155 16/2/48
f 282/8/159 323/8/57 83/8/161
f 300/8/159 37/8/57 136/8/57
f 318/9/163 259/9/163 82/9/164
f 134/9/55 319/9/165 82/9/164
f 320/9/54 141/9/53 39/9/53
f 321/9/168 133/9/54 141/9/53
f 323/8/57 332/8/60 86/8/60
f 37/8/57 333/8/60 139/8/60
f 85/9/61 140/9/61 132/9/53
f 39/9/53 141/9/53 178/9/61
f 100/9/169 142/9/62 144/9/64
f 41/9/171 143/9/63 172/9/86
f 324/8/65 331/8/87 87/8/85
f 43/8/65 42/8/87 173/8/87
f 151/8/71 149/8/69 91/8/173
f 46/8/175 45/8/176 325/8/176
f 92/9/177 152/9/72 154/9/74
f 44/9/179 153/9/73 203/9/114
f 94/9/180 155/9/75 157/9/76
f 327/9/76 156/9/76 205/9/116
f 160/8/79 159/8/78 114/8/182
f 47/8/184 49/8/185 328/8/185
f 95/9/181 157/9/76 162/9/81
f 50/9/80 161/9/80 156/9/76
f 164/8/82 160/8/79 93/8/183
f 51/8/82 47/8/184 329/8/184
f 96/9/186 162/9/81 167/9/84
f 52/9/83 166/9/83 161/9/80
f 330/8/60 164/8/82 97/8/82
f 53/8/60 51/8/82 168/8/82
f 98/9/187 167/9/84 142/9/62
f 54/9/86 172/9/86 166/9/83
f 331/8/87 330/8/60 99/8/85
f 42/8/87 53/8/60 170/8/60
f 332/8/60 334/8/89 101/8/89
f 333/8/60 55/8/89 176/8/89
f 102/9/188 177/9/90 140/9/92
f 40/9/190 178/9/91 183/9/95
f 334/8/89 335/8/93 103/8/93
f 55/8/89 57/8/93 181/8/93
f 104/9/192 182/9/94 177/9/90
f 56/9/191 183/9/95 185/9/96
f 335/8/93 324/8/65 89/8/172
f 57/8/93 43/8/65 145/8/65
f 88/9/170 144/9/64 182/9/94
f 58/9/193 185/9/96 143/9/63
f 227/8/138 186/8/97 121/8/194
f 60/8/98 75/8/219 188/8/99
f 106/9/196 189/9/100 191/9/102
f 61/9/198 190/9/101 225/9/136
f 336/8/199 192/8/103 122/8/200
f 63/8/104 76/8/220 194/8/105
f 109/9/202 195/9/106 197/9/108
f 64/9/107 196/9/107 226/9/137
f 201/8/112 336/8/199 108/8/201
f 65/8/205 63/8/104 193/8/104
f 110/9/203 197/9/108 199/9/110
f 66/9/109 198/9/109 196/9/107
f 149/8/69 201/8/112 111/8/204
f 45/8/176 65/8/205 337/8/206
f 112/9/207 199/9/110 152/9/72
f 67/9/114 203/9/114 198/9/109
f 116/9/208 204/9/115 155/9/75
f 48/9/116 205/9/116 210/9/121
f 159/8/78 207/8/118 113/8/209
f 49/8/185 68/8/210 338/8/210
f 339/9/211 209/9/120 204/9/115
f 69/9/121 210/9/121 214/9/125
f 207/8/118 212/8/123 115/8/212
f 68/8/210 70/8/213 340/8/213
f 90/9/178 154/9/74 209/9/120
f 71/9/125 214/9/125 153/9/73
f 212/8/123 151/8/71 117/8/174
f 70/8/213 46/8/175 326/8/175
f 224/8/135 217/8/128 341/8/214
f 119/9/216 341/8/214 217/8/128
f 119/9/216 220/9/131 223/9/134
f 74/9/218 222/9/133 221/9/132
f 186/8/97 224/8/135 118/8/215
f 75/8/219 73/8/38 218/8/129
f 120/9/217 223/9/134 189/9/100
f 59/9/136 225/9/136 222/9/133
f 107/9/197 191/9/102 195/9/106
f 62/9/137 226/9/137 190/9/101
f 192/8/103 227/8/138 105/8/195
f 76/8/220 60/8/98 187/8/98
f 342/18/139 228/18/139 12/1/140
f 258/1/157 11/1/140 245/18/139
f 344/19/141 229/19/141 124/14/49
f 260/14/49 125/14/50 249/19/141
f 347/20/142 242/20/145 243/21/143
f 349/22/148 244/22/148 228/18/148
f 343/18/148 245/18/148 247/22/148
f 351/23/222 246/23/149 244/22/150
f 350/22/150 247/22/150 352/23/224
f 353/24/151 248/24/151 229/19/151
f 345/19/226 249/19/151 251/24/151
f 355/25/227 250/25/152 248/24/153
f 354/24/153 251/24/153 356/25/228
f 357/26/154 252/26/154 231/21/154
f 348/21/154 243/21/154 254/26/154
f 314/27/160 253/27/155 252/26/156
f 358/26/156 254/26/156 359/27/155
f 362/49/236 367/49/253 266/13/237
f 364/9/241 321/9/243 322/9/240
f 365/50/242 133/9/990 321/9/243
f 360/9/231 366/9/244 364/9/241
f 366/9/244 367/49/232 365/50/242
f 263/29/230 264/28/231 366/9/244
f 264/28/231 266/13/991 367/49/232
f 369/9/247 261/28/249 262/29/246
f 362/49/248 123/13/992 261/28/249
f 361/9/234 370/9/250 369/9/247
f 370/9/250 371/50/252 362/49/248
f 318/9/233 319/9/251 370/9/250
f 319/9/251 134/9/251 371/50/252
f 371/50/236 365/50/255 367/49/253
f 134/9/254 133/9/993 365/50/255
f 234/20/145 391/60/52 372/51/52
f 373/52/52 404/69/52 304/40/52
f 293/40/52 425/69/52 374/52/52
f 375/8/256 421/8/263 376/53/52
f 378/53/52 412/8/260 379/8/159
f 239/20/146 240/20/146 381/55/52
f 383/17/52 288/36/52 287/35/52
f 385/56/52 907/76/52 285/20/145
f 387/57/52 429/61/52 385/56/52
f 232/20/144 388/55/52 387/57/52
f 233/20/145 372/51/52 388/55/52
f 389/58/52 235/20/145 236/20/146
f 391/60/52 234/20/145 235/20/145
f 236/20/146 237/20/145 392/58/52
f 237/20/145 238/20/147 393/60/52
f 238/20/147 239/20/146 382/51/52
f 394/61/52 395/57/52 241/20/145
f 395/57/52 381/55/52 240/20/146
f 306/11/52 403/11/52 396/62/52
f 397/63/52 308/46/52 307/45/52
f 131/17/52 130/16/52 308/46/52
f 310/48/52 398/64/52 394/61/52
f 309/47/52 129/15/52 398/64/52
f 399/65/52 400/66/52 301/43/52
f 400/66/52 401/67/52 302/42/52
f 401/67/52 373/52/52 303/41/52
f 306/11/52 305/39/52 402/68/52
f 305/39/52 304/40/52 404/69/52
f 405/70/52 409/8/258 406/8/257
f 408/72/52 410/8/259 409/8/258
f 380/54/52 379/8/159 410/8/259
f 411/8/159 413/73/52 399/65/52
f 412/8/260 378/53/52 413/73/52
f 406/8/257 415/8/261 414/70/52
f 415/8/261 417/8/262 416/72/52
f 417/8/262 375/8/256 377/54/52
f 418/65/52 420/73/52 419/8/159
f 420/73/52 376/53/52 421/8/263
f 296/43/52 422/66/52 418/65/52
f 295/42/52 423/67/52 422/66/52
f 294/41/52 374/52/52 423/67/52
f 291/11/52 426/11/52 424/68/52
f 425/69/52 293/40/52 292/39/52
f 426/11/52 291/11/52 290/38/52
f 427/62/52 290/38/52 289/37/52
f 428/63/52 289/37/52 288/36/52
f 286/34/52 907/76/52 385/56/52
f 286/34/52 430/64/52 384/15/52
f 355/25/36 353/24/36 344/19/36
f 344/19/36 38/9/36 431/74/36
f 432/12/36 276/10/36 275/31/36
f 32/3/36 34/5/36 276/10/36
f 433/75/36 257/2/36 258/1/36
f 343/18/36 277/23/36 281/30/36
f 281/30/36 33/4/36 36/7/36
f 38/9/36 300/8/36 311/32/36
f 431/74/36 311/32/36 312/33/36
f 432/12/36 312/33/36 313/11/36
f 347/20/36 348/21/36 358/26/36
f 358/26/36 257/2/36 433/75/36
f 299/44/36 433/75/36 36/7/36
f 351/23/39 349/22/39 342/18/39
f 342/18/39 256/2/39 434/75/39
f 435/7/39 268/4/39 267/30/39
f 77/3/39 79/5/39 268/4/39
f 436/74/39 82/9/40 260/14/39
f 345/19/39 269/25/39 274/31/39
f 274/31/39 78/10/39 81/12/39
f 434/75/39 256/2/39 314/27/39
f 357/26/39 285/20/39 297/44/39
f 297/44/39 298/6/39 435/7/39
f 298/6/39 80/11/39 77/3/39
f 82/9/40 436/74/39 283/32/39
f 436/74/39 81/12/39 284/33/39
f 246/23/149 273/30/51 278/30/51
f 273/30/51 272/4/51 279/4/51
f 272/4/51 126/5/51 128/5/51
f 250/25/152 280/31/51 270/31/51
f 280/31/51 127/10/51 271/10/51
f 437/8/266 441/8/270 329/8/184
f 338/8/210 440/8/269 438/8/267
f 168/8/82 329/8/184 441/8/270
f 439/8/268 338/8/210 340/8/213
f 326/8/175 445/8/274 443/8/272
f 325/8/176 447/8/276 444/8/273
f 337/8/206 449/8/278 446/8/275
f 336/8/199 201/8/112 450/8/279
f 193/8/104 905/8/994 448/8/277
f 452/8/281 905/8/994 193/8/104
f 453/8/282 165/8/82 164/8/82
f 454/8/59 330/8/60 331/8/87
f 324/8/65 457/8/283 455/8/56
f 456/8/172 324/8/65 335/8/93
f 334/8/89 460/8/56 458/8/93
f 332/8/60 462/8/52 459/8/89
f 323/8/57 464/8/285 461/8/59
f 465/8/286 463/8/284 323/8/57
f 419/8/159 136/8/57 467/8/288
f 411/8/159 317/8/159 136/8/57
s 0
f 415/8/995 409/8/996 410/8/997
f 419/8/291 375/8/998 417/8/262
s 1
f 136/8/57 419/8/159 415/8/261
f 466/8/287 282/8/159 419/8/159
f 469/4/294 862/7/295 470/3/295
f 470/3/295 862/7/295 472/6/296
f 474/9/297 701/9/756 475/8/298
f 474/9/297 476/8/299 477/8/300
f 479/8/302 492/9/314 480/9/303
f 482/9/305 509/8/330 483/8/306
f 485/8/308 506/8/327 486/9/309
f 485/8/308 487/9/310 488/9/311
f 489/8/312 488/9/311 490/9/313
f 491/8/302 490/9/313 492/9/314
f 478/9/301 477/8/300 493/8/315
f 494/9/316 493/8/315 495/8/317
f 496/9/318 495/8/317 481/8/304
f 497/8/319 514/8/335 498/9/320
f 500/8/322 515/8/336 501/9/323
f 503/8/325 500/8/322 502/9/324
f 484/9/307 483/8/306 503/8/325
f 505/8/326 508/9/329 486/9/309
f 507/8/328 510/9/331 508/9/329
f 509/8/330 482/9/305 510/9/331
f 511/8/332 771/8/999 512/9/333
f 514/8/335 511/8/332 513/9/334
f 499/9/321 501/9/323 515/8/336
f 516/10/337 519/12/338 517/3/338
f 519/12/338 721/33/339 520/11/339
f 521/9/340 751/8/1000 522/8/341
f 524/8/343 751/8/1000 521/9/340
f 526/9/345 539/9/358 527/8/346
f 529/9/348 552/9/371 530/8/349
f 532/8/351 761/9/1001 533/9/352
f 535/9/354 761/9/1001 532/8/351
f 537/9/356 535/9/354 536/8/355
f 539/9/358 537/9/356 538/8/357
f 540/8/359 524/8/343 525/9/344
f 542/8/361 540/8/359 541/9/360
f 528/8/347 542/8/361 543/9/362
f 544/9/363 560/8/379 545/8/364
f 547/9/366 561/8/380 548/8/367
f 549/9/368 548/8/367 550/8/369
f 552/9/371 551/9/370 550/8/369
f 553/8/372 534/8/353 533/9/352
f 555/8/374 553/8/372 554/9/373
f 531/8/350 555/8/374 556/9/375
f 557/9/376 770/8/1002 558/8/377
f 559/9/378 558/8/377 560/8/379
f 561/8/380 547/9/366 546/9/365
f 562/14/381 704/13/526 563/13/382
f 565/10/384 710/10/532 566/5/385
f 568/16/387 745/47/553 569/15/51
f 571/9/388 579/9/396 572/9/389
f 574/8/391 904/8/815 575/8/392
f 574/8/391 576/8/393 577/8/394
f 579/9/396 616/9/578 580/9/397
f 581/9/398 612/9/429 582/9/399
f 584/8/401 613/8/430 585/8/402
f 587/8/404 590/8/407 588/8/405
f 592/9/409 642/9/457 593/9/410
f 595/9/412 643/9/458 596/9/413
f 598/8/415 645/8/460 599/8/416
f 601/9/418 595/9/412 597/9/414
f 603/8/420 604/8/421 600/8/417
f 606/9/423 601/9/418 602/9/419
f 608/8/425 876/8/422 609/8/426
f 612/9/429 606/9/423 607/9/424
f 613/8/430 614/8/431 611/8/428
f 615/8/51 618/8/435 578/8/395
f 616/9/432 622/9/438 617/9/433
f 618/8/435 615/8/51 619/8/436
f 622/9/438 625/9/440 623/9/439
f 621/8/437 620/8/51 624/8/403
f 625/9/440 581/9/398 583/9/400
f 626/8/441 663/8/478 627/8/442
f 629/9/444 664/9/479 630/9/445
f 632/8/447 666/8/481 633/8/448
f 635/9/450 665/9/480 636/9/451
f 638/9/453 635/9/450 637/9/452
f 640/8/455 886/8/803 641/8/456
f 642/9/457 638/9/453 639/9/454
f 643/9/458 649/9/464 644/9/459
f 645/8/460 648/8/463 646/8/461
f 649/9/464 653/9/468 650/9/465
f 651/8/466 655/8/470 652/8/467
f 653/9/468 592/9/409 594/9/411
f 591/8/408 587/8/404 654/8/469
f 656/8/471 660/8/475 657/8/472
f 659/9/474 772/9/668 660/8/475
f 661/9/476 772/9/668 659/9/474
f 658/8/473 657/8/472 663/8/478
f 664/9/479 661/9/476 662/9/477
f 665/9/480 629/9/444 631/9/446
f 628/8/443 627/8/442 666/8/481
f 24/1/482 25/1/516 667/18/483
f 564/14/383 687/19/673 669/19/485
f 670/21/486 813/20/732 671/20/487
f 670/21/486 672/20/488 673/20/489
f 670/21/486 674/20/490 675/20/491
f 670/21/486 676/20/492 677/20/493
f 670/21/486 678/20/494 679/20/495
f 670/21/486 680/20/496 681/20/497
f 667/18/500 685/22/500 684/22/501
f 685/22/502 866/23/784 686/23/503
f 687/19/505 689/24/686 688/24/506
f 689/24/507 868/25/786 690/25/508
f 683/21/499 692/26/1003 691/26/510
f 692/26/511 786/27/693 693/27/512
f 694/2/514 26/2/559 24/1/482
f 25/1/516 29/2/560 696/2/517
f 523/9/519 776/14/674 564/14/383
f 699/29/521 564/14/383 563/13/382
f 701/9/523 755/9/1004 702/29/524
f 701/9/523 703/28/525 704/13/526
f 708/31/530 868/25/786 709/25/531
f 566/5/385 710/10/532 709/25/531
f 686/23/503 867/30/785 711/4/533
f 516/10/534 686/23/503 709/25/531
f 686/23/503 516/10/534 518/5/529
f 713/31/536 784/25/688 690/25/508
f 715/30/538 866/23/784 716/23/539
f 567/5/386 717/4/386 716/23/539
f 690/25/508 869/31/787 565/10/384
f 469/4/540 690/25/508 716/23/539
f 690/25/508 469/4/540 471/5/537
f 719/32/542 522/8/563 720/8/543
f 722/34/545 908/76/1005 723/20/546
f 725/36/545 724/35/547 723/20/546
f 727/38/547 726/37/545 723/20/546
f 729/39/545 728/11/547 723/20/546
f 731/41/547 730/40/545 723/20/546
f 733/43/545 732/42/545 723/20/546
f 734/6/548 720/8/543 723/20/546
f 720/8/543 734/6/548 520/11/544
f 736/44/550 779/20/678 682/20/498
f 737/43/387 752/8/564 475/8/552
f 739/41/387 738/42/387 475/8/552
f 741/39/387 740/40/387 475/8/552
f 743/45/387 742/11/387 475/8/552
f 568/16/387 744/46/387 475/8/552
f 746/48/554 745/47/553 475/8/552
f 682/20/498 475/8/552 747/32/555
f 682/20/498 748/33/556 473/11/557
f 749/27/558 693/27/512 26/2/559
f 29/2/560 786/27/693 750/27/561
f 751/8/562 758/8/575 720/8/543
f 752/8/564 574/8/391 476/8/565
f 523/9/566 698/9/1006 753/9/567
f 523/9/566 754/9/568 573/9/390
f 701/9/570 474/9/579 579/9/396
f 756/9/572 579/9/396 571/9/388
f 524/8/574 765/8/619 758/8/575
f 574/8/391 578/8/395 477/8/576
f 572/9/389 580/9/397 525/9/577
f 616/9/578 579/9/396 474/9/579
f 583/9/400 582/9/399 539/9/581
f 612/9/429 581/9/398 480/9/583
f 527/8/585 764/8/617 759/8/586
f 585/8/402 613/8/430 479/8/588
f 530/8/590 590/8/407 591/8/408
f 509/8/592 769/8/660 760/8/593
f 594/9/411 593/9/410 552/9/595
f 642/9/457 592/9/409 482/9/597
f 597/9/414 596/9/413 533/9/599
f 486/9/601 643/9/458 595/9/412
f 534/8/603 598/8/415 600/8/417
f 485/8/605 870/8/788 762/8/606
f 602/9/419 597/9/414 761/9/600
f 595/9/412 601/9/418 488/9/609
f 532/8/604 600/8/417 604/8/421
f 609/8/426 870/8/788 485/8/605
f 607/9/424 602/9/419 535/9/608
f 488/9/609 601/9/418 606/9/423
f 536/8/610 604/8/421 763/8/614
f 610/8/427 609/8/426 489/8/611
f 582/9/399 607/9/424 537/9/612
f 490/9/613 606/9/423 612/9/429
f 538/8/615 763/8/614 764/8/617
f 613/8/430 610/8/427 491/8/616
f 540/8/618 766/8/626 765/8/619
f 578/8/395 618/8/435 493/8/620
f 580/9/434 617/9/433 541/9/621
f 622/9/438 616/9/432 478/9/623
f 542/8/625 767/8/630 766/8/626
f 618/8/435 621/8/437 495/8/627
f 617/9/433 623/9/439 543/9/628
f 625/9/440 622/9/438 494/9/624
f 528/8/587 759/8/586 767/8/630
f 621/8/437 585/8/402 481/8/589
f 623/9/439 583/9/400 526/9/582
f 480/9/583 581/9/398 625/9/440
f 560/8/631 626/8/441 628/8/443
f 627/8/442 663/8/478 514/8/633
f 631/9/446 630/9/445 544/9/635
f 498/9/637 664/9/479 629/9/444
f 561/8/639 632/8/447 634/8/449
f 633/8/448 666/8/481 515/8/641
f 637/9/452 636/9/451 547/9/643
f 501/9/645 665/9/480 635/9/450
f 548/8/640 634/8/449 640/8/455
f 503/8/648 883/8/800 633/8/448
f 639/9/454 637/9/452 549/9/644
f 635/9/450 638/9/453 504/9/650
f 550/8/647 640/8/455 590/8/407
f 760/8/593 883/8/800 503/8/648
f 593/9/410 639/9/454 551/9/649
f 504/9/650 638/9/453 642/9/457
f 596/9/413 644/9/459 554/9/651
f 649/9/464 643/9/458 486/9/601
f 553/8/653 648/8/463 598/8/415
f 762/8/606 768/8/658 505/8/654
f 644/9/459 650/9/465 556/9/655
f 653/9/468 649/9/464 508/9/652
f 555/8/657 651/8/466 648/8/463
f 768/8/658 877/8/794 507/8/659
f 650/9/465 594/9/411 529/9/596
f 482/9/597 592/9/409 653/9/468
f 531/8/591 591/8/408 651/8/466
f 507/8/659 877/8/794 769/8/660
f 770/8/661 656/8/471 658/8/473
f 511/8/663 657/8/472 660/8/475
f 557/9/665 659/9/474 656/8/471
f 660/8/475 772/9/668 512/9/666
f 662/9/477 659/9/474 557/9/665
f 772/9/668 661/9/476 513/9/669
f 558/8/662 658/8/473 626/8/441
f 514/8/633 663/8/478 657/8/472
f 630/9/445 662/9/477 559/9/667
f 661/9/476 664/9/479 498/9/637
f 636/9/451 631/9/446 546/9/636
f 499/9/638 629/9/444 665/9/480
f 545/8/632 628/8/443 632/8/447
f 515/8/641 666/8/481 627/8/442
f 695/1/515 24/1/482 668/18/484
f 667/18/483 25/1/516 697/1/518
f 705/14/527 562/14/381 669/19/485
f 687/19/673 564/14/383 776/14/674
f 683/21/499 682/20/498 779/20/678
f 773/18/679 668/18/501 684/22/501
f 685/22/500 667/18/500 774/18/681
f 716/23/539 866/23/784 685/22/502
f 669/19/506 688/24/506 782/24/685
f 689/24/686 687/19/505 777/19/687
f 688/24/509 690/25/508 784/25/688
f 709/25/531 868/25/786 689/24/507
f 778/21/691 670/21/510 691/26/510
f 787/26/766 692/26/1003 683/21/499
f 785/26/692 691/26/513 693/27/512
f 786/27/693 692/26/511 787/26/694
f 704/13/701 795/49/722 790/49/702
f 791/9/705 756/9/704 757/9/706
f 757/9/706 571/9/1007 793/50/708
f 788/9/696 791/9/705 792/9/707
f 794/9/709 792/9/707 793/50/708
f 788/9/696 794/9/709 703/28/711
f 703/28/711 794/9/709 795/49/710
f 796/9/714 699/29/713 700/28/715
f 700/28/715 563/13/1008 790/49/717
f 789/9/699 796/9/714 797/9/716
f 798/9/718 797/9/716 790/49/717
f 789/9/699 798/9/718 754/9/720
f 754/9/720 798/9/718 799/50/719
f 795/49/722 793/50/724 799/50/723
f 793/50/724 571/9/1009 573/9/725
f 800/51/726 818/60/737 674/20/490
f 740/40/387 831/69/51 801/52/51
f 802/52/51 853/69/51 730/40/545
f 803/53/51 847/8/749 804/8/727
f 806/8/728 840/8/746 807/53/51
f 809/55/729 680/20/496 679/20/495
f 811/17/51 858/15/51 724/35/547
f 723/20/546 908/76/1005 812/56/731
f 812/56/731 856/61/750 814/57/733
f 814/57/733 815/55/734 672/20/488
f 815/55/734 800/51/726 673/20/489
f 676/20/492 675/20/491 816/58/735
f 675/20/491 674/20/490 818/60/737
f 819/58/738 677/20/493 676/20/492
f 820/60/739 678/20/494 677/20/493
f 810/51/730 679/20/495 678/20/494
f 681/20/497 822/57/741 821/61/740
f 680/20/496 809/55/729 822/57/741
f 742/11/387 743/45/387 823/62/51
f 743/45/387 744/46/387 825/63/51
f 744/46/387 568/16/387 570/17/51
f 821/61/740 826/64/742 746/48/554
f 826/64/742 569/15/51 745/47/553
f 737/43/387 828/66/51 827/65/51
f 738/42/387 829/67/51 828/66/51
f 739/41/387 801/52/51 829/67/51
f 830/68/51 741/39/387 742/11/387
f 831/69/51 740/40/387 741/39/387
f 832/8/743 835/8/744 833/70/51
f 835/8/744 837/8/745 836/72/51
f 837/8/745 806/8/728 808/54/51
f 827/65/51 839/73/51 838/8/728
f 839/73/51 807/53/51 840/8/746
f 841/70/51 843/8/747 832/8/743
f 842/72/51 844/8/748 843/8/747
f 805/54/51 804/8/727 844/8/748
f 845/8/728 848/73/51 846/65/51
f 847/8/749 803/53/51 848/73/51
f 846/65/51 849/66/51 733/43/545
f 849/66/51 850/67/51 732/42/545
f 850/67/51 802/52/51 731/41/547
f 728/11/547 729/39/545 851/68/51
f 729/39/545 730/40/545 853/69/51
f 852/11/51 854/62/51 727/38/547
f 854/62/51 855/63/51 726/37/545
f 855/63/51 811/17/51 725/36/545
f 812/56/731 908/76/1005 722/34/545
f 722/34/545 724/35/547 858/15/51
f 713/31/751 775/19/754 782/24/752
f 775/19/754 713/31/751 859/74/755
f 713/31/751 714/10/294 860/12/295
f 714/10/294 471/5/294 470/3/295
f 861/75/758 774/18/761 697/1/759
f 774/18/761 861/75/758 718/30/762
f 862/7/295 469/4/294 718/30/762
f 701/9/756 859/74/755 747/32/765
f 859/74/755 860/12/295 748/33/296
f 860/12/295 470/3/295 473/11/296
f 736/44/677 861/75/758 696/2/760
f 736/44/677 472/6/296 862/7/295
f 706/30/528 773/18/769 780/22/683
f 706/30/528 864/75/771 694/2/768
f 706/30/528 707/4/337 863/7/338
f 707/4/337 518/5/337 517/3/338
f 865/74/772 777/19/774 776/14/773
f 777/19/774 865/74/772 712/31/775
f 519/12/338 516/10/337 712/31/775
f 864/75/771 785/26/779 749/27/778
f 785/26/779 864/75/771 735/44/780
f 863/7/338 734/6/339 735/44/780
f 517/3/338 520/11/339 734/6/339
f 522/8/341 719/32/783 865/74/772
f 721/33/339 519/12/338 865/74/772
f 715/30/538 867/30/785 686/23/503
f 717/4/386 711/4/533 867/30/785
f 567/5/386 566/5/385 711/4/533
f 708/31/530 869/31/787 690/25/508
f 710/10/532 565/10/384 869/31/787
f 870/8/788 875/8/793 871/8/789
f 768/8/658 762/8/606 872/8/790
f 875/8/793 870/8/788 609/8/426
f 877/8/794 768/8/658 874/8/792
f 769/8/660 877/8/794 878/8/795
f 760/8/593 769/8/660 880/8/797
f 883/8/800 760/8/593 882/8/799
f 886/8/803 640/8/455 634/8/449
f 633/8/448 883/8/800 885/8/802
f 633/8/448 888/8/805 889/8/806
f 604/8/421 605/8/422 890/8/807
f 764/8/617 763/8/614 891/8/394
f 759/8/586 764/8/617 892/8/808
f 767/8/630 759/8/586 894/8/810
f 766/8/626 767/8/630 895/8/811
f 765/8/619 766/8/626 897/8/436
f 758/8/575 765/8/619 899/8/394
f 758/8/575 901/8/812 902/8/813
f 845/8/728 906/8/1010 904/8/815
f 574/8/391 752/8/564 838/8/728
f 806/8/728 837/8/745 835/8/744
f 843/8/747 844/8/748 804/8/727
f 574/8/391 806/8/728 843/8/747
f 903/8/814 906/8/1010 845/8/728
f 569/15/816 129/15/816 131/17/817
f 575/8/818 904/8/987 467/8/819
f 575/8/818 135/8/820 137/8/821
f 577/8/823 576/8/822 137/8/821
f 584/8/825 586/8/855 147/8/826
f 588/8/828 202/8/859 148/8/829
f 587/8/831 589/8/1011 148/8/832
f 645/8/834 208/8/1012 158/8/835
f 603/8/837 599/8/836 158/8/835
f 603/8/837 163/8/838 165/8/839
f 608/8/841 169/8/843 442/8/39
f 608/8/841 611/8/845 171/8/842
f 614/8/844 174/8/846 171/8/842
f 584/8/825 146/8/827 174/8/846
f 615/8/847 577/8/823 138/8/824
f 619/8/849 615/8/847 175/8/848
f 619/8/849 179/8/850 180/8/851
f 624/8/853 620/8/852 180/8/851
f 624/8/853 184/8/854 147/8/826
f 886/8/856 450/8/958 200/8/857
f 588/8/828 641/8/858 200/8/857
f 646/8/860 213/8/869 206/8/861
f 645/8/863 647/8/1013 206/8/864
f 655/8/866 216/8/872 211/8/867
f 646/8/860 652/8/868 211/8/867
f 587/8/831 150/8/833 215/8/870
f 655/8/866 654/8/871 215/8/870
f 786/27/873 359/27/873 253/27/873
f 26/2/874 693/27/1014 253/27/875
f 29/2/877 16/2/1015 359/27/878
f 818/60/880 800/51/897 372/51/881
f 831/69/882 404/69/914 373/52/883
f 802/52/884 374/52/884 425/69/885
f 805/54/886 377/54/886 376/53/887
f 807/53/888 378/53/888 380/54/889
f 810/51/890 382/51/890 381/55/891
f 811/17/892 383/17/892 384/15/893
f 856/61/894 429/61/894 387/57/895
f 814/57/895 387/57/895 388/55/896
f 815/55/896 388/55/896 372/51/881
f 816/58/898 389/58/899 390/59/35
f 816/58/898 818/60/880 391/60/880
f 817/59/35 390/59/35 392/58/900
f 819/58/901 392/58/900 393/60/902
f 820/60/903 393/60/902 382/51/890
f 822/57/904 395/57/904 394/61/905
f 809/55/891 381/55/891 395/57/904
f 823/62/906 396/62/906 403/11/39
f 825/63/907 397/63/907 396/62/906
f 570/17/817 131/17/817 397/63/907
f 821/61/905 394/61/905 398/64/908
f 826/64/908 398/64/908 129/15/816
f 828/66/909 400/66/909 399/65/910
f 829/67/911 401/67/912 400/66/909
f 801/52/883 373/52/883 401/67/912
f 824/11/39 403/11/39 402/68/913
f 830/68/913 402/68/913 404/69/914
f 833/70/915 405/70/915 407/71/48
f 836/72/916 408/72/916 405/70/915
f 808/54/889 380/54/889 408/72/916
f 827/65/910 399/65/910 413/73/917
f 839/73/917 413/73/917 378/53/888
f 834/71/48 407/71/48 414/70/918
f 841/70/918 414/70/918 416/72/919
f 842/72/919 416/72/919 377/54/886
f 848/73/920 420/73/920 418/65/921
f 803/53/887 376/53/887 420/73/920
f 846/65/921 418/65/921 422/66/922
f 849/66/922 422/66/922 423/67/923
f 850/67/923 423/67/923 374/52/884
f 851/68/924 424/68/924 426/11/36
f 853/69/885 425/69/885 424/68/924
f 852/11/36 426/11/36 427/62/925
f 854/62/925 427/62/925 428/63/926
f 855/63/926 428/63/926 383/17/892
f 857/64/927 430/64/927 429/61/894
f 858/15/893 384/15/893 430/64/927
f 26/2/928 13/2/928 16/2/929
f 871/8/930 875/8/39 441/8/39
f 872/8/932 871/8/930 437/8/931
f 872/8/932 438/8/933 440/8/934
f 874/8/936 873/8/935 440/8/934
f 876/8/39 442/8/39 441/8/39
f 878/8/938 874/8/936 439/8/937
f 878/8/938 443/8/939 445/8/940
f 880/8/942 879/8/941 445/8/940
f 880/8/942 444/8/943 447/8/944
f 882/8/946 881/8/945 447/8/944
f 882/8/946 446/8/947 449/8/948
f 885/8/950 884/8/949 449/8/948
f 885/8/950 448/8/951 905/8/952
f 888/8/953 905/8/952 452/8/954
f 887/8/956 889/8/955 452/8/954
f 886/8/856 887/8/956 451/8/957
f 605/8/840 165/8/839 453/8/959
f 890/8/960 453/8/959 454/8/961
f 892/8/963 891/8/962 454/8/961
f 892/8/963 455/8/964 457/8/965
f 893/8/966 457/8/965 456/8/967
f 894/8/968 456/8/967 458/8/969
f 895/8/970 458/8/969 460/8/971
f 897/8/973 896/8/972 460/8/971
f 897/8/973 459/8/974 462/8/975
f 898/8/976 462/8/975 461/8/977
f 900/8/979 899/8/978 461/8/977
f 900/8/979 464/8/980 463/8/981
f 901/8/982 463/8/981 465/8/983
f 902/8/984 465/8/983 466/8/985
f 906/8/986 468/8/988 467/8/819
f 906/8/986 903/8/985 466/8/985
f 30/1/33 18/1/1016 28/2/34
f 219/8/130 73/8/38 72/9/37
f 736/44/677 787/26/766 683/21/499
f 780/22/683 684/22/504 686/23/503
