# Blender 5.0.1
# www.blender.org
mtllib lego_leg_r.mtl
o lego_obj.010
v 0.203865 0.008762 0.389202
v 0.200597 0.035919 0.045680
v 0.203865 0.008762 0.042408
v 0.107441 0.008762 0.389202
v 0.200597 0.035919 0.385930
v 0.110708 0.035919 0.045680
v 0.110708 0.035919 0.385930
v 0.107441 0.008762 0.042408
v 0.200152 0.039594 0.046121
v 0.204306 0.005092 0.389643
v 0.200152 0.039594 0.385489
v 0.106999 0.005092 0.389643
v 0.111150 0.039594 0.385489
v 0.106996 0.005092 0.041967
v 0.111150 0.039594 0.046121
v 0.204306 0.005092 0.041967
v 0.217306 0.011998 0.402643
v 0.214035 0.039159 0.032238
v 0.214035 0.039159 0.399372
v 0.093999 0.011998 0.402643
v 0.097267 0.039159 0.399372
v 0.093999 0.011998 0.028967
v 0.097267 0.039159 0.032238
v 0.210635 0.051927 0.035642
v 0.210635 0.051927 0.395968
v 0.217306 0.011998 0.028967
v 0.207328 0.023389 0.394920
v 0.207328 0.023389 0.036690
v 0.100671 0.051927 0.395968
v 0.100117 0.021738 0.396522
v 0.100671 0.051927 0.035642
v 0.100117 0.021738 0.035088
v 0.209180 0.059363 0.026509
v 0.106996 0.103423 0.026509
v 0.209180 0.103423 0.026509
v -0.176414 0.060650 0.026509
v 0.106996 0.057067 0.026509
v 0.106996 0.201757 0.026509
v -0.174426 0.468394 0.026509
v 0.105176 0.468394 0.026509
v 0.105183 0.473811 0.026509
v -0.174426 0.548736 0.026509
v 0.147609 0.528089 0.026509
v -0.174412 0.532181 0.026509
v -0.147055 0.703551 0.026509
v 0.152482 0.682214 0.026509
v -0.158926 0.683034 0.026509
v 0.167887 0.625358 0.026509
v -0.174426 0.605234 0.026509
v -0.176284 0.625285 0.026509
v 0.166555 0.585401 0.026509
v -0.174412 0.585503 0.026509
v 0.162814 0.566069 0.026509
v -0.174391 0.566557 0.026509
v 0.156703 0.547067 0.026509
v -0.174408 0.503096 0.026509
v 0.121784 0.491775 0.026509
v -0.174405 0.517028 0.026509
v 0.136298 0.509736 0.026509
v -0.070121 0.769336 0.026509
v 0.041824 0.775819 0.026509
v 0.058137 0.770402 0.026509
v -0.110404 0.744497 0.026509
v 0.084218 0.757613 0.026509
v 0.105699 0.742926 0.026509
v -0.130658 0.724545 0.026509
v 0.126380 0.722455 0.026509
v 0.141911 0.701875 0.026509
v -0.173139 0.643831 0.026509
v 0.165401 0.643813 0.026509
v -0.167056 0.663264 0.026509
v 0.160475 0.662668 0.026509
v -0.046512 0.778094 0.026509
v 0.008689 0.782673 0.026509
v 0.025195 0.780029 0.026509
v -0.058383 0.774041 0.026509
v -0.090374 0.758338 0.026509
v 0.209180 0.147485 0.405101
v 0.106996 0.103423 0.405101
v 0.209180 0.103423 0.405101
v 0.106996 0.149782 0.405101
v -0.176414 0.105859 0.405101
v -0.174426 0.468857 0.388262
v 0.106996 0.201757 0.405101
v 0.105176 0.468857 0.388262
v 0.105183 0.474259 0.387866
v -0.174408 0.490699 0.386653
v 0.147609 0.528394 0.383876
v -0.174426 0.548985 0.382358
v -0.174412 0.532472 0.383574
v -0.147055 0.703379 0.370981
v 0.152482 0.682102 0.372552
v 0.141911 0.701707 0.371104
v 0.167887 0.625400 0.376727
v -0.174426 0.605329 0.378207
v 0.168514 0.605329 0.378207
v 0.166555 0.585552 0.379665
v -0.174412 0.585650 0.379658
v 0.162814 0.566269 0.381085
v -0.174391 0.566756 0.381050
v 0.156703 0.547320 0.382481
v -0.174408 0.503467 0.385713
v 0.121784 0.492175 0.386544
v -0.174405 0.517361 0.384689
v 0.136298 0.510090 0.385226
v 0.041824 0.775454 0.365673
v -0.070121 0.768986 0.366147
v 0.058137 0.770048 0.366069
v 0.084218 0.757293 0.367009
v -0.110404 0.744213 0.367973
v 0.105699 0.742649 0.368089
v -0.130658 0.724317 0.369439
v 0.126380 0.722231 0.369593
v -0.173139 0.643824 0.375371
v -0.176284 0.625323 0.376734
v 0.165401 0.643803 0.375371
v -0.167056 0.663201 0.373944
v -0.158926 0.682919 0.372489
v 0.008689 0.782287 0.365168
v -0.046512 0.777719 0.365505
v 0.025195 0.779651 0.365361
v -0.058383 0.773680 0.365803
v -0.090374 0.758019 0.366956
v 0.119649 0.201757 0.041967
v 0.204306 0.201757 0.389643
v 0.204306 0.201757 0.041967
v 0.209180 0.147485 0.389643
v 0.209180 0.103423 0.041967
v 0.209180 0.147485 0.041967
v -0.176414 0.057912 0.041967
v -0.176414 0.077724 0.135680
v -0.176414 0.084680 0.133566
v 0.106912 0.214406 0.041935
v 0.105176 0.468839 0.373491
v 0.106912 0.214385 0.388879
v -0.174426 0.468412 0.041279
v -0.174426 0.472040 0.152312
v -0.174412 0.485801 0.126358
v -0.174408 0.490401 0.120941
v -0.174408 0.490310 0.041213
v 0.105176 0.468411 0.041279
v 0.105183 0.474242 0.373109
v 0.147609 0.528103 0.041101
v 0.156703 0.547309 0.367945
v 0.147609 0.528380 0.369284
v -0.174426 0.548771 0.076672
v -0.174412 0.532191 0.041087
v -0.174412 0.532227 0.084329
v -0.147055 0.703386 0.356915
v -0.147998 0.701798 0.290555
v -0.158926 0.682940 0.308421
v -0.158926 0.682922 0.358363
v 0.152482 0.682210 0.040638
v 0.141911 0.701714 0.357035
v 0.152482 0.682105 0.358419
v 0.168514 0.605238 0.040869
v 0.167887 0.625397 0.362427
v 0.168514 0.605325 0.363847
v -0.176284 0.625323 0.362434
v -0.174426 0.605318 0.337692
v -0.174426 0.605325 0.363847
v 0.166555 0.585408 0.040929
v 0.166555 0.585545 0.365242
v -0.174422 0.598250 0.338460
v -0.174412 0.585643 0.365235
v -0.174412 0.585632 0.337089
v 0.162814 0.566076 0.040985
v 0.162814 0.566262 0.366606
v -0.174412 0.583560 0.067536
v -0.174412 0.585506 0.040929
v -0.174391 0.566564 0.040985
v -0.174391 0.566581 0.071273
v 0.156703 0.547078 0.041045
v -0.174426 0.548746 0.041038
v -0.174412 0.554871 0.073853
v -0.174408 0.503176 0.105897
v -0.174408 0.503110 0.041174
v 0.105183 0.473828 0.041262
v 0.121784 0.492161 0.371844
v -0.174408 0.504821 0.103966
v -0.174405 0.517091 0.094636
v -0.174405 0.517042 0.041132
v 0.121784 0.491789 0.041209
v 0.136298 0.510076 0.370578
v -0.174412 0.528209 0.086187
v 0.136298 0.509750 0.041157
v -0.070121 0.769322 0.040375
v -0.058383 0.773694 0.351947
v -0.058383 0.774027 0.040361
v 0.058137 0.770388 0.040375
v 0.041824 0.775468 0.351821
v 0.058137 0.770062 0.352203
v -0.110404 0.744486 0.040452
v -0.090374 0.758030 0.353055
v -0.090374 0.758324 0.040410
v 0.105699 0.742916 0.040456
v 0.084218 0.757307 0.353104
v 0.105699 0.742660 0.354142
v 0.126380 0.722444 0.040519
v 0.126380 0.722241 0.355583
v -0.130658 0.724327 0.355436
v -0.135433 0.718287 0.266238
v -0.147055 0.703421 0.288164
v 0.141911 0.701868 0.040578
v 0.167887 0.625362 0.040810
v 0.165401 0.643806 0.361126
v -0.173139 0.643824 0.361126
v -0.175919 0.627455 0.335284
v -0.176284 0.625320 0.335519
v 0.165401 0.643813 0.040754
v 0.160475 0.662612 0.359797
v -0.167056 0.663205 0.359755
v -0.169538 0.655295 0.325905
v -0.173139 0.643824 0.329769
v 0.160475 0.662668 0.040698
v -0.159946 0.680471 0.310760
v -0.167056 0.663212 0.321141
v -0.046512 0.778080 0.040350
v -0.034784 0.780773 0.351446
v -0.034784 0.781123 0.040340
v 0.008689 0.782301 0.351341
v 0.008689 0.782655 0.040336
v 0.025195 0.780012 0.040343
v 0.025195 0.779665 0.351527
v -0.046512 0.777737 0.351663
v 0.041824 0.775805 0.040358
v 0.084218 0.757598 0.040410
v -0.070121 0.769000 0.352280
v 0.207013 0.005632 0.041967
v 0.207013 0.201217 0.389643
v -0.175870 0.007255 0.389643
v -0.176414 0.009961 0.331452
v -0.176414 0.009961 0.308323
v -0.176414 0.009961 0.285194
v -0.176414 0.009961 0.262066
v -0.176414 0.009961 0.238934
v -0.176414 0.009961 0.215805
v -0.176414 0.009961 0.186832
v -0.176414 0.009961 0.157859
v -0.176414 0.009961 0.128886
v -0.176414 0.009961 0.099913
v -0.176414 0.009961 0.070940
v -0.176414 0.009961 0.041967
v -0.175870 0.007255 0.041967
v 0.208636 0.007255 0.041967
v 0.207013 0.005632 0.389643
v 0.209180 0.009961 0.041967
v 0.208636 0.007255 0.389643
v 0.208636 0.199590 0.389643
v 0.207013 0.201217 0.041967
v 0.209180 0.196884 0.389643
v 0.208636 0.199590 0.041967
v -0.174247 0.005632 0.041967
v -0.171540 0.005092 0.041967
v -0.174247 0.005632 0.389643
v 0.106999 0.005092 0.405101
v 0.204306 0.005092 0.026509
v 0.204306 0.201757 0.405101
v 0.106996 0.201757 0.402293
v 0.115431 0.201757 0.393861
v 0.111213 0.201757 0.398075
v 0.111213 0.201757 0.033531
v 0.115431 0.201757 0.037749
v 0.204306 0.201757 0.026509
v 0.209180 0.015304 0.405101
v 0.209180 0.009961 0.389643
v 0.209180 0.059363 0.405101
v 0.209180 0.191544 0.389643
v 0.209180 0.196884 0.405101
v 0.209180 0.103423 0.389643
v 0.209180 0.059363 0.389643
v 0.209180 0.015304 0.389643
v 0.209180 0.191544 0.405101
v 0.209180 0.191544 0.026509
v 0.209180 0.196884 0.041967
v 0.209180 0.147485 0.026509
v 0.209180 0.015304 0.041967
v 0.209180 0.009961 0.026509
v 0.209180 0.059363 0.041967
v 0.209180 0.191544 0.041967
v 0.209180 0.015304 0.026509
v -0.176414 0.196277 0.405101
v -0.176414 0.201757 0.389643
v -0.176414 0.151068 0.405101
v -0.176414 0.055160 0.389643
v -0.176414 0.009961 0.405101
v -0.176414 0.065299 0.389643
v -0.176414 0.075442 0.389643
v -0.176414 0.085581 0.389643
v -0.176414 0.095720 0.389643
v -0.176414 0.105859 0.389643
v -0.176414 0.121843 0.389643
v -0.176414 0.137826 0.389643
v -0.176414 0.153806 0.389643
v -0.176414 0.169790 0.389643
v -0.176414 0.185774 0.389643
v -0.176414 0.015441 0.405101
v -0.176414 0.060650 0.405101
v -0.176414 0.015441 0.026509
v -0.176414 0.185774 0.041967
v -0.176414 0.201757 0.026509
v -0.176414 0.169790 0.041967
v -0.176414 0.153806 0.041967
v -0.176414 0.137826 0.041967
v -0.176414 0.121843 0.041967
v -0.176414 0.105859 0.041967
v -0.176414 0.089876 0.041967
v -0.176414 0.073892 0.041967
v -0.176414 0.041929 0.041967
v -0.176414 0.025945 0.041967
v -0.176414 0.196277 0.026509
v -0.176414 0.151068 0.026509
v -0.176414 0.105859 0.026509
v -0.171540 0.005092 0.405101
v -0.171540 0.005092 0.389643
v 0.106996 0.005092 0.026509
v -0.176414 0.201757 0.405101
v -0.176414 0.201757 0.041967
v 0.106968 0.205968 0.397823
v 0.106940 0.210175 0.393349
v 0.106996 0.201757 0.029317
v 0.106940 0.210192 0.037728
v 0.106968 0.205975 0.033521
v -0.174426 0.468839 0.373491
v -0.174412 0.532461 0.368993
v -0.147055 0.703544 0.040575
v -0.158926 0.683027 0.040634
v 0.168514 0.605234 0.026509
v -0.176284 0.625285 0.040810
v -0.174426 0.605238 0.040869
v -0.174391 0.566746 0.366571
v -0.174426 0.548974 0.367829
v -0.174408 0.490685 0.371949
v -0.174408 0.490296 0.026509
v -0.174408 0.503450 0.371044
v -0.174405 0.517347 0.370063
v -0.110404 0.744227 0.354030
v -0.130658 0.724534 0.040512
v -0.173139 0.643831 0.040754
v 0.160475 0.662609 0.373986
v -0.167056 0.663261 0.040694
v -0.034784 0.780755 0.365281
v 0.204306 0.005092 0.405101
v 0.207013 0.005632 0.026509
v 0.207013 0.201217 0.405101
v -0.175870 0.007255 0.405101
v -0.175870 0.007255 0.026509
v 0.207013 0.005632 0.405101
v 0.208636 0.007255 0.026509
v 0.208636 0.007255 0.405101
v 0.207013 0.201217 0.026509
v 0.208636 0.199590 0.405101
v 0.208636 0.199590 0.026509
v -0.174247 0.005632 0.026509
v -0.174247 0.005632 0.405101
v -0.171540 0.005092 0.026509
v 0.109800 0.203163 0.033528
v 0.108384 0.204562 0.397907
v 0.115403 0.205968 0.389387
v 0.119649 0.201757 0.389643
v 0.108384 0.204569 0.033524
v 0.109769 0.207381 0.037735
v 0.111157 0.210192 0.041946
v 0.112602 0.204569 0.037742
v 0.115403 0.205975 0.041956
v 0.109800 0.203159 0.397991
v 0.112602 0.204562 0.393689
v 0.109769 0.207370 0.393521
v 0.111157 0.210175 0.389131
v -0.176414 0.032732 0.258981
v -0.176414 0.127039 0.133566
v -0.176414 0.127039 0.298044
v -0.176414 0.169271 0.272289
v -0.176414 0.201757 0.302724
v -0.176414 0.178986 0.258981
v -0.176414 0.201757 0.128886
v -0.176414 0.169271 0.159321
v -0.176414 0.178986 0.172629
v -0.176414 0.042447 0.159321
v -0.176414 0.032732 0.172629
v -0.176414 0.084680 0.298044
v -0.176414 0.077724 0.295930
v -0.176414 0.026895 0.358945
v -0.176414 0.009961 0.354584
v -0.176414 0.053628 0.282765
v -0.176414 0.042447 0.272289
v -0.176414 0.022001 0.229198
v -0.176414 0.020939 0.215805
v -0.176414 0.025770 0.244045
v -0.176414 0.022001 0.202412
v -0.176414 0.025770 0.187561
v -0.176414 0.064840 0.141448
v -0.176414 0.053628 0.148845
v -0.176414 0.098900 0.131168
v -0.176414 0.091793 0.132055
v -0.176414 0.071070 0.138334
v -0.176414 0.146879 0.141448
v -0.176414 0.140649 0.138334
v -0.176414 0.133994 0.135680
v -0.176414 0.112819 0.131168
v -0.176414 0.105859 0.130884
v -0.176414 0.119929 0.132055
v -0.176414 0.201757 0.215805
v -0.176414 0.189718 0.202412
v -0.176414 0.190780 0.215805
v -0.176414 0.201757 0.186832
v -0.176414 0.185949 0.187561
v -0.176414 0.201757 0.157859
v -0.176414 0.201757 0.070940
v -0.176414 0.158091 0.148845
v -0.176414 0.201757 0.099913
v -0.176414 0.189718 0.229198
v -0.176414 0.185949 0.244045
v -0.176414 0.201757 0.244778
v -0.176414 0.201757 0.273751
v -0.176414 0.201757 0.360670
v -0.176414 0.146879 0.290162
v -0.176414 0.201757 0.331697
v -0.176414 0.158091 0.282765
v -0.176414 0.140649 0.293272
v -0.176414 0.133994 0.295930
v -0.176414 0.112819 0.300442
v -0.176414 0.119929 0.299555
v -0.176414 0.105859 0.300726
v -0.176414 0.098900 0.300442
v -0.176414 0.091793 0.299555
v -0.176414 0.064840 0.290162
v -0.176414 0.071070 0.293272
v 0.106996 0.196137 0.026509
v 0.106996 0.149782 0.026509
v 0.106996 0.010708 0.026509
v 0.106999 0.010708 0.405101
v 0.106996 0.057067 0.405101
v 0.106996 0.196137 0.405101
v -0.175137 0.612940 0.067536
v -0.176284 0.625288 0.070256
v -0.173511 0.641629 0.073853
v -0.173139 0.643831 0.074870
v -0.174426 0.605245 0.067536
v -0.174412 0.585517 0.067536
v -0.167056 0.663254 0.083856
v -0.164984 0.668295 0.086187
v -0.158926 0.683010 0.097374
v -0.153905 0.691680 0.103966
v -0.147055 0.703505 0.117884
v -0.141428 0.710700 0.126358
v -0.130658 0.724460 0.152309
v -0.130658 0.724394 0.250903
v -0.125819 0.729158 0.238948
v -0.121009 0.733912 0.209957
v -0.174394 0.569046 0.335284
v -0.174391 0.566728 0.334505
v -0.174426 0.548946 0.328514
v -0.174419 0.541205 0.325905
v -0.174412 0.532419 0.320618
v -0.174405 0.517291 0.311517
v -0.174405 0.516033 0.310760
v -0.174408 0.503376 0.298769
v -0.174408 0.494703 0.290555
v -0.174408 0.490583 0.284483
v -0.174419 0.478218 0.266238
v -0.174426 0.468671 0.242282
v -0.174436 0.467342 0.238948
v -0.174471 0.462588 0.209957
v -0.174426 0.468569 0.164804
v -0.174461 0.464180 0.180619
v 0.106996 0.103423 0.045792
v 0.195545 0.059363 0.040144
v 0.195545 0.103423 0.040144
v -0.162775 0.060650 0.040144
v -0.162775 0.105859 0.040144
v -0.162761 0.201704 0.040126
v 0.091559 0.468355 0.040161
v -0.160805 0.468338 0.040158
v -0.160774 0.490288 0.040144
v 0.094381 0.478046 0.041907
v 0.135443 0.534730 0.039916
v -0.160784 0.548729 0.040137
v -0.160777 0.532188 0.040144
v -0.135513 0.695757 0.039846
v 0.139948 0.676303 0.039916
v 0.130163 0.694344 0.039818
v 0.154080 0.624215 0.039923
v -0.161008 0.605858 0.040343
v 0.154617 0.605700 0.039867
v 0.152871 0.587399 0.039944
v -0.160777 0.585513 0.040140
v 0.149365 0.569523 0.039888
v -0.160763 0.566553 0.040151
v 0.143773 0.552221 0.039853
v -0.160774 0.503096 0.040144
v 0.111361 0.500785 0.039996
v -0.160774 0.517028 0.040144
v 0.124950 0.517771 0.039867
v 0.037953 0.762577 0.039979
v -0.064213 0.756771 0.039888
v 0.052868 0.757514 0.039849
v 0.077199 0.745570 0.039832
v -0.101481 0.733713 0.039772
v 0.096783 0.732121 0.039758
v -0.120273 0.715289 0.039863
v 0.115890 0.713280 0.039835
v -0.159606 0.640584 0.039856
v -0.162137 0.624748 0.039600
v 0.151774 0.641128 0.039884
v -0.154060 0.658570 0.039958
v 0.147275 0.658268 0.039860
v -0.146441 0.676888 0.039856
v 0.007823 0.768660 0.039726
v -0.042550 0.764873 0.039975
v 0.022401 0.766483 0.039944
v -0.053601 0.761147 0.040024
v -0.083117 0.746523 0.039909
v 0.106996 0.103423 0.385818
v 0.195545 0.147485 0.391466
v 0.195545 0.103423 0.391466
v -0.162775 0.105859 0.391466
v 0.106996 0.149782 0.385818
v -0.162898 0.201277 0.391358
v 0.091584 0.467886 0.374620
v 0.101425 0.195548 0.387718
v -0.160774 0.489693 0.373053
v 0.094146 0.477257 0.372342
v -0.160784 0.547975 0.368765
v 0.135257 0.534183 0.370248
v -0.160777 0.531476 0.369975
v -0.135724 0.694793 0.357953
v 0.140130 0.675321 0.359387
v -0.146620 0.675924 0.359394
v 0.154119 0.623307 0.363391
v -0.160987 0.604908 0.364386
v -0.162151 0.623914 0.363692
v 0.152804 0.586600 0.366189
v -0.160777 0.584658 0.366059
v 0.149256 0.568804 0.367612
v -0.160763 0.565747 0.367444
v 0.143622 0.551593 0.368972
v -0.160774 0.502465 0.372114
v 0.111133 0.500410 0.372741
v -0.160774 0.516359 0.371090
v 0.124746 0.517326 0.371588
v -0.064395 0.755867 0.353231
v 0.038087 0.761700 0.352684
v 0.053029 0.756627 0.353203
v -0.101702 0.732780 0.355117
v 0.077399 0.744665 0.354132
v 0.097000 0.731192 0.355247
v -0.120504 0.714328 0.356442
v 0.116115 0.712323 0.356621
v 0.130366 0.693380 0.358097
v -0.159708 0.639659 0.362174
v 0.151858 0.640192 0.362129
v -0.154210 0.657599 0.360698
v 0.147412 0.657315 0.360828
v -0.042687 0.763990 0.352519
v 0.007851 0.767811 0.352456
v 0.022499 0.765617 0.352417
v -0.053765 0.760249 0.352761
v -0.083327 0.745601 0.353995
v 0.114179 0.183372 0.387666
v 0.202406 0.182569 0.041967
v 0.202406 0.182569 0.389643
v 0.189897 0.147485 0.389643
v 0.189897 0.103423 0.041967
v 0.189897 0.103423 0.389643
v -0.157131 0.077724 0.135680
v -0.157131 0.057912 0.041967
v -0.157131 0.084680 0.133566
v 0.085894 0.468787 0.373491
v 0.088586 0.208734 0.043895
v 0.088632 0.208548 0.386989
v -0.155143 0.472023 0.152312
v -0.155143 0.468331 0.041279
v -0.155129 0.485783 0.126358
v -0.155125 0.490387 0.120941
v -0.155125 0.490303 0.041213
v 0.087236 0.481292 0.373099
v 0.085894 0.468362 0.041279
v 0.138795 0.554461 0.367941
v 0.130682 0.537342 0.041094
v 0.130692 0.537636 0.369274
v -0.155129 0.532202 0.041087
v -0.155143 0.548768 0.076672
v -0.155129 0.532237 0.084329
v -0.131327 0.692104 0.290548
v -0.131085 0.692577 0.356912
v -0.141905 0.673880 0.308414
v -0.141635 0.674389 0.358360
v 0.125689 0.691291 0.357031
v 0.135043 0.673982 0.040634
v 0.135050 0.673863 0.358416
v 0.148667 0.623801 0.362427
v 0.149242 0.605886 0.040869
v 0.149242 0.605974 0.363847
v -0.155168 0.606279 0.337692
v -0.157015 0.624590 0.362434
v -0.155164 0.606226 0.363847
v 0.147475 0.588192 0.040929
v 0.147475 0.588335 0.365242
v -0.155139 0.598261 0.338460
v -0.155129 0.585650 0.337089
v -0.155129 0.585660 0.365235
v 0.144138 0.570872 0.040985
v 0.144141 0.571065 0.366602
v -0.155129 0.585524 0.040929
v -0.155129 0.583585 0.067536
v -0.155108 0.566557 0.040985
v -0.155108 0.566571 0.071273
v 0.138788 0.554216 0.041038
v -0.155143 0.548736 0.041038
v -0.155129 0.554833 0.073853
v -0.155125 0.503176 0.105897
v 0.107213 0.504786 0.371830
v 0.087233 0.480872 0.041255
v -0.155125 0.504817 0.103966
v -0.155125 0.503110 0.041174
v -0.155122 0.517091 0.094636
v -0.155122 0.517042 0.041132
v 0.120571 0.521235 0.370564
v 0.107199 0.504400 0.041195
v -0.155129 0.528212 0.086187
v 0.120560 0.520892 0.041146
v -0.061917 0.751870 0.040358
v -0.051693 0.755611 0.351930
v -0.061934 0.751540 0.352263
v 0.036428 0.756957 0.351804
v 0.050838 0.752539 0.040354
v 0.050852 0.752210 0.352186
v -0.098112 0.729628 0.040438
v -0.080298 0.741590 0.353038
v -0.098129 0.729355 0.354019
v 0.074524 0.740637 0.353090
v 0.093428 0.728040 0.040442
v 0.093445 0.727773 0.354128
v 0.111866 0.709749 0.040508
v 0.111880 0.709529 0.355576
v -0.120248 0.706398 0.266231
v -0.116276 0.711478 0.355429
v -0.131527 0.691985 0.288153
v 0.125679 0.691463 0.040575
v 0.146483 0.640065 0.361126
v 0.148667 0.623770 0.040810
v -0.154452 0.639056 0.329769
v -0.157022 0.624412 0.335519
v -0.156910 0.624219 0.335291
v -0.154389 0.639308 0.361126
v 0.142185 0.656498 0.359797
v 0.146483 0.640083 0.040754
v -0.151139 0.649525 0.325902
v -0.148927 0.656638 0.359755
v 0.142181 0.656568 0.040694
v -0.142122 0.673109 0.310756
v -0.149022 0.656386 0.321141
v -0.040976 0.759607 0.040329
v -0.032011 0.761690 0.351425
v -0.040986 0.759264 0.351642
v -0.032004 0.762040 0.040319
v 0.007501 0.763057 0.351316
v 0.021300 0.761129 0.040322
v 0.021311 0.760778 0.351506
v -0.051679 0.755947 0.040343
v 0.036414 0.757297 0.040336
v 0.074506 0.740938 0.040396
v -0.080281 0.741895 0.040396
v 0.197915 0.022632 0.041967
v 0.197915 0.022632 0.389643
v 0.197915 0.184213 0.389643
v 0.197915 0.184213 0.041967
v -0.157222 0.011862 0.331452
v -0.158870 0.016353 0.389643
v -0.157222 0.011862 0.308323
v -0.157222 0.011862 0.285194
v -0.157222 0.011862 0.262066
v -0.157222 0.011862 0.238934
v -0.157222 0.011862 0.215805
v -0.157222 0.011862 0.186832
v -0.157222 0.011862 0.157859
v -0.157222 0.011862 0.128886
v -0.157222 0.011862 0.099913
v -0.157222 0.011862 0.070940
v -0.157222 0.011862 0.041967
v -0.158870 0.016353 0.041967
v 0.191636 0.016353 0.041967
v 0.191636 0.016353 0.389643
v 0.189992 0.011862 0.041967
v 0.189992 0.011862 0.389643
v 0.191636 0.190492 0.389643
v 0.191636 0.190492 0.041967
v 0.189992 0.194984 0.389643
v 0.189992 0.194984 0.041967
v -0.165149 0.022632 0.041967
v -0.165149 0.022632 0.389643
v -0.169009 0.024206 0.041967
v -0.169009 0.024206 0.389643
v 0.106999 0.018726 0.391466
v 0.202925 0.019059 0.391880
v 0.106996 0.018726 0.040144
v 0.202925 0.019059 0.039726
v 0.093550 0.188189 0.399653
v 0.105141 0.184494 0.392003
v 0.109359 0.184494 0.387785
v 0.104959 0.184624 0.039789
v 0.101179 0.195899 0.043934
v 0.109176 0.184624 0.044007
v 0.114088 0.183396 0.043923
v 0.202925 0.187786 0.039726
v 0.195545 0.015304 0.391466
v 0.195545 0.059363 0.391466
v 0.195209 0.195502 0.391880
v 0.189897 0.191544 0.389643
v 0.189897 0.059363 0.389643
v 0.195545 0.191544 0.391466
v 0.195545 0.191544 0.040144
v 0.195545 0.147485 0.040144
v 0.195208 0.011346 0.039726
v 0.189897 0.015304 0.041967
v 0.189897 0.059363 0.041967
v 0.189897 0.147485 0.041967
v 0.195545 0.015304 0.040144
v -0.157131 0.201687 0.389643
v -0.162775 0.196277 0.391466
v -0.162775 0.151068 0.391466
v -0.162442 0.011346 0.391880
v -0.157131 0.055160 0.389643
v -0.157131 0.065299 0.389643
v -0.157131 0.075442 0.389643
v -0.157131 0.085581 0.389643
v -0.157131 0.095720 0.389643
v -0.157131 0.105859 0.389643
v -0.157131 0.121843 0.389643
v -0.157131 0.137826 0.389643
v -0.157131 0.153806 0.389643
v -0.157131 0.169790 0.389643
v -0.157131 0.185774 0.389643
v -0.162775 0.060650 0.391466
v -0.162775 0.015441 0.391466
v -0.162775 0.015441 0.040144
v -0.157131 0.185774 0.041967
v -0.157131 0.169790 0.041967
v -0.157131 0.153806 0.041967
v -0.157131 0.137826 0.041967
v -0.157131 0.121843 0.041967
v -0.157131 0.105859 0.041967
v -0.157131 0.089876 0.041967
v -0.157131 0.073892 0.041967
v -0.157131 0.041929 0.041967
v -0.157131 0.025945 0.041967
v -0.162775 0.196277 0.040144
v -0.162775 0.151068 0.040144
v -0.170155 0.019059 0.391880
v -0.170155 0.019059 0.039726
v -0.160833 0.467868 0.374624
v -0.157131 0.201683 0.041967
v 0.089939 0.199324 0.391680
v 0.089911 0.203535 0.387210
v 0.093547 0.188217 0.032069
v 0.089869 0.199618 0.039775
v 0.089841 0.203836 0.043983
v -0.155143 0.468759 0.373491
v -0.155129 0.532472 0.368993
v -0.131071 0.692753 0.040568
v 0.154603 0.604855 0.364867
v -0.157015 0.624555 0.040810
v -0.155108 0.566742 0.366571
v -0.155143 0.548964 0.367829
v -0.155125 0.490674 0.371949
v -0.155125 0.503450 0.371044
v -0.155122 0.517351 0.370063
v -0.154389 0.639329 0.040754
v -0.141628 0.674511 0.040634
v -0.032817 0.766349 0.352617
v -0.032754 0.767198 0.039677
v 0.007501 0.763411 0.040315
v 0.200078 0.018589 0.392620
v 0.200078 0.018589 0.038990
v 0.200078 0.188256 0.038990
v 0.202925 0.187786 0.391880
v 0.200078 0.188256 0.392620
v -0.162912 0.014190 0.392620
v -0.162442 0.011346 0.039726
v -0.162912 0.014190 0.038990
v 0.195678 0.014190 0.392620
v 0.195678 0.014190 0.038990
v 0.195678 0.192656 0.038990
v 0.195678 0.192656 0.392620
v 0.195209 0.195502 0.039726
v -0.167312 0.018590 0.392620
v -0.167312 0.018590 0.038990
v 0.098683 0.191997 0.044645
v 0.097509 0.192936 0.387031
v 0.102606 0.192712 0.383694
v 0.097267 0.193402 0.044642
v 0.098655 0.196214 0.048852
v 0.098196 0.197157 0.047776
v 0.101484 0.193402 0.048859
v 0.102441 0.192940 0.047787
v 0.098922 0.191530 0.387115
v 0.101723 0.192936 0.382814
v 0.098893 0.195741 0.382642
v 0.098361 0.196922 0.383441
v -0.157131 0.032732 0.258981
v -0.157131 0.127039 0.133566
v -0.157131 0.127039 0.298044
v -0.157131 0.201757 0.302724
v -0.157131 0.169271 0.272289
v -0.157131 0.178986 0.258981
v -0.157131 0.169271 0.159321
v -0.157131 0.201683 0.128886
v -0.157131 0.178986 0.172629
v -0.157131 0.042447 0.159321
v -0.157131 0.032732 0.172629
v -0.157131 0.084680 0.298044
v -0.157131 0.026895 0.358945
v -0.157222 0.011862 0.354584
v -0.157131 0.053628 0.282765
v -0.157131 0.042447 0.272289
v -0.157131 0.022001 0.229198
v -0.157131 0.020939 0.215805
v -0.157131 0.025773 0.244045
v -0.157131 0.022001 0.202412
v -0.157131 0.025773 0.187561
v -0.157131 0.064840 0.141448
v -0.157131 0.053628 0.148845
v -0.157131 0.098900 0.131168
v -0.157131 0.105859 0.130884
v -0.157131 0.091793 0.132055
v -0.157131 0.071070 0.138334
v -0.157131 0.146879 0.141448
v -0.157131 0.140649 0.138334
v -0.157131 0.133994 0.135680
v -0.157131 0.112819 0.131168
v -0.157131 0.119929 0.132055
v -0.157131 0.189718 0.202412
v -0.157131 0.201757 0.215805
v -0.157131 0.190780 0.215805
v -0.157131 0.185949 0.187561
v -0.157131 0.201757 0.186832
v -0.157131 0.201757 0.157859
v -0.157131 0.201683 0.070940
v -0.157131 0.201733 0.099913
v -0.157131 0.158091 0.148845
v -0.157131 0.189718 0.229198
v -0.157131 0.201733 0.244778
v -0.157131 0.185949 0.244045
v -0.157131 0.201757 0.273751
v -0.157131 0.146879 0.290162
v -0.157131 0.201683 0.360670
v -0.157131 0.158091 0.282765
v -0.157131 0.201757 0.331697
v -0.157131 0.140649 0.293272
v -0.157131 0.133994 0.295930
v -0.157131 0.112819 0.300442
v -0.157131 0.105859 0.300726
v -0.157131 0.119929 0.299555
v -0.157131 0.098900 0.300442
v -0.157131 0.091793 0.299555
v -0.157131 0.064840 0.290162
v -0.157131 0.071070 0.293272
v -0.157131 0.077724 0.295930
v 0.106996 0.196137 0.045792
v 0.106996 0.149782 0.045792
v 0.106996 0.010708 0.045792
v 0.106996 0.057067 0.045792
v 0.106996 0.057067 0.385818
v 0.106999 0.010708 0.385818
v 0.106996 0.196137 0.385818
v 0.189897 0.015304 0.389643
v 0.189897 0.191544 0.041967
v -0.155939 0.614721 0.067536
v -0.155164 0.606135 0.040869
v -0.157033 0.624215 0.070256
v -0.154498 0.638411 0.073853
v -0.154473 0.638989 0.074870
v -0.155164 0.606142 0.067536
v -0.155129 0.585534 0.067536
v -0.148920 0.656708 0.040694
v -0.148997 0.656498 0.083856
v -0.147153 0.660957 0.086187
v -0.141852 0.674045 0.097371
v -0.137217 0.682021 0.103962
v -0.131457 0.692167 0.117881
v -0.116262 0.711706 0.040501
v -0.126233 0.698825 0.126351
v -0.116820 0.711029 0.152302
v -0.116872 0.710910 0.250892
v -0.112300 0.715412 0.238937
v -0.109121 0.718581 0.180609
v -0.107487 0.720166 0.209943
v -0.155111 0.569067 0.335284
v -0.155108 0.566718 0.334505
v -0.155143 0.548943 0.328514
v -0.155136 0.541219 0.325905
v -0.155129 0.532430 0.320618
v -0.155122 0.517295 0.311517
v -0.155122 0.516029 0.310760
v -0.155125 0.503376 0.298769
v -0.155125 0.494703 0.290555
v -0.155125 0.490569 0.284483
v -0.155136 0.478200 0.266238
v -0.155147 0.468545 0.242282
v -0.155154 0.467198 0.238948
v -0.155189 0.462444 0.209957
v -0.155147 0.468436 0.164804
v -0.122650 0.732321 0.180619
v -0.155178 0.464036 0.180619
v -0.176414 0.045021 0.389643
v -0.157131 0.045021 0.389643
vn -0.9928 -0.1194 -0.0000
vn -0.9928 -0.1198 -0.0000
vn -0.0000 -0.1195 -0.9928
vn -0.0000 -0.1194 -0.9928
vn 0.9928 -0.1198 -0.0000
vn 0.9928 -0.1194 -0.0000
vn -0.0000 -0.1195 0.9928
vn -0.0000 -0.1194 0.9928
vn -0.9928 -0.1197 -0.0006
vn -0.9928 -0.1198 0.0006
vn -0.9929 -0.1193 -0.0000
vn -0.0003 -0.1193 -0.9929
vn -0.0000 -0.1193 -0.9929
vn 0.9928 -0.1199 -0.0000
vn -0.0000 -0.1193 0.9929
vn 0.9928 0.1196 -0.0000
vn -0.0000 0.1196 0.9928
vn -0.9928 0.1195 -0.0000
vn -0.0000 0.1196 -0.9928
vn 0.9663 0.2573 -0.0000
vn -0.7522 -0.6589 -0.0000
vn -0.0000 0.2576 0.9662
vn -0.0045 -0.5301 -0.8480
vn -0.9662 0.2576 -0.0000
vn -0.9664 0.2572 -0.0004
vn -0.9664 0.2571 -0.0000
vn 0.8468 -0.5319 -0.0000
vn -0.0000 0.2573 -0.9663
vn -0.0000 0.2576 -0.9663
vn -0.0000 0.2571 -0.9664
vn -0.0045 -0.5301 0.8480
vn -0.9928 -0.1195 -0.0000
vn -0.0000 -0.1191 -0.9929
vn 0.9928 -0.1196 -0.0000
vn -0.0000 -0.5612 -0.8277
vn -0.9663 0.2573 -0.0000
vn -0.0000 -0.5612 0.8277
vn -0.0000 -0.0000 -1.0000
vn -0.1745 0.6980 -0.6946
vn 0.0416 0.7269 -0.6855
vn -0.0000 -0.0000 1.0000
vn -0.0000 0.0682 0.9977
vn -0.0000 0.0209 0.9998
vn -0.0000 0.0680 0.9977
vn -0.0000 0.0734 0.9973
vn -0.0000 0.0735 0.9973
vn -0.0000 0.0736 0.9973
vn -0.0000 0.0731 0.9973
vn -0.0000 0.0732 0.9973
vn -0.0000 0.0740 0.9973
vn -0.0000 -1.0000 -0.0000
vn -0.0000 1.0000 -0.0000
vn 0.0983 0.9952 -0.0000
vn 1.0000 -0.0000 -0.0000
vn -1.0000 -0.0000 -0.0000
vn 1.0000 0.0068 -0.0001
vn 1.0000 0.0028 -0.0000
vn 1.0000 0.0068 0.0001
vn -1.0000 0.0041 -0.0000
vn -1.0000 0.0001 -0.0000
vn -1.0000 0.0009 -0.0000
vn -1.0000 0.0007 -0.0000
vn -1.0000 0.0004 -0.0000
vn 1.0000 -0.0013 -0.0000
vn 0.8778 -0.4791 0.0004
vn 0.9287 -0.3708 0.0003
vn 0.8771 -0.4803 0.0004
vn -1.0000 0.0003 -0.0000
vn -1.0000 -0.0007 -0.0000
vn -1.0000 -0.0004 -0.0001
vn -0.8282 0.5605 0.0003
vn -0.8641 0.5033 0.0003
vn -0.8828 0.4697 0.0002
vn -0.8968 0.4425 0.0001
vn 0.9044 0.4267 0.0001
vn 0.8413 0.5405 0.0003
vn 0.9040 0.4276 0.0001
vn 0.9994 -0.0337 -0.0000
vn 0.9966 0.0826 -0.0000
vn -0.9993 0.0379 -0.0000
vn -0.9988 -0.0497 -0.0000
vn -0.9989 -0.0467 -0.0000
vn 0.9895 -0.1443 0.0001
vn 0.9895 -0.1447 0.0001
vn -1.0000 -0.0009 -0.0000
vn 0.9686 -0.2485 0.0001
vn 0.9685 -0.2491 0.0001
vn -1.0000 0.0005 -0.0000
vn 0.9290 -0.3701 0.0003
vn -1.0000 0.0006 -0.0000
vn -1.0000 0.0017 -0.0000
vn 0.7343 -0.6788 0.0008
vn 0.7557 -0.6549 0.0007
vn 0.7336 -0.6796 0.0008
vn -1.0000 -0.0001 -0.0000
vn 0.7565 -0.6540 0.0007
vn 0.8155 -0.5787 0.0006
vn 0.8162 -0.5778 0.0005
vn -0.4258 0.9048 0.0009
vn -0.3469 0.9379 0.0010
vn -0.3477 0.9376 0.0010
vn 0.3786 0.9256 0.0010
vn 0.2798 0.9601 0.0010
vn 0.3778 0.9259 0.0009
vn -0.6375 0.7705 0.0006
vn -0.5222 0.8528 0.0008
vn -0.5236 0.8520 0.0008
vn 0.6365 0.7713 0.0006
vn 0.5026 0.8645 0.0008
vn 0.6355 0.7721 0.0006
vn 0.7528 0.6583 -0.0002
vn 0.7520 0.6592 0.0004
vn -0.7457 0.6663 0.0005
vn -0.7874 0.6165 0.0004
vn -0.8053 0.5929 0.0004
vn 0.8419 0.5396 0.0003
vn 0.9966 0.0824 -0.0000
vn 0.9810 0.1940 -0.0000
vn -0.9722 0.2341 -0.0000
vn -0.9858 0.1680 -0.0004
vn -0.9989 0.0472 -0.0002
vn 0.9811 0.1935 -0.0000
vn 0.9484 0.3171 0.0001
vn -0.9402 0.3406 0.0001
vn -0.9542 0.2993 -0.0000
vn -0.9689 0.2473 -0.0000
vn 0.9486 0.3164 -0.0000
vn -0.9241 0.3821 0.0001
vn -0.9353 0.3539 0.0001
vn -0.2873 0.9578 0.0010
vn -0.1437 0.9896 0.0012
vn -0.1342 0.9899 -0.0455
vn 0.0616 0.9981 0.0011
vn 0.0617 0.9981 0.0012
vn 0.2019 0.9794 0.0011
vn 0.2014 0.9795 0.0010
vn -0.2867 0.9580 0.0011
vn 0.2804 0.9599 0.0010
vn 0.5036 0.8639 0.0009
vn -0.4245 0.9054 0.0006
vn 0.1956 -0.9807 -0.0000
vn 0.1310 -0.9914 -0.0000
vn 0.1313 -0.9913 -0.0000
vn 0.1960 0.9806 -0.0000
vn -0.9806 -0.1962 -0.0000
vn -0.9951 -0.0990 -0.0000
vn -0.9951 -0.0987 -0.0000
vn -0.9951 -0.0985 -0.0000
vn -0.9951 -0.0991 -0.0000
vn -0.9951 -0.0984 -0.0019
vn -0.9806 -0.1960 -0.0000
vn 0.7071 -0.7071 -0.0000
vn 0.9951 -0.0990 -0.0000
vn 0.9806 -0.1962 -0.0000
vn 0.9806 -0.1961 -0.0000
vn 0.7075 0.7067 -0.0000
vn 0.7072 0.7071 -0.0000
vn 0.7073 0.7069 -0.0000
vn 0.9951 0.0990 -0.0000
vn 0.9806 0.1962 -0.0000
vn -0.7071 -0.7071 -0.0000
vn -0.1310 -0.9914 -0.0000
vn -0.1956 -0.9807 -0.0000
vn 0.0986 -0.9951 -0.0000
vn 0.7111 -0.0189 0.7028
vn 0.9951 -0.0989 0.0019
vn 0.9951 0.0987 -0.0000
vn 0.7111 0.0189 -0.7028
vn 0.9952 0.0982 -0.0019
vn -1.0000 0.0037 -0.0000
vn -0.9952 -0.0983 -0.0000
vn -0.7110 -0.0185 -0.7030
vn -0.0986 -0.9951 -0.0000
vn -0.1315 -0.9913 -0.0000
vn -1.0000 0.0043 -0.0000
vn -1.0000 0.0036 -0.0000
vn 1.0000 0.0067 0.0001
vn 1.0000 0.0067 -0.0000
vn 1.0000 0.0066 -0.0000
vn 1.0000 0.0029 -0.0000
vn 1.0000 0.0068 -0.0000
vn 1.0000 0.0068 -0.0002
vn 0.9276 -0.3736 0.0003
vn 0.8762 -0.4819 0.0005
vn 0.9290 -0.3700 0.0003
vn -1.0000 -0.0006 -0.0000
vn -0.8296 0.5583 0.0003
vn -0.8980 0.4400 0.0001
vn -0.8288 0.5596 0.0003
vn -0.8972 0.4416 0.0002
vn 0.8429 0.5380 0.0002
vn 0.9049 0.4256 0.0001
vn 0.9044 0.4266 0.0001
vn 0.9968 0.0803 -0.0000
vn 0.9993 -0.0368 -0.0000
vn -0.9995 0.0318 -0.0000
vn -0.9990 -0.0445 -0.0000
vn -0.9993 0.0378 -0.0000
vn -0.9989 -0.0465 -0.0000
vn 0.9892 -0.1468 0.0001
vn 0.9678 -0.2517 0.0001
vn 0.7550 -0.6558 0.0006
vn 0.7335 -0.6796 0.0008
vn 0.7344 -0.6787 0.0007
vn 0.7565 -0.6540 0.0006
vn 0.8141 -0.5807 0.0006
vn 0.8162 -0.5778 0.0006
vn -0.3472 0.9378 0.0009
vn -0.4255 0.9050 0.0009
vn -0.4253 0.9050 0.0009
vn 0.2803 0.9599 0.0010
vn 0.3789 0.9254 0.0009
vn 0.3786 0.9256 0.0009
vn -0.5237 0.8519 0.0007
vn -0.6365 0.7713 0.0007
vn -0.6385 0.7696 0.0007
vn 0.5041 0.8637 0.0008
vn 0.6376 0.7704 0.0006
vn -0.7471 0.6647 0.0005
vn -0.7465 0.6654 0.0005
vn -0.7465 0.6654 0.0004
vn 0.7536 0.6573 0.0004
vn 0.7528 0.6583 0.0005
vn 0.9815 0.1912 -0.0000
vn -0.9729 0.2311 -0.0000
vn -0.9724 0.2335 -0.0000
vn 0.9493 0.3143 0.0001
vn -0.9408 0.3389 0.0001
vn -0.9405 0.3399 0.0001
vn -0.1445 0.9895 0.0013
vn -0.2871 0.9579 0.0012
vn 0.0618 0.9981 0.0010
vn 0.2018 0.9794 0.0010
vn 0.2020 0.9794 0.0012
vn -0.3477 0.9376 0.0009
vn -0.5236 0.8520 0.0009
vn 0.0983 -0.9952 -0.0000
vn 0.1961 -0.9806 -0.0000
vn 0.1956 0.9807 -0.0000
vn -0.9806 -0.1963 -0.0000
vn -0.5363 -0.0447 -0.8428
vn 0.5362 -0.0452 0.8429
vn 0.5363 0.0448 -0.8429
vn -0.0983 -0.9952 -0.0000
vn 0.5763 0.5787 -0.5770
vn 0.5766 0.5787 -0.5768
vn 0.5768 0.5785 -0.5768
vn 0.5644 0.6027 0.5641
vn 0.5646 0.6026 0.5640
vn 0.7052 0.7090 -0.0000
vn 0.7040 0.7102 -0.0000
vn 0.7038 0.7104 -0.0000
vn 0.5763 0.5791 -0.5766
vn 0.5763 0.5790 -0.5767
vn 0.5765 0.5791 -0.5765
vn 0.5766 0.5790 -0.5764
vn 0.5765 0.5791 -0.5764
vn 0.5766 0.5790 -0.5765
vn 0.5767 0.5788 -0.5766
vn 0.5642 0.6027 0.5642
vn 0.5642 0.6028 0.5641
vn 0.5640 0.6030 0.5642
vn 0.5639 0.6031 0.5642
vn 0.5640 0.6031 0.5641
vn 0.5640 0.6032 0.5640
vn 0.5640 0.6032 0.5639
vn 0.5641 0.6032 0.5639
vn 0.7047 0.7095 -0.0000
vn 0.7046 0.7096 -0.0000
vn 0.7042 0.7100 -0.0000
vn 0.7208 -0.3903 0.5728
vn 0.3007 -0.2848 -0.9102
vn -0.3899 -0.4979 0.7747
vn 0.4056 -0.7275 0.5534
vn -0.3505 -0.9050 0.2409
vn -1.0000 0.0009 0.0023
vn -0.7455 0.5979 -0.2945
vn 0.7954 0.6045 -0.0436
vn -0.0000 0.0314 0.9995
vn -0.9957 -0.0923 -0.0000
vn -0.9985 0.0556 -0.0000
vn -0.9860 0.1669 -0.0000
vn -0.9680 0.2511 -0.0000
vn -0.9989 -0.0464 -0.0000
vn -1.0000 -0.0004 -0.0000
vn -0.9366 0.3505 -0.0000
vn -0.9248 0.3804 -0.0000
vn -0.8854 0.4648 0.0002
vn -0.8654 0.5010 0.0003
vn -0.8088 0.5880 0.0003
vn -0.7879 0.6158 0.0004
vn -0.7177 0.6964 0.0005
vn -0.7148 0.6994 0.0005
vn -0.7012 0.7130 0.0006
vn -0.7013 0.7128 0.0006
vn -1.0000 -0.0012 -0.0000
vn -1.0000 0.0002 -0.0000
vn -1.0000 -0.0008 -0.0000
vn -1.0000 0.0008 -0.0000
vn -1.0000 0.0067 -0.0000
vn -1.0000 0.0074 -0.0000
vn -1.0000 0.0075 -0.0000
vn -1.0000 0.0068 -0.0000
vn -1.0000 0.0074 -0.0001
vn -0.0000 -0.0000 -0.0000
vn -0.3898 -0.4979 0.7747
vn 0.3007 -0.2849 -0.9102
vn 0.7954 0.6045 -0.0435
vn -1.0000 0.0009 0.0024
vn 0.0214 -0.0000 0.9998
vn 0.0637 -0.0000 0.9980
vn -0.0209 -0.0000 0.9998
vn -0.0210 -0.1567 0.9874
vn -0.0128 -0.1422 0.9898
vn 0.0024 0.0276 0.9996
vn -0.0044 -0.0054 1.0000
vn -0.0075 -0.0451 0.9990
vn 0.0009 0.0009 1.0000
vn 0.0009 -0.0001 1.0000
vn 0.0009 0.0001 1.0000
vn -0.0000 -0.0015 1.0000
vn -0.0000 -0.0019 1.0000
vn -0.0000 0.0052 1.0000
vn -0.0002 -0.0071 1.0000
vn 0.0003 0.0225 0.9997
vn 0.0011 -0.0061 1.0000
vn 0.0013 0.0032 1.0000
vn 0.0006 -0.0073 1.0000
vn 0.0006 -0.0041 1.0000
vn 0.0010 0.0011 1.0000
vn 0.0009 -0.0002 1.0000
vn -0.0054 -0.0242 0.9997
vn 0.0020 0.0396 0.9992
vn 0.0007 -0.0002 1.0000
vn 0.0008 -0.0003 1.0000
vn 0.0003 -0.0183 0.9998
vn 0.0004 -0.0028 1.0000
vn 0.0005 -0.0030 1.0000
vn -0.0000 -0.0033 1.0000
vn 0.0002 0.0016 1.0000
vn 0.0001 0.0023 1.0000
vn 0.0001 0.0005 1.0000
vn -0.0002 -0.0181 0.9998
vn -0.0002 0.0184 0.9998
vn -0.0003 0.0080 1.0000
vn 0.0001 -0.0017 1.0000
vn 0.0001 -0.0002 1.0000
vn -0.0000 0.0056 1.0000
vn -0.0002 0.0678 0.9977
vn -0.0004 0.0246 0.9997
vn 0.0004 0.0127 0.9999
vn 0.0012 -0.0334 0.9994
vn 0.0006 -0.0118 0.9999
vn 0.0214 -0.0000 -0.9998
vn 0.0637 -0.0000 -0.9980
vn -0.0209 -0.0000 -0.9998
vn -0.0152 -0.2335 -0.9722
vn -0.0118 -0.1984 -0.9800
vn -0.2567 0.6336 0.7298
vn -0.0045 -0.0822 -0.9966
vn -0.0061 -0.1079 -0.9941
vn 0.0017 -0.0725 -0.9974
vn 0.0015 -0.0771 -0.9970
vn 0.0019 -0.0715 -0.9974
vn -0.0000 -0.0780 -0.9970
vn 0.0001 -0.0784 -0.9969
vn -0.0000 -0.0711 -0.9975
vn -0.0002 -0.0834 -0.9965
vn 0.0005 -0.0508 -0.9987
vn -0.0003 -0.0600 -0.9982
vn 0.0013 -0.0751 -0.9972
vn 0.0011 -0.0778 -0.9970
vn 0.0010 -0.0824 -0.9966
vn 0.0015 -0.0711 -0.9975
vn 0.0013 -0.0786 -0.9969
vn -0.0047 -0.0985 -0.9951
vn 0.0031 -0.0343 -0.9994
vn 0.0019 -0.0728 -0.9973
vn 0.0016 -0.0784 -0.9969
vn 0.0003 -0.0789 -0.9969
vn 0.0002 -0.0951 -0.9955
vn 0.0004 -0.0792 -0.9969
vn 0.0001 -0.0749 -0.9972
vn -0.0000 -0.0801 -0.9968
vn 0.0001 -0.0745 -0.9972
vn 0.0001 -0.0758 -0.9971
vn 0.0001 -0.0763 -0.9971
vn -0.0000 -0.0720 -0.9974
vn -0.0003 -0.0972 -0.9953
vn -0.0002 -0.0683 -0.9977
vn 0.0002 -0.0780 -0.9970
vn 0.0002 -0.0771 -0.9970
vn -0.0005 -0.0528 -0.9986
vn -0.0003 -0.0124 -0.9999
vn 0.0002 -0.0643 -0.9979
vn 0.0010 -0.1085 -0.9941
vn 0.0004 -0.0877 -0.9962
vn -0.0353 -0.6362 0.7707
vn 0.8876 -0.2641 -0.3774
vn 0.0680 0.0658 -0.9955
vn -0.8331 -0.0000 0.5531
vn -0.8333 -0.0000 -0.5528
vn 0.8096 -0.0000 -0.5870
vn -0.7705 0.1096 0.6279
vn -0.5031 -0.0300 -0.8637
vn -0.4723 0.0347 0.8808
vn 1.0000 -0.0010 -0.0000
vn 0.7638 -0.0045 -0.6455
vn 1.0000 -0.0009 -0.0000
vn 1.0000 -0.0007 -0.0000
vn 0.7698 -0.0015 -0.6382
vn -0.7611 0.0492 0.6467
vn -0.7892 0.2308 -0.5691
vn -0.6814 0.3270 0.6548
vn -0.6753 0.3670 -0.6398
vn -0.6375 0.3997 0.6587
vn 0.7629 -0.0008 -0.6465
vn 1.0000 -0.0003 -0.0000
vn 1.0000 0.0004 0.0001
vn -0.2409 -0.9253 -0.2928
vn 0.6543 -0.3908 0.6474
vn 0.8849 -0.4658 -0.0003
vn 0.7027 -0.2937 0.6480
vn -0.6663 -0.3745 0.6449
vn -0.6692 -0.3162 -0.6725
vn -0.7018 -0.2830 0.6537
vn -0.7543 -0.0116 0.6564
vn -0.7587 0.0233 -0.6510
vn -0.7532 0.0804 0.6529
vn 0.9984 0.0562 -0.0001
vn 0.7726 0.0403 0.6336
vn 0.7343 0.0645 0.6758
vn -0.7500 0.1082 -0.6525
vn -0.7360 0.1576 0.6584
vn 1.0000 0.0029 0.0008
vn 1.0000 0.0009 -0.0000
vn 0.7533 0.0504 0.6557
vn -0.7409 0.1883 -0.6447
vn -0.7164 0.2378 0.6559
vn 0.7550 0.0038 -0.6557
vn 1.0000 0.0007 -0.0000
vn 0.7567 -0.0018 -0.6538
vn 1.0000 -0.0005 -0.0000
vn -0.7134 0.2862 -0.6396
vn 0.7602 -0.0013 -0.6497
vn 1.0000 -0.0017 -0.0000
vn -0.5721 0.5216 0.6330
vn -0.5440 0.4851 -0.6846
vn -0.5378 0.4445 0.7164
vn 1.0000 -0.0001 -0.0000
vn 0.7676 -0.0013 -0.6409
vn 0.7653 -0.0011 -0.6436
vn -0.5894 0.4732 0.6547
vn -0.5933 0.5001 -0.6307
vn -0.6306 0.4496 -0.6326
vn 0.3087 -0.6548 -0.6898
vn 0.2749 -0.7044 0.6544
vn 0.3469 -0.6791 0.6469
vn -0.2229 -0.7244 0.6524
vn -0.2743 -0.6721 -0.6877
vn -0.3091 -0.6999 0.6439
vn 0.4643 -0.5667 -0.6806
vn 0.4175 -0.6346 0.6504
vn 0.5168 -0.5693 0.6394
vn -0.4058 -0.6483 0.6442
vn -0.4668 -0.5677 -0.6781
vn -0.5152 -0.5713 0.6389
vn -0.5525 -0.4843 -0.6784
vn -0.5971 -0.4736 0.6475
vn 0.8019 -0.5974 -0.0017
vn 0.5909 -0.4786 0.6494
vn 0.8003 -0.5996 -0.0000
vn -0.6242 -0.3982 -0.6722
vn -0.7513 -0.0959 0.6530
vn -0.7497 -0.0661 -0.6584
vn 0.9686 -0.2486 0.0014
vn 0.3529 -0.7597 0.5462
vn 0.8008 -0.2329 0.5519
vn 0.7479 -0.1258 0.6518
vn -0.7356 -0.1919 0.6497
vn -0.7359 -0.1469 -0.6610
vn 0.9549 -0.2970 -0.0000
vn 0.7240 -0.2140 0.6557
vn -0.7098 -0.2342 -0.6644
vn 0.9713 -0.2380 -0.0036
vn 0.9351 -0.3545 0.0001
vn 0.2110 -0.6901 -0.6923
vn 0.1320 -0.7690 0.6255
vn 0.2274 -0.7280 0.6468
vn 0.1086 -0.7193 -0.6861
vn -0.0575 -0.7729 0.6319
vn -0.1492 -0.7026 -0.6958
vn -0.1597 -0.7450 0.6477
vn 0.2458 -0.6756 -0.6951
vn -0.1983 -0.6931 -0.6930
vn -0.3651 -0.6301 -0.6853
vn 0.3758 -0.6189 -0.6897
vn 0.1333 -0.9222 0.3629
vn 0.2458 -0.9537 0.1732
vn 0.2042 -0.9323 -0.2987
vn 0.2538 0.8253 -0.5045
vn 0.3122 0.8287 0.4645
vn 0.1739 -0.9848 -0.0000
vn -0.8615 0.4426 -0.2488
vn 0.1734 -0.9848 -0.0009
vn 0.1727 -0.9850 -0.0006
vn 0.1724 -0.9850 0.0007
vn 0.1713 -0.9852 0.0018
vn 0.1703 -0.9854 -0.0000
vn 0.1715 -0.9852 -0.0014
vn 0.1723 -0.9850 0.0003
vn 0.1731 -0.9849 0.0010
vn 0.1733 -0.9849 0.0010
vn 0.1738 -0.9848 0.0008
vn 0.4368 -0.8354 -0.3338
vn -0.8251 -0.2541 0.5047
vn 0.6390 -0.6390 0.4281
vn 0.6390 -0.6390 -0.4281
vn 0.6390 -0.6390 -0.4282
vn -0.3025 -0.8711 -0.3868
vn 0.8127 -0.2432 -0.5295
vn -0.4066 -0.8434 0.3512
vn 0.6390 0.6390 -0.4282
vn 0.6390 0.6390 0.4282
vn -0.3020 0.8708 0.3880
vn 0.8253 0.2539 0.5045
vn -0.4052 0.8440 -0.3514
vn -0.6390 -0.6390 0.4281
vn -0.6390 -0.6390 -0.4281
vn -0.6451 -0.7059 -0.2926
vn -0.3485 -0.8098 -0.4720
vn -0.6901 -0.6725 0.2673
vn 0.0051 -0.9711 0.2387
vn -0.7417 0.3890 0.5464
vn 0.0258 -0.9647 -0.2621
vn 0.3150 -0.9252 -0.2115
vn 0.4419 -0.8485 0.2912
vn 0.1179 0.9530 0.2790
vn 0.1102 0.6454 0.7558
vn -0.0321 -0.9565 0.2901
vn -0.2109 -0.9036 -0.3730
vn 0.6251 0.4452 -0.6412
vn 0.4028 0.2919 -0.8675
vn 0.2314 0.1561 -0.9603
vn -0.0365 -0.5107 -0.8590
vn -0.9354 0.2464 0.2536
vn -0.5410 0.0542 0.8393
vn -0.3119 -0.0000 0.9501
vn 0.4473 -0.8616 -0.2400
vn -0.8355 0.0117 0.5493
vn -0.8348 -0.0000 0.5506
vn -0.3647 -0.0003 0.9311
vn 0.9981 -0.0039 -0.0609
vn -0.3516 -0.0728 -0.9333
vn -0.3119 -0.0000 -0.9501
vn 0.4464 0.8618 0.2409
vn -0.8355 -0.0118 -0.5493
vn -0.8347 -0.0004 -0.5507
vn -0.3652 0.0003 -0.9309
vn 0.9980 0.0037 0.0630
vn 0.7994 0.0297 0.6000
vn 0.2969 0.0121 0.9548
vn 0.3074 -0.0000 0.9516
vn -0.3115 0.6800 -0.6637
vn 0.8331 -0.0000 0.5531
vn 0.3594 0.0003 0.9332
vn -0.9982 0.0040 -0.0604
vn 0.3511 0.0689 -0.9338
vn 0.3119 -0.0000 -0.9501
vn 0.3365 -0.0007 -0.9417
vn 0.8173 0.0010 -0.5763
vn 0.7878 -0.0051 -0.6159
vn 0.1050 -0.0067 -0.9944
vn 0.3243 0.0004 -0.9460
vn -0.0041 -1.0000 -0.0018
vn 0.7233 -0.3247 -0.6094
vn 0.9157 0.0577 0.3977
vn 0.0143 -0.9997 -0.0199
vn 0.1607 0.0635 0.9850
vn 0.2920 0.0553 0.9548
vn 0.1680 -0.0023 -0.9858
vn 0.8091 -0.0167 -0.5875
vn 0.4300 0.6492 0.6274
vn 0.2817 0.4370 0.8542
vn 0.1322 0.2655 0.9550
vn -0.2432 0.2281 0.9428
vn 0.9613 0.0500 -0.2710
vn 0.5950 0.0254 -0.8033
vn -0.9615 -0.0383 -0.2720
vn -0.8812 -0.2157 0.4207
vn 0.7693 0.0499 0.6369
vn 0.1805 0.0708 0.9810
vn 0.1866 -0.0014 -0.9824
vn 0.0752 0.0618 0.9953
vn -0.5170 -0.0197 -0.8558
vn -0.7386 0.1589 -0.6551
vn 0.3123 0.1893 -0.9309
vn -0.1325 0.1325 0.9823
vn -0.1049 0.1318 0.9857
vn -0.1837 0.0991 -0.9780
vn -0.2042 0.0792 -0.9757
vn 0.7609 0.0470 0.6472
vn 0.1532 0.0719 0.9856
vn 0.1601 0.0712 0.9845
vn 0.1601 -0.0003 -0.9871
vn 0.1664 -0.0011 -0.9861
vn 0.1954 -0.0528 0.9793
vn 0.1982 -0.0190 0.9800
vn 0.6126 -0.4139 -0.6734
vn 0.1301 -0.0674 -0.9892
vn 0.1123 -0.0757 -0.9908
vn -0.2034 -0.0498 0.9778
vn -0.1777 -0.0099 0.9840
vn -0.1143 -0.0548 -0.9919
vn -0.1207 -0.0817 -0.9893
vn -0.1643 0.0625 0.9844
vn -0.1714 0.0864 0.9814
vn -0.1568 -0.0142 -0.9875
vn -0.1878 0.0040 -0.9822
vn 0.2463 0.0859 0.9654
vn 0.0447 0.0427 0.9981
vn 0.7699 -0.0313 -0.6374
vn 0.0647 -0.0148 -0.9978
vn 0.2671 -0.0110 -0.9636
vn -0.1387 0.0943 0.9858
vn -0.1722 0.0243 -0.9848
vn 0.1418 0.0791 0.9867
vn 0.1499 0.0079 -0.9887
vn -0.1433 0.1175 0.9827
vn -0.1936 0.0503 -0.9798
vn 0.7546 0.0463 0.6545
vn 0.1411 0.0712 0.9874
vn 0.1474 -0.0014 -0.9891
vn 0.7580 0.0467 0.6506
vn 0.7677 0.0455 0.6392
vn 0.1751 0.0714 0.9820
vn 0.1815 -0.0007 -0.9834
vn -0.1037 0.1531 0.9828
vn 0.1409 -0.1578 0.9774
vn 0.1288 -0.0890 -0.9877
vn -0.2705 0.1431 -0.9520
vn 0.7657 0.0461 0.6415
vn 0.1677 0.0714 0.9832
vn 0.1745 -0.0007 -0.9847
vn -0.1028 0.1522 0.9830
vn -0.1968 0.1345 -0.9712
vn 0.7634 0.0465 0.6443
vn 0.0775 -0.1398 0.9871
vn 0.1214 -0.1587 0.9798
vn 0.0183 -0.0552 -0.9983
vn 0.0475 -0.0806 -0.9956
vn -0.0658 -0.1561 0.9855
vn -0.1112 -0.1775 0.9778
vn -0.0193 -0.0576 -0.9982
vn -0.0385 -0.0876 -0.9954
vn 0.1273 -0.1323 0.9830
vn 0.1837 -0.1350 0.9737
vn 0.0429 -0.0751 -0.9963
vn 0.0885 -0.1019 -0.9908
vn -0.1359 -0.1544 0.9786
vn -0.1827 -0.1374 0.9735
vn -0.0518 -0.0887 -0.9947
vn -0.0841 -0.1041 -0.9910
vn 0.1737 -0.0805 0.9815
vn 0.0835 -0.0790 -0.9934
vn -0.1812 -0.0825 0.9800
vn -0.0907 -0.0814 -0.9925
vn -0.1822 0.0419 0.9824
vn -0.1551 -0.0334 -0.9873
vn 0.1976 0.0379 0.9795
vn 0.1662 -0.0385 -0.9853
vn -0.1980 0.0155 0.9801
vn -0.1476 -0.0493 -0.9878
vn 0.1707 0.0113 0.9853
vn 0.1208 -0.0486 -0.9915
vn 0.7279 -0.1716 -0.6639
vn 0.6660 -0.3286 -0.6697
vn 0.0470 -0.2383 0.9701
vn 0.0436 -0.1488 0.9879
vn 0.0037 -0.0620 -0.9981
vn 0.0070 -0.1304 -0.9914
vn -0.0211 -0.2310 0.9727
vn 0.0030 -0.1204 -0.9927
vn -0.0379 -0.1637 0.9858
vn -0.0128 -0.0683 -0.9976
vn -0.0425 -0.7211 -0.6916
vn -0.1246 -0.5638 -0.8165
vn -0.5928 -0.8036 -0.0529
vn -0.1632 0.5990 0.7839
vn -0.5619 0.7939 -0.2325
vn -0.2553 0.7446 -0.6168
vn -0.6238 0.0986 -0.7753
vn -0.5274 0.8273 0.1934
vn -0.7444 0.2553 0.6170
vn 0.3970 -0.3970 -0.8275
vn 0.3970 -0.3971 -0.8275
vn 0.3970 -0.3970 0.8275
vn 0.3969 -0.3970 0.8276
vn 0.8287 -0.3122 0.4645
vn 0.5990 0.1633 0.7839
vn 0.3970 0.3970 0.8275
vn 0.3970 0.3970 -0.8275
vn 0.5097 -0.8394 0.1889
vn 0.7442 -0.2550 0.6173
vn 0.8287 0.3122 -0.4645
vn 0.5994 -0.1635 -0.7836
vn -0.3970 -0.3967 -0.8277
vn -0.3970 -0.3970 -0.8275
vn -0.3970 -0.3970 0.8275
vn 0.1699 -0.6096 -0.7743
vn 0.0860 -0.4458 0.8910
vn -0.5064 -0.7382 0.4456
vn -0.5495 -0.6612 0.5108
vn -0.6333 -0.6370 0.4395
vn -0.7279 -0.5274 -0.4383
vn -0.6480 -0.5733 -0.5014
vn -0.6268 -0.6494 -0.4305
vn -0.6620 -0.7495 0.0001
vn -0.6364 -0.7714 -0.0004
vn -0.6252 -0.7805 0.0003
vn -0.6631 -0.5450 0.5132
vn -0.7270 -0.5106 0.4591
vn -0.6289 -0.3484 0.6951
vn 0.1380 0.3384 0.9308
vn 0.5730 0.7266 -0.3791
vn 0.3049 0.1512 0.9403
vn 0.4703 0.6450 -0.6023
vn -0.3569 -0.6803 0.6402
vn -0.2347 -0.5996 0.7651
vn -0.5306 -0.6844 -0.5001
vn -0.4962 -0.7444 -0.4468
vn -0.3523 -0.6566 -0.6669
vn 0.2835 0.0379 -0.9582
vn 0.7992 0.5882 0.1235
vn 0.0465 0.1538 -0.9870
vn 0.7007 0.6943 0.1643
vn -0.6615 -0.3684 -0.6532
vn -0.5845 -0.2519 -0.7713
vn -0.7375 -0.6754 -0.0001
vn -0.6691 -0.7432 -0.0003
vn -0.7659 -0.6430 -0.0000
vn -0.7410 -0.6716 -0.0002
vn 1.0000 -0.0033 0.0019
vn 0.1700 0.6790 -0.7142
vn 1.0000 -0.0037 -0.0000
vn 1.0000 -0.0011 -0.0015
vn 1.0000 -0.0024 -0.0019
vn 0.9979 -0.0338 0.0545
vn 0.2074 -0.9598 0.1894
vn 1.0000 -0.0001 0.0011
vn 1.0000 -0.0016 0.0022
vn 1.0000 -0.0091 0.0011
vn 0.9999 -0.0107 -0.0000
vn 1.0000 -0.0059 0.0012
vn 1.0000 -0.0085 -0.0005
vn 1.0000 -0.0056 -0.0011
vn 1.0000 0.0015 -0.0012
vn 1.0000 -0.0004 -0.0013
vn 1.0000 0.0021 -0.0008
vn 0.0268 0.9996 -0.0000
vn -0.0372 0.7885 0.6139
vn -0.2884 -0.8913 -0.3499
vn -0.1169 -0.8231 -0.5558
vn 0.0065 0.6465 -0.7629
vn 0.8440 -0.3327 0.4207
vn 0.1337 0.8681 -0.4781
vn 1.0000 0.0016 0.0006
vn -0.2553 -0.2945 0.9209
vn -0.1816 -0.1937 -0.9641
vn -0.9615 -0.2272 0.1546
vn 0.0787 0.7431 0.6646
vn -0.1258 -0.8674 -0.4815
vn -0.0948 0.7976 -0.5957
vn -0.0877 -0.9582 -0.2722
vn -0.0014 -0.6322 -0.7748
vn -0.1211 0.6645 0.7374
vn 0.0278 -0.9357 0.3517
vn -0.1983 0.6950 -0.6911
vn -0.9545 0.0576 -0.2926
vn -0.2842 0.2842 0.9157
vn -0.0241 -0.1627 0.9864
vn 0.2335 0.2968 0.9259
vn 0.2428 -0.0013 -0.9701
vn 0.9534 0.2423 0.1798
vn 0.0410 0.7188 -0.6940
vn 0.0018 0.8467 -0.5321
vn -0.0104 -0.6327 0.7743
vn -0.0442 0.7274 0.6848
vn -0.0052 0.8526 0.5225
vn -0.0195 -0.9496 -0.3128
vn -0.0740 0.1229 -0.9897
vn 0.0721 0.8522 -0.5182
vn -0.1980 -0.6949 0.6913
vn -0.9544 -0.0542 0.2935
vn -0.2842 -0.2842 -0.9157
vn 0.1207 0.6667 -0.7355
vn 0.1560 0.7635 0.6267
vn 0.9481 0.1089 0.2987
vn 0.2844 0.2844 -0.9156
vn -0.0177 -0.2042 -0.9788
vn -0.7095 -0.0968 0.6980
vn -0.7092 0.0971 -0.6983
vn 0.9949 0.1006 0.0008
vn 0.7407 0.0518 -0.6698
vn 0.9985 -0.0544 -0.0001
vn 0.9959 -0.0910 0.0008
vn 0.9688 -0.2480 0.0004
vn 0.9991 0.0424 0.0011
vn 0.6993 -0.2604 -0.6657
vn 0.9355 -0.3532 -0.0004
vn 0.9257 -0.3783 -0.0003
vn 0.8847 -0.4662 -0.0004
vn 0.8678 -0.4968 -0.0000
vn 0.8077 -0.5896 -0.0006
vn 0.5491 -0.4913 -0.6761
vn 0.7904 -0.6126 -0.0001
vn 0.7173 -0.6968 -0.0007
vn 0.7147 -0.6994 -0.0002
vn 0.7020 -0.7121 -0.0002
vn 0.7020 -0.7122 -0.0009
vn 0.7048 -0.7094 -0.0006
vn 1.0000 0.0012 -0.0000
vn 1.0000 -0.0002 -0.0000
vn 1.0000 0.0008 -0.0000
vn 1.0000 0.0006 -0.0000
vn 1.0000 0.0001 -0.0000
vn 1.0000 -0.0047 -0.0000
vn 1.0000 -0.0077 -0.0000
vn 1.0000 -0.0075 -0.0000
vn 1.0000 -0.0069 -0.0000
vn -0.0000 0.3309 0.9437
vn -0.0000 0.2495 0.9684
vn 0.0064 0.9636 0.2673
vn 0.0011 0.9272 0.3746
vn 0.0011 0.9292 0.3697
vn 0.0007 0.8277 0.5612
vn 0.0008 0.8276 0.5613
vn 0.0006 0.7620 0.6476
vn 0.0004 0.7622 0.6474
vn -0.0001 0.4199 0.9076
vn 0.0003 0.4206 0.9072
vn 0.0001 0.4198 0.9076
vn -0.4133 -0.5060 -0.7571
vn -0.5173 -0.8402 -0.1626
vn -0.3702 -0.7511 0.5466
vn -0.3220 -0.5478 -0.7722
vn -0.3519 -0.8053 -0.4772
vn -0.2814 -0.4898 -0.8252
vn 0.0023 -0.1125 -0.9937
vn 0.0003 -0.1133 -0.9936
vn 0.0075 -0.1079 -0.9941
vn 0.0006 0.0081 -1.0000
vn 0.0008 -0.0018 -1.0000
vn -0.0001 0.1081 -0.9941
vn -0.0000 0.1080 0.9942
vn 0.0001 0.2149 0.9766
vn -0.0001 0.1082 0.9941
vn 0.0005 0.3201 0.9474
vn 0.0001 0.2146 0.9767
vn 0.0003 0.3194 0.9476
vn 0.0001 0.7620 0.6475
vn 0.0001 0.7618 0.6479
vn -0.0000 0.6876 0.7261
vn 0.0001 0.6877 0.7260
vn -0.0000 0.6051 0.7961
vn -0.0000 0.6051 0.7962
vn -0.0001 0.5151 0.8571
vn -0.0001 0.5154 0.8569
vn -0.0002 0.4197 0.9077
vn -0.5449 -0.6457 -0.5348
vn -0.6098 -0.6658 -0.4298
vn -0.5232 -0.7075 -0.4751
vn -0.4123 -0.5181 -0.7494
vn -0.0445 -0.2136 -0.9759
vn -0.0759 -0.3256 -0.9425
vn -0.0716 -0.8747 -0.4793
vn -0.0122 -0.0056 -0.9999
vn -0.5808 -0.4985 0.6436
vn 0.6644 0.6550 -0.3598
vn -0.1330 -0.3820 -0.9146
vn -0.1711 -0.4954 -0.8517
vn -0.1301 -0.4442 -0.8864
vn -0.0825 -0.2916 -0.9530
vn -0.2355 -0.4647 -0.8536
vn -0.3096 -0.7999 -0.5141
vn -0.1766 -0.4459 -0.8775
vn 0.9913 -0.1313 -0.0000
vn 0.0102 -0.1877 -0.9822
vn 0.0156 0.5656 -0.8246
vn 0.0127 0.5382 -0.8427
vn 0.0361 -0.1727 0.9843
vn -0.0122 0.5441 0.8389
vn 0.0368 -0.1853 0.9820
vn -0.0000 0.8611 -0.5084
vn -0.0001 0.9419 -0.3358
vn -0.0000 -0.1660 0.9861
vn -0.0000 -0.2496 0.9684
vn -0.0000 -0.2496 -0.9684
vn -0.0000 -0.1660 -0.9861
vn -0.0000 -0.8611 -0.5085
vn -0.0000 -0.7490 -0.6626
vn -0.0000 -0.7490 0.6626
vn -0.0000 -0.8611 0.5085
vn -0.0000 0.8611 0.5085
vn -0.0000 0.7490 0.6626
vn -0.0000 0.2495 -0.9684
vn -0.0000 0.3312 -0.9436
vn -0.0000 0.4996 -0.8663
vn -0.0000 0.6194 -0.7850
vn -0.0000 0.7490 -0.6626
vn -0.0000 0.9866 -0.1631
vn -0.0000 0.9866 -0.1632
vn -0.0000 0.9866 0.1632
vn -0.0000 0.9866 0.1631
vn -0.0001 0.9419 0.3358
vn -0.0000 0.8611 0.5084
vn -0.0000 0.6194 0.7850
vn -0.0000 0.4998 0.8661
vn -0.0000 0.0824 0.9966
vn -0.0000 0.1660 0.9861
vn -0.0000 0.4091 0.9125
vn -0.0000 -0.4091 0.9125
vn -0.0000 -0.4998 0.8661
vn -0.0000 -0.3309 0.9437
vn -0.0000 -0.0824 0.9966
vn -0.0000 -0.9866 0.1631
vn -0.0000 -0.9419 0.3358
vn -0.0000 -0.6195 0.7850
vn -0.0000 -0.9866 -0.1631
vn -0.0000 -0.9419 -0.3358
vn -0.0000 -0.6195 -0.7850
vn -0.0000 -0.4996 -0.8663
vn -0.0000 -0.4091 -0.9125
vn -0.0000 -0.3312 -0.9436
vn -0.0000 -0.0824 -0.9966
vn -0.0000 0.0824 -0.9966
vn -0.0000 0.1660 -0.9861
vn -0.0000 0.4091 -0.9125
vn -0.0000 0.4092 -0.9125
vn -0.9242 -0.3819 -0.0000
vn -0.9241 -0.3821 -0.0000
vn 0.0093 -0.1429 0.9897
vn 0.0074 -0.1033 0.9946
vn -0.0187 -0.2590 0.9657
vn -0.0030 -0.2044 0.9789
vn -0.0361 -0.2320 0.9720
vn -0.1553 -0.7283 0.6674
vn -0.1817 -0.7953 0.5783
vn -0.0775 -0.3203 0.9441
vn -0.1623 -0.4093 0.8979
vn -0.1341 -0.3659 0.9209
vn -0.1775 -0.4505 0.8749
vn -0.2095 -0.4994 0.8407
vn -0.2868 -0.5270 0.8000
vn -0.2528 -0.4946 0.8315
vn -0.3116 -0.5568 0.7700
vn -0.3496 -0.5913 0.7267
vn -0.4401 -0.5907 0.6764
vn -0.4012 -0.5626 0.7228
vn -0.4586 -0.6127 0.6437
vn -0.4879 -0.6253 0.6090
vn -0.6306 -0.6373 0.4429
vn -0.6181 -0.6356 0.4626
vn -0.6932 -0.6862 0.2205
vn -0.6994 -0.6814 0.2157
vn -0.7108 -0.6993 -0.0757
vn -0.7109 -0.6992 -0.0757
vn -0.6669 -0.6568 -0.3520
vn -0.6632 -0.6532 -0.3654
vn -0.6256 -0.6019 -0.4963
vn -0.0003 0.2160 -0.9764
vn -0.0000 0.2128 -0.9771
vn -0.0002 0.3199 -0.9475
vn 0.0002 0.3171 -0.9484
vn -0.0001 0.3200 -0.9474
vn 0.0001 0.3193 -0.9476
vn -0.0002 0.4200 -0.9075
vn -0.0003 0.4202 -0.9074
vn -0.0003 0.5155 -0.8569
vn -0.0002 0.5154 -0.8569
vn -0.0001 0.5159 -0.8567
vn -0.0001 0.5143 -0.8576
vn -0.0000 0.6042 -0.7968
vn -0.0000 0.6057 -0.7957
vn -0.0000 0.6877 -0.7260
vn 0.0002 0.7616 -0.6480
vn -0.0000 0.7620 -0.6476
vn 0.0003 0.8277 -0.5612
vn 0.0006 0.8272 -0.5620
vn 0.0019 0.8832 -0.4691
vn -0.0004 0.8840 -0.4675
vn 0.0050 0.9288 -0.3705
vn 0.0079 0.9268 -0.3755
vn 0.0067 0.9635 -0.2676
vn 0.0073 0.9627 -0.2703
vn 0.0075 0.9985 -0.0541
vn 0.0072 0.9868 0.1619
vn 0.0061 0.9621 0.2727
vn 0.0074 0.9868 0.1617
vn 0.1960 -0.9806 -0.0000
vn 0.9806 -0.1960 -0.0000
vn 0.7072 0.7070 -0.0000
vn 0.5762 0.5794 -0.5764
vn 0.5766 0.5789 -0.5766
vn 0.5641 0.6030 0.5641
vn 0.5643 0.6027 0.5642
vn 0.7048 0.7094 -0.0000
vn -0.7014 0.7127 0.0006
vn 0.7209 -0.3903 0.5727
vn -0.0102 0.1999 0.9798
vn 0.0023 -0.0419 -0.9991
vn 0.0010 -0.0839 -0.9965
vn -0.0096 0.1099 -0.9939
vn -0.4095 -0.8078 0.4239
vn 0.5811 0.4452 -0.6813
vn 0.8385 -0.0394 0.5434
vn 0.4301 0.5989 0.6755
vn -0.5753 -0.2778 0.7693
vn -0.2920 -0.6092 -0.7373
vn -0.7705 -0.6374 -0.0003
vn -0.9670 -0.2260 -0.1178
vn -0.0094 0.8877 -0.4603
vn -0.7344 0.6785 -0.0192
vn 0.9689 -0.2127 0.1266
vn 1.0000 -0.0075 -0.0001
vn -0.3269 -0.5564 -0.7639
vn -0.0103 -0.1038 -0.9945
vn -0.0380 -0.0941 -0.9948
vn 0.0139 -0.1682 -0.9857
vn -0.0114 0.5479 0.8365
vt 0.064277 0.350790
vt 0.132470 0.348375
vt 0.062208 0.388945
vt 0.134910 0.417289
vt 0.063302 0.419824
vt 0.332464 0.380282
vt 0.133760 0.384800
vt 0.137350 0.486200
vt 0.335965 0.479168
vt 0.064395 0.450701
vt 0.136061 0.449775
vt 0.333586 0.411962
vt 0.128485 0.486513
vt 0.069157 0.488614
vt 0.332396 0.378360
vt 0.333305 0.404050
vt 0.333375 0.406028
vt 0.062394 0.351235
vt 0.067247 0.488303
vt 0.330761 0.342875
vt 0.331206 0.344759
vt 0.061294 0.352416
vt 0.060983 0.354326
vt 0.066066 0.487206
vt 0.065621 0.485322
vt 0.329583 0.341775
vt 0.327673 0.341464
vt 0.133412 0.486339
vt 0.136365 0.486234
vt 0.061115 0.358068
vt 0.065488 0.481578
vt 0.335829 0.475327
vt 0.334707 0.443645
vt 0.332328 0.376434
vt 0.332579 0.383539
vt 0.332831 0.390645
vt 0.333082 0.397751
vt 0.333334 0.404856
vt 0.333982 0.423163
vt 0.334379 0.434365
vt 0.334775 0.445566
vt 0.335172 0.456767
vt 0.335568 0.467969
vt 0.331342 0.348599
vt 0.333189 0.400763
vt 0.332792 0.389562
vt 0.331999 0.367159
vt 0.331603 0.355957
vt 0.131441 0.486409
vt 0.134397 0.486304
vt 0.332941 0.393743
vt 0.333796 0.417898
vt 0.334156 0.428065
vt 0.334231 0.430183
vt 0.333016 0.395861
vt 0.331626 0.356626
vt 0.333090 0.397979
vt 0.332791 0.389510
vt 0.332716 0.387392
vt 0.332866 0.391628
vt 0.333165 0.400095
vt 0.333516 0.409984
vt 0.333445 0.408006
vt 0.333235 0.402072
vt 0.334006 0.423831
vt 0.333936 0.421854
vt 0.333866 0.419876
vt 0.333656 0.413942
vt 0.333726 0.415920
vt 0.334381 0.434416
vt 0.334455 0.436532
vt 0.334306 0.432298
vt 0.334081 0.425947
vt 0.137211 0.482261
vt 0.132610 0.352314
vt 0.332076 0.369328
s 1
f 1/1/1 2/1/2 3/1/1
f 4/2/3 5/1/4 1/1/3
f 4/2/5 6/2/6 7/2/6
f 8/2/7 2/1/8 6/2/8
f 5/1/9 9/1/10 2/1/2
f 3/1/1 10/1/11 1/1/1
f 7/2/4 11/1/12 5/1/4
f 1/1/3 12/2/13 4/2/3
f 6/2/6 13/2/6 7/2/6
f 4/2/5 14/2/14 8/2/14
f 6/2/8 9/1/7 15/2/7
f 8/2/7 16/1/15 3/1/7
f 17/1/16 18/1/16 19/1/16
f 20/2/17 19/1/17 21/2/17
f 22/2/18 21/2/18 23/2/18
f 18/1/19 22/2/19 23/2/19
f 19/1/20 24/1/20 25/1/20
f 26/1/21 27/1/21 28/1/21
f 29/2/22 19/1/22 25/1/22
f 27/1/23 20/2/23 30/2/23
f 23/2/24 29/2/25 31/2/26
f 20/2/27 32/2/27 30/2/27
f 18/1/28 31/2/29 24/1/30
f 22/2/31 28/1/31 32/2/31
f 1/1/1 5/1/9 2/1/2
f 4/2/3 7/2/4 5/1/4
f 4/2/5 8/2/14 6/2/6
f 8/2/7 3/1/7 2/1/8
f 5/1/9 11/1/32 9/1/10
f 3/1/1 16/1/11 10/1/11
f 7/2/4 13/2/33 11/1/12
f 1/1/3 10/1/13 12/2/13
f 6/2/6 15/2/6 13/2/6
f 4/2/5 12/2/34 14/2/14
f 6/2/8 2/1/8 9/1/7
f 8/2/7 14/2/15 16/1/15
f 17/1/16 26/1/16 18/1/16
f 20/2/17 17/1/17 19/1/17
f 22/2/18 20/2/18 21/2/18
f 18/1/19 26/1/19 22/2/19
f 19/1/20 18/1/20 24/1/20
f 26/1/21 17/1/21 27/1/21
f 29/2/22 21/2/22 19/1/22
f 27/1/35 17/1/35 20/2/35
f 23/2/24 21/2/36 29/2/25
f 20/2/27 22/2/27 32/2/27
f 18/1/28 23/2/29 31/2/29
f 22/2/37 26/1/37 28/1/37
f 33/3/38 34/4/38 35/5/38
f 36/6/38 34/4/38 37/7/38
f 38/8/38 39/9/38 40/8/38
f 39/9/38 41/8/38 40/8/38
f 42/9/38 43/8/38 44/9/38
f 45/9/38 46/8/38 47/9/38
f 48/8/38 49/9/38 50/9/38
f 49/9/38 51/8/38 52/9/38
f 52/9/38 53/8/38 54/9/38
f 54/9/38 55/8/38 42/9/38
f 41/8/38 56/9/38 57/8/38
f 57/8/38 58/9/38 59/8/38
f 59/8/38 44/9/38 43/8/38
f 60/9/38 61/8/38 62/8/38
f 63/9/38 64/8/38 65/8/38
f 66/9/38 65/8/38 67/8/38
f 66/9/38 68/8/38 45/9/38
f 48/8/38 69/9/38 70/8/38
f 70/8/38 71/9/38 72/8/38
f 46/8/38 71/9/38 47/9/38
f 73/9/39 74/8/40 75/8/38
f 76/9/38 75/8/38 61/8/38
f 62/8/38 77/9/38 60/9/38
f 78/10/41 79/4/41 80/5/41
f 81/11/41 82/12/41 79/4/41
f 83/9/42 84/8/43 85/8/44
f 83/9/42 86/8/45 87/9/45
f 88/8/46 89/9/45 90/9/46
f 91/9/46 92/8/46 93/8/47
f 94/8/46 95/9/46 96/8/46
f 97/8/46 95/9/46 98/9/46
f 99/8/46 98/9/46 100/9/45
f 101/8/46 100/9/45 89/9/45
f 102/9/46 86/8/45 103/8/45
f 104/9/46 103/8/45 105/8/46
f 90/9/46 105/8/46 88/8/46
f 106/8/48 107/9/46 108/8/46
f 109/8/46 110/9/46 111/8/46
f 111/8/46 112/9/46 113/8/45
f 112/9/46 93/8/47 113/8/45
f 94/8/46 114/9/46 115/9/46
f 116/8/46 117/9/46 114/9/46
f 117/9/46 92/8/46 118/9/47
f 119/8/49 120/9/46 121/8/50
f 121/8/50 122/9/48 106/8/48
f 123/9/46 108/8/46 107/9/46
f 9/1/51 13/2/51 15/2/51
f 124/13/52 125/14/53 126/14/53
f 127/10/54 128/5/54 129/10/54
f 130/15/55 131/16/55 132/17/55
f 133/8/56 134/8/57 135/8/58
f 136/9/59 137/9/60 138/9/61
f 136/9/59 139/9/62 140/9/63
f 141/8/57 142/8/64 134/8/57
f 143/8/65 144/8/66 145/8/67
f 146/9/68 147/9/69 148/9/70
f 149/9/71 150/9/72 151/9/73
f 149/9/71 151/9/73 152/9/74
f 153/8/75 154/8/76 155/8/77
f 156/8/78 157/8/79 158/8/78
f 159/9/80 160/9/81 161/9/82
f 162/8/83 158/8/78 163/8/84
f 161/9/82 164/9/69 165/9/85
f 165/9/85 164/9/69 166/9/85
f 167/8/86 163/8/84 168/8/87
f 169/9/69 170/9/85 171/9/63
f 169/9/69 171/9/63 172/9/88
f 173/8/89 168/8/87 144/8/66
f 172/9/88 174/9/90 175/9/91
f 175/9/91 174/9/90 146/9/68
f 140/9/63 176/9/55 177/9/60
f 178/8/92 179/8/93 142/8/94
f 177/9/60 180/9/55 181/9/55
f 177/9/60 181/9/55 182/9/95
f 183/8/96 184/8/97 179/8/93
f 182/9/95 185/9/70 148/9/70
f 182/9/95 148/9/70 147/9/69
f 186/8/98 145/8/67 184/8/97
f 187/9/99 188/9/100 189/9/101
f 190/8/102 191/8/103 192/8/104
f 193/9/105 194/9/106 195/9/107
f 196/8/108 197/8/109 198/8/110
f 199/8/111 198/8/110 200/8/112
f 201/9/113 202/9/114 203/9/115
f 201/9/113 203/9/115 149/9/71
f 204/8/116 200/8/112 154/8/76
f 205/8/117 206/8/118 157/8/79
f 207/9/119 208/9/120 209/9/121
f 207/9/119 209/9/121 159/9/80
f 210/8/122 211/8/123 206/8/118
f 212/9/124 213/9/125 214/9/126
f 212/9/124 214/9/126 207/9/119
f 215/8/127 155/8/77 211/8/123
f 152/9/74 216/9/128 217/9/129
f 152/9/74 217/9/129 212/9/124
f 218/9/130 219/9/131 220/9/132
f 220/9/132 221/8/133 222/8/134
f 223/8/135 221/8/133 224/8/136
f 189/9/101 225/9/137 218/9/130
f 226/8/138 224/8/136 191/8/103
f 227/8/139 192/8/104 197/8/109
f 195/9/107 228/9/140 187/9/99
f 229/18/141 10/1/142 16/1/143
f 230/19/144 126/14/53 125/14/53
f 231/20/145 232/21/146 233/21/146
f 231/20/145 234/21/146 235/21/146
f 231/20/145 236/21/147 237/21/146
f 231/20/145 238/21/146 239/21/147
f 231/20/145 240/21/148 241/21/149
f 231/20/145 242/21/146 243/21/150
f 231/20/145 243/21/150 244/20/151
f 245/22/152 246/18/152 229/18/152
f 247/23/153 248/22/154 245/22/155
f 249/24/156 250/19/157 230/19/158
f 251/25/159 252/24/160 249/24/160
f 253/26/161 231/20/161 244/20/161
f 254/27/162 255/26/163 253/26/163
f 10/1/142 256/2/51 12/2/51
f 14/2/51 257/1/164 16/1/143
f 258/14/53 259/8/52 84/8/52
f 125/14/53 260/28/52 261/29/52
f 125/14/53 261/29/52 259/8/52
f 38/8/52 262/29/52 263/28/52
f 263/28/52 264/14/53 38/8/52
f 124/13/52 126/14/53 264/14/53
f 265/30/165 266/23/166 267/3/54
f 268/31/54 269/25/167 127/10/54
f 270/5/54 269/25/167 271/3/54
f 272/30/54 269/25/167 266/23/166
f 266/23/166 273/31/54 78/10/54
f 266/23/166 80/5/54 267/3/54
f 274/31/168 275/25/169 276/10/54
f 277/30/54 278/23/153 279/3/54
f 128/5/54 278/23/153 129/10/54
f 280/31/54 278/23/153 275/25/169
f 275/25/169 281/30/54 33/3/54
f 275/25/169 35/5/54 276/10/54
f 282/32/55 283/9/170 284/33/55
f 285/34/55 286/21/171 287/35/55
f 288/36/55 286/21/171 289/37/55
f 290/38/55 286/21/171 291/12/55
f 292/39/55 286/21/171 293/40/55
f 294/41/55 286/21/171 295/42/55
f 296/43/55 286/21/171 283/9/170
f 283/9/170 297/44/55 298/6/55
f 283/9/170 82/12/55 284/33/55
f 299/44/172 243/21/150 36/6/55
f 300/43/55 301/9/170 302/42/55
f 303/41/55 301/9/170 304/40/55
f 305/39/55 301/9/170 306/12/55
f 307/45/55 301/9/170 308/46/55
f 130/15/55 301/9/170 309/47/55
f 310/48/55 301/9/170 243/21/150
f 243/21/150 311/32/55 312/33/55
f 243/21/150 313/12/55 36/6/55
f 12/2/51 314/27/173 315/27/174
f 254/27/162 316/2/51 14/2/51
f 83/9/175 283/9/170 317/9/176
f 136/9/59 301/9/170 318/9/170
f 84/8/177 319/8/178 320/8/179
f 84/8/177 135/8/58 85/8/180
f 135/8/58 134/8/57 85/8/180
f 40/8/57 321/8/56 38/8/181
f 141/8/57 322/8/182 323/8/182
f 141/8/57 323/8/182 321/8/56
f 87/9/63 324/9/59 83/9/175
f 140/9/63 39/9/59 136/9/59
f 134/8/57 86/8/64 85/8/180
f 178/8/64 40/8/57 41/8/64
f 145/8/67 101/8/183 88/8/184
f 173/8/89 43/8/65 55/8/185
f 89/9/88 325/9/69 90/9/186
f 174/9/90 44/9/69 147/9/69
f 91/9/187 152/9/74 118/9/188
f 326/9/189 47/9/190 327/9/190
f 155/8/77 93/8/191 92/8/192
f 204/8/116 46/8/193 68/8/116
f 158/8/78 94/8/194 96/8/195
f 205/8/117 328/8/78 48/8/117
f 115/9/196 161/9/82 95/9/197
f 329/9/198 49/9/199 330/9/199
f 163/8/84 96/8/195 97/8/200
f 156/8/78 51/8/83 328/8/78
f 95/9/197 165/9/85 98/9/85
f 330/9/199 52/9/85 170/9/85
f 168/8/87 97/8/200 99/8/201
f 162/8/83 53/8/86 51/8/83
f 98/9/85 331/9/63 100/9/88
f 170/9/85 54/9/63 171/9/63
f 144/8/66 99/8/201 101/8/183
f 167/8/86 55/8/185 53/8/86
f 100/9/88 332/9/90 89/9/88
f 171/9/63 42/9/90 174/9/90
f 102/9/60 333/9/63 87/9/63
f 177/9/60 334/9/63 140/9/63
f 142/8/94 103/8/202 86/8/203
f 183/8/96 41/8/204 57/8/205
f 104/9/95 335/9/60 102/9/60
f 182/9/95 56/9/60 177/9/60
f 179/8/93 105/8/206 103/8/202
f 186/8/98 57/8/205 59/8/207
f 90/9/186 336/9/95 104/9/95
f 147/9/69 58/9/95 182/9/95
f 184/8/97 88/8/184 105/8/206
f 143/8/65 59/8/207 43/8/65
f 122/9/208 228/9/140 107/9/209
f 189/9/101 60/9/210 187/9/99
f 192/8/104 106/8/211 108/8/212
f 226/8/138 62/8/213 61/8/138
f 123/9/214 337/9/215 110/9/216
f 195/9/107 63/9/105 193/9/105
f 198/8/110 109/8/217 111/8/218
f 227/8/139 65/8/108 64/8/139
f 110/9/216 201/9/113 112/9/219
f 193/9/105 66/9/220 338/9/221
f 200/8/112 111/8/218 113/8/222
f 196/8/108 67/8/223 65/8/108
f 112/9/219 149/9/71 91/9/187
f 338/9/221 45/9/189 326/9/189
f 154/8/76 113/8/222 93/8/191
f 199/8/111 68/8/116 67/8/223
f 157/8/79 116/8/224 94/8/194
f 210/8/122 48/8/117 70/8/122
f 114/9/225 159/9/80 115/9/196
f 339/9/226 50/9/198 329/9/198
f 206/8/118 340/8/227 116/8/224
f 215/8/127 70/8/122 72/8/127
f 117/9/228 207/9/119 114/9/225
f 341/9/229 69/9/226 339/9/226
f 211/8/123 92/8/192 340/8/227
f 153/8/75 72/8/127 46/8/193
f 118/9/188 212/9/124 117/9/228
f 327/9/190 71/9/229 341/9/229
f 342/9/230 225/9/137 120/9/231
f 220/9/132 73/9/39 218/9/130
f 219/9/131 119/8/232 221/8/133
f 220/9/132 74/8/40 73/9/39
f 224/8/136 119/8/232 121/8/233
f 222/8/134 75/8/234 74/8/40
f 120/9/231 188/9/100 122/9/208
f 218/9/130 76/9/235 189/9/101
f 191/8/103 121/8/233 106/8/211
f 223/8/135 61/8/138 75/8/234
f 197/8/109 108/8/212 109/8/217
f 190/8/102 64/8/139 62/8/213
f 107/9/209 194/9/106 123/9/214
f 187/9/99 77/9/236 195/9/107
f 246/18/141 343/1/237 10/1/142
f 16/1/143 344/18/238 229/18/141
f 250/19/239 264/14/53 126/14/53
f 125/14/53 345/19/239 230/19/144
f 231/20/145 346/20/240 286/21/171
f 243/21/150 347/20/241 244/20/151
f 248/22/152 348/18/152 246/18/152
f 229/18/152 349/22/152 245/22/152
f 266/23/166 350/22/242 248/22/154
f 245/22/155 278/23/153 247/23/153
f 252/24/156 351/19/158 250/19/157
f 230/19/158 352/24/158 249/24/156
f 275/25/169 353/24/243 252/24/160
f 249/24/160 269/25/167 251/25/159
f 255/26/161 346/20/161 231/20/161
f 244/20/161 354/26/161 253/26/161
f 315/27/174 355/26/163 255/26/163
f 253/26/163 356/27/244 254/27/162
f 321/8/245 357/8/246 262/29/247
f 259/8/248 358/8/248 319/8/249
f 124/13/250 359/49/251 360/13/252
f 321/8/245 323/8/253 361/8/254
f 323/8/253 362/8/255 361/8/254
f 322/8/256 363/50/257 362/8/255
f 321/8/245 361/8/254 357/8/246
f 362/8/255 357/8/246 361/8/254
f 363/50/257 364/8/258 362/8/255
f 364/8/258 262/29/247 357/8/246
f 365/49/258 263/28/259 364/8/258
f 259/8/248 261/29/260 366/8/261
f 261/29/260 367/8/262 366/8/261
f 260/28/263 359/49/264 367/8/262
f 259/8/248 366/8/261 358/8/248
f 367/8/262 358/8/248 366/8/261
f 359/49/264 368/8/265 367/8/262
f 368/8/265 319/8/249 358/8/248
f 369/50/266 320/8/267 368/8/265
f 365/49/268 369/50/251 359/49/251
f 363/50/269 135/8/270 369/50/251
f 370/51/55 235/21/146 234/21/146
f 304/40/55 371/52/55 303/41/55
f 372/52/55 293/40/55 294/41/55
f 373/53/55 374/9/271 375/54/55
f 376/9/170 377/53/55 378/54/55
f 379/55/55 240/21/148 380/51/55
f 287/35/55 381/17/55 382/16/55
f 286/21/171 383/56/55 384/21/146
f 286/21/171 384/21/146 231/20/145
f 383/56/55 385/57/55 384/21/146
f 385/57/55 232/21/146 384/21/146
f 385/57/55 233/21/146 232/21/146
f 386/55/55 234/21/146 233/21/146
f 237/21/146 387/58/55 388/59/55
f 236/21/147 389/60/55 387/58/55
f 390/58/55 237/21/146 388/59/55
f 391/60/55 238/21/146 390/58/55
f 380/51/55 239/21/147 391/60/55
f 242/21/146 392/61/55 243/21/150
f 241/21/149 393/57/55 242/21/146
f 394/62/55 306/12/55 307/45/55
f 307/45/55 395/63/55 394/62/55
f 308/46/55 132/17/55 395/63/55
f 392/61/55 310/48/55 243/21/150
f 396/64/55 309/47/55 310/48/55
f 300/43/55 397/65/55 318/9/170
f 302/42/55 398/66/55 300/43/55
f 303/41/55 399/67/55 302/42/55
f 400/68/55 306/12/55 401/12/55
f 402/69/55 305/39/55 400/68/55
f 403/9/272 404/70/55 405/71/55
f 406/9/273 407/72/55 404/70/55
f 408/9/274 378/54/55 407/72/55
f 397/65/55 409/9/170 318/9/170
f 410/73/55 411/9/275 409/9/170
f 412/70/55 403/9/272 405/71/55
f 413/72/55 414/9/276 412/70/55
f 375/54/55 415/9/277 413/72/55
f 416/9/170 417/65/55 283/9/170
f 418/9/278 419/73/55 416/9/170
f 417/65/55 296/43/55 283/9/170
f 420/66/55 295/42/55 296/43/55
f 421/67/55 294/41/55 295/42/55
f 422/68/55 291/12/55 292/39/55
f 292/39/55 423/69/55 422/68/55
f 290/38/55 424/12/55 425/62/55
f 289/37/55 425/62/55 426/63/55
f 288/36/55 426/63/55 381/17/55
f 383/56/55 285/34/55 427/61/55
f 285/34/55 428/64/55 427/61/55
f 382/16/55 285/34/55 287/35/55
f 274/31/168 353/24/243 275/25/169
f 429/74/38 351/19/38 274/31/168
f 351/19/38 38/8/38 264/14/38
f 274/31/168 430/11/38 429/74/38
f 276/10/38 34/4/38 430/11/38
f 257/1/38 431/75/38 344/18/38
f 281/30/38 344/18/38 431/75/38
f 344/18/38 278/23/38 349/22/38
f 37/7/38 281/30/38 431/75/38
f 311/32/38 38/8/38 429/74/38
f 312/33/38 429/74/38 430/11/38
f 313/12/38 430/11/38 34/4/38
f 299/44/172 347/20/241 243/21/150
f 431/75/38 354/26/38 299/44/172
f 354/26/38 316/2/38 356/27/38
f 37/7/38 299/44/172 36/6/38
f 265/30/165 350/22/242 266/23/166
f 432/75/41 348/18/41 265/30/165
f 348/18/41 256/2/41 343/1/41
f 265/30/165 433/7/41 432/75/41
f 267/3/41 79/4/41 433/7/41
f 258/14/41 434/74/41 345/19/41
f 273/31/41 345/19/41 434/74/41
f 345/19/41 269/25/41 352/24/41
f 81/11/41 273/31/41 434/74/41
f 314/27/41 432/75/41 355/26/41
f 297/44/41 355/26/41 432/75/41
f 355/26/41 286/21/41 346/20/41
f 433/7/41 297/44/41 432/75/41
f 79/4/41 298/6/41 433/7/41
f 282/32/41 84/8/43 317/9/279
f 284/33/41 434/74/41 282/32/41
f 272/30/54 247/23/153 277/30/54
f 271/3/54 277/30/54 279/3/54
f 270/5/54 279/3/54 128/5/54
f 280/31/54 251/25/159 268/31/54
f 129/10/54 268/31/54 127/10/54
f 330/9/199 435/9/280 329/9/198
f 435/9/280 436/9/281 329/9/198
f 436/9/281 339/9/226 329/9/198
f 437/9/282 438/9/283 339/9/226
f 439/9/284 170/9/85 440/9/285
f 341/9/229 438/9/283 441/9/286
f 441/9/286 327/9/190 341/9/229
f 442/9/287 443/9/288 327/9/190
f 443/9/288 326/9/189 327/9/190
f 444/9/289 445/9/290 326/9/189
f 445/9/290 338/9/221 326/9/189
f 446/9/291 447/9/292 338/9/221
f 448/9/293 337/9/215 449/9/294
f 447/9/292 193/9/105 338/9/221
f 193/9/105 450/9/295 337/9/215
f 337/9/215 450/9/295 449/9/294
f 165/9/85 451/9/296 331/9/63
f 451/9/296 452/9/62 331/9/63
f 332/9/90 452/9/62 453/9/297
f 453/9/297 325/9/69 332/9/90
f 454/9/298 455/9/186 325/9/69
f 336/9/95 455/9/186 456/9/95
f 456/9/95 335/9/60 336/9/95
f 457/9/297 458/9/60 335/9/60
f 458/9/60 333/9/63 335/9/60
f 459/9/55 460/9/62 333/9/63
f 460/9/62 324/9/59 333/9/63
f 461/9/299 462/9/300 324/9/59
f 324/9/59 463/9/301 464/9/302
f 465/9/303 416/9/170 466/9/304
f 136/9/59 409/9/170 376/9/170
s 0
f 409/9/305 411/9/305 376/9/305
f 376/9/305 406/9/305 414/9/305
f 406/9/306 403/9/307 414/9/276
f 414/9/305 374/9/305 416/9/305
f 374/9/271 418/9/308 416/9/170
s 1
f 414/9/309 136/9/59 376/9/170
f 416/9/170 464/9/302 466/9/304
f 324/9/59 464/9/302 283/9/170
f 467/4/310 468/3/311 469/5/311
f 470/6/312 467/4/310 471/12/312
f 472/9/313 473/8/314 474/9/315
f 475/9/316 473/8/314 476/8/317
f 477/8/318 478/9/319 479/9/320
f 480/9/321 481/8/322 482/8/323
f 483/8/324 484/9/325 485/8/326
f 486/8/327 484/9/325 487/9/328
f 488/8/329 487/9/328 489/9/330
f 490/8/331 489/9/330 478/9/319
f 491/9/332 476/8/317 492/8/333
f 493/9/334 492/8/333 494/8/335
f 479/9/320 494/8/335 477/8/318
f 495/8/336 496/9/337 497/8/338
f 498/8/339 499/9/340 500/8/341
f 500/8/341 501/9/342 502/8/342
f 501/9/342 482/8/323 502/8/342
f 483/8/324 503/9/343 504/9/344
f 505/8/345 506/9/346 503/9/343
f 507/8/347 508/9/348 506/9/346
f 509/8/349 510/9/350 511/8/351
f 511/8/351 512/9/352 495/8/336
f 513/9/353 497/8/338 496/9/337
f 514/4/354 515/10/355 516/5/355
f 517/12/356 518/11/354 514/4/354
f 519/9/357 520/8/358 521/8/359
f 520/8/358 522/9/360 523/8/361
f 524/9/362 525/8/363 526/9/364
f 527/9/365 528/8/366 529/9/367
f 530/8/368 531/9/369 532/9/370
f 531/9/369 533/8/371 534/9/372
f 534/9/372 535/8/373 536/9/374
f 536/9/374 537/8/375 524/9/362
f 523/8/361 538/9/376 539/8/377
f 539/8/377 540/9/378 541/8/379
f 541/8/379 526/9/364 525/8/363
f 542/9/380 543/8/381 544/8/382
f 545/9/383 546/8/384 547/8/385
f 548/9/386 547/8/385 549/8/387
f 548/9/386 550/8/388 527/9/365
f 530/8/368 551/9/389 552/8/390
f 552/8/390 553/9/391 554/8/392
f 554/8/392 529/9/367 528/8/366
f 555/9/393 556/8/394 557/8/395
f 558/9/396 557/8/395 543/8/381
f 544/8/382 559/9/397 542/9/380
f 24/1/52 29/2/52 25/1/52
f 560/13/398 561/14/399 562/14/400
f 563/10/401 564/5/402 565/5/401
f 566/16/54 567/15/403 568/17/54
f 569/8/404 570/8/405 571/8/406
f 572/9/407 573/9/408 574/9/409
f 575/9/410 573/9/408 576/9/411
f 577/8/412 578/8/413 569/8/404
f 579/8/414 580/8/415 581/8/416
f 582/9/417 583/9/418 584/9/419
f 585/9/420 586/9/421 587/9/422
f 588/9/423 587/9/422 586/9/421
f 589/8/424 590/8/425 591/8/426
f 592/8/427 593/8/428 594/8/429
f 595/9/430 596/9/431 597/9/432
f 594/8/429 598/8/433 599/8/434
f 597/9/432 600/9/435 595/9/430
f 601/9/436 600/9/435 602/9/437
f 599/8/434 603/8/438 604/8/439
f 605/9/440 606/9/441 607/9/442
f 608/9/443 607/9/442 606/9/441
f 604/8/439 609/8/444 579/8/414
f 608/9/443 610/9/445 607/9/442
f 583/9/418 610/9/445 611/9/446
f 576/9/411 612/9/54 575/9/410
f 613/8/447 614/8/448 577/8/449
f 615/9/450 616/9/451 617/9/54
f 618/9/452 617/9/54 616/9/451
f 619/8/453 620/8/454 613/8/447
f 621/9/419 618/9/452 584/9/419
f 582/9/417 584/9/419 618/9/452
f 581/8/416 622/8/455 619/8/453
f 623/9/456 624/9/457 625/9/458
f 626/8/459 627/8/460 628/8/461
f 629/9/462 630/9/463 631/9/464
f 632/8/465 633/8/466 634/8/467
f 634/8/467 635/8/468 636/8/469
f 637/9/470 638/9/471 639/9/472
f 586/9/421 639/9/472 638/9/471
f 636/8/469 640/8/473 589/8/424
f 641/8/474 642/8/475 592/8/427
f 643/9/476 644/9/477 645/9/478
f 596/9/431 644/9/477 646/9/479
f 647/8/480 648/8/481 641/8/474
f 649/9/482 650/9/483 643/9/476
f 646/9/479 643/9/476 650/9/483
f 591/8/426 651/8/484 647/8/480
f 652/9/485 588/9/423 653/9/486
f 650/9/483 653/9/486 588/9/423
f 654/9/487 655/9/488 656/9/489
f 657/9/490 658/8/491 655/9/488
f 658/8/491 659/8/492 660/8/493
f 661/9/494 656/9/489 624/9/457
f 660/8/493 662/8/495 626/8/459
f 628/8/461 663/8/496 632/8/465
f 664/9/497 625/9/458 630/9/463
f 665/18/498 27/1/499 666/18/500
f 667/19/501 561/14/399 668/19/502
f 669/21/503 670/20/504 671/21/505
f 672/21/506 670/20/504 673/21/507
f 674/21/508 670/20/504 675/21/509
f 676/21/510 670/20/504 677/21/511
f 678/21/512 670/20/504 679/21/513
f 680/21/514 670/20/504 681/21/515
f 682/20/516 681/21/515 670/20/504
f 683/22/517 666/18/518 684/22/519
f 685/23/520 684/22/521 686/23/522
f 687/24/523 668/19/524 688/24/524
f 689/25/525 688/24/526 690/25/527
f 691/26/528 670/20/529 692/26/529
f 693/27/530 692/26/531 694/27/532
f 27/1/499 695/2/533 696/1/534
f 697/2/535 28/1/536 698/1/537
f 562/14/400 521/8/538 699/8/539
f 560/13/398 700/29/540 701/28/541
f 699/8/539 700/29/540 562/14/400
f 702/29/542 703/8/543 704/28/544
f 705/13/545 703/8/543 706/14/546
f 706/14/546 561/14/399 705/13/545
f 686/23/522 707/30/547 708/3/548
f 709/25/549 710/31/550 563/10/401
f 709/25/549 565/5/401 711/3/551
f 711/3/551 686/23/522 709/25/549
f 709/25/549 515/10/552 712/31/553
f 516/5/548 686/23/522 708/3/548
f 690/25/527 713/31/554 714/10/555
f 715/23/556 716/30/557 717/3/402
f 715/23/556 564/5/402 718/10/558
f 718/10/558 690/25/527 715/23/556
f 715/23/556 468/3/559 719/30/560
f 469/5/555 690/25/527 714/10/555
f 720/9/561 721/32/562 722/33/563
f 723/21/564 724/34/565 725/35/565
f 723/21/564 726/36/565 727/37/565
f 723/21/564 728/38/565 729/12/565
f 723/21/564 730/39/565 731/40/565
f 723/21/564 732/41/565 733/42/565
f 723/21/564 734/43/565 720/9/561
f 723/21/564 735/6/566 736/44/567
f 517/12/563 720/9/561 722/33/563
f 681/21/515 737/44/568 470/6/569
f 472/9/570 738/43/403 739/42/403
f 472/9/570 740/41/403 741/40/403
f 472/9/570 742/39/403 743/12/403
f 472/9/570 744/45/403 745/46/403
f 472/9/570 567/15/403 746/47/571
f 472/9/570 747/48/572 681/21/515
f 748/32/573 681/21/515 749/33/574
f 471/12/569 681/21/515 470/6/569
f 30/2/575 750/27/576 695/2/533
f 751/27/577 32/2/578 697/2/535
f 720/9/561 752/9/579 519/9/580
f 474/9/581 753/9/582 472/9/570
f 754/8/583 521/8/584 755/8/585
f 571/8/406 521/8/584 520/8/586
f 520/8/586 569/8/404 571/8/406
f 578/8/413 703/8/587 756/8/588
f 570/8/405 757/8/589 758/8/590
f 756/8/588 757/8/589 578/8/413
f 759/9/591 522/9/592 752/9/579
f 475/9/593 573/9/408 474/9/581
f 523/8/594 569/8/404 520/8/586
f 473/8/595 614/8/596 476/8/597
f 537/8/598 581/8/416 525/8/599
f 477/8/600 609/8/444 490/8/601
f 760/9/602 524/9/603 526/9/604
f 478/9/605 582/9/417 479/9/606
f 588/9/423 527/9/607 529/9/608
f 761/9/609 508/9/610 480/9/611
f 550/8/612 591/8/426 528/8/613
f 481/8/614 640/8/473 482/8/615
f 530/8/616 594/8/429 762/8/617
f 593/8/428 483/8/618 485/8/619
f 597/9/432 532/9/620 531/9/621
f 763/9/622 484/9/623 504/9/624
f 762/8/617 599/8/434 533/8/625
f 486/8/626 593/8/428 485/8/619
f 602/9/437 531/9/621 534/9/627
f 484/9/623 605/9/440 487/9/628
f 533/8/625 604/8/439 535/8/629
f 603/8/438 486/8/626 488/8/630
f 764/9/631 534/9/627 536/9/632
f 487/9/628 607/9/442 489/9/633
f 535/8/629 579/8/414 537/8/598
f 609/8/444 488/8/630 490/8/601
f 765/9/634 536/9/632 524/9/603
f 489/9/633 610/9/445 478/9/605
f 766/9/635 538/9/636 522/9/592
f 491/9/637 576/9/411 475/9/593
f 539/8/638 577/8/449 523/8/639
f 476/8/640 620/8/454 492/8/641
f 767/9/642 540/9/643 538/9/636
f 493/9/644 616/9/451 491/9/637
f 541/8/645 613/8/447 539/8/638
f 492/8/641 622/8/455 494/8/646
f 768/9/647 526/9/604 540/9/643
f 479/9/606 618/9/452 493/9/644
f 525/8/599 619/8/453 541/8/645
f 622/8/455 477/8/600 494/8/646
f 625/9/458 558/9/648 542/9/649
f 512/9/650 623/9/456 496/9/651
f 543/8/652 628/8/461 544/8/653
f 627/8/460 495/8/654 497/8/655
f 631/9/464 559/9/656 545/9/657
f 513/9/658 629/9/462 499/9/659
f 546/8/660 634/8/467 547/8/661
f 633/8/466 498/8/662 500/8/663
f 638/9/471 545/9/657 548/9/664
f 629/9/462 501/9/665 499/9/659
f 547/8/661 636/8/469 549/8/666
f 502/8/667 633/8/466 500/8/663
f 586/9/421 548/9/664 527/9/607
f 501/9/665 761/9/609 480/9/611
f 549/8/666 589/8/424 550/8/612
f 640/8/473 502/8/667 482/8/615
f 552/8/668 592/8/427 530/8/616
f 483/8/618 648/8/481 505/8/669
f 596/9/431 551/9/670 532/9/620
f 503/9/671 763/9/622 504/9/624
f 554/8/672 641/8/474 552/8/668
f 505/8/669 651/8/484 507/8/673
f 646/9/479 553/9/674 551/9/670
f 506/9/675 769/9/676 503/9/671
f 528/8/613 647/8/480 554/8/672
f 651/8/484 481/8/614 507/8/673
f 650/9/483 529/9/608 553/9/674
f 770/9/677 506/9/675 508/9/610
f 656/9/489 771/9/678 555/9/679
f 657/9/490 510/9/680 772/9/681
f 655/9/488 556/8/682 771/9/678
f 509/8/683 657/9/490 772/9/681
f 556/8/682 660/8/493 557/8/684
f 511/8/685 773/8/686 509/8/683
f 624/9/457 555/9/679 558/9/648
f 654/9/487 512/9/650 510/9/680
f 557/8/684 626/8/459 543/8/652
f 495/8/654 659/8/492 511/8/685
f 544/8/653 632/8/465 546/8/660
f 663/8/496 497/8/655 498/8/662
f 630/9/463 542/9/649 559/9/656
f 623/9/456 513/9/658 496/9/651
f 666/18/500 696/1/534 774/18/687
f 698/1/537 665/18/498 775/18/688
f 668/19/502 706/14/546 776/19/689
f 777/14/690 667/19/501 778/19/691
f 723/21/564 779/20/692 670/20/504
f 780/21/693 682/20/516 781/20/694
f 684/22/519 774/18/695 782/22/696
f 665/18/517 783/22/697 775/18/698
f 684/22/521 707/30/547 686/23/522
f 683/22/699 715/23/556 783/22/700
f 784/24/701 668/19/524 776/19/701
f 667/19/523 785/24/702 778/19/702
f 786/25/703 688/24/526 784/24/704
f 687/24/705 709/25/549 785/24/706
f 787/26/707 670/20/529 779/20/708
f 781/20/709 691/26/528 788/26/709
f 694/27/532 787/26/710 750/27/576
f 788/26/711 693/27/530 751/27/577
f 702/29/712 789/8/713 756/8/714
f 754/8/715 790/8/716 699/8/717
f 791/49/718 705/13/719 560/13/720
f 792/8/721 757/8/722 756/8/714
f 758/8/723 792/8/721 793/8/724
f 794/50/725 758/8/723 793/8/724
f 789/8/713 792/8/721 756/8/714
f 793/8/724 789/8/713 795/8/726
f 794/50/725 795/8/726 796/49/727
f 704/28/728 789/8/713 702/29/712
f 796/49/727 704/28/728 705/13/729
f 797/8/730 700/29/731 699/8/717
f 701/28/732 797/8/730 798/8/733
f 791/49/734 701/28/732 798/8/733
f 790/8/716 797/8/730 699/8/717
f 798/8/733 790/8/716 799/8/735
f 791/49/734 799/8/735 800/50/736
f 755/8/737 790/8/716 754/8/715
f 800/50/736 755/8/737 571/8/738
f 800/50/739 796/49/740 791/49/718
f 571/8/741 794/50/742 800/50/739
f 673/21/507 801/51/743 672/21/506
f 802/52/54 741/40/403 740/41/403
f 731/40/565 803/52/54 732/41/565
f 804/9/744 805/53/54 806/54/54
f 807/53/54 808/9/745 809/54/54
f 678/21/512 810/55/746 811/51/747
f 725/35/565 812/17/54 726/36/565
f 813/56/748 723/21/564 814/21/749
f 670/20/504 814/21/749 723/21/564
f 815/57/750 813/56/748 814/21/749
f 814/21/749 669/21/503 815/57/750
f 671/21/505 815/57/750 669/21/503
f 672/21/506 816/55/751 671/21/505
f 817/58/752 675/21/509 818/59/753
f 819/60/754 674/21/508 817/58/752
f 675/21/509 820/58/755 818/59/753
f 676/21/510 821/60/756 820/58/755
f 677/21/511 811/51/747 821/60/756
f 822/61/757 680/21/514 681/21/515
f 823/57/758 679/21/513 680/21/514
f 824/62/54 743/12/403 825/12/54
f 826/63/54 744/45/403 824/62/54
f 568/17/54 745/46/403 826/63/54
f 747/48/572 822/61/757 681/21/515
f 746/47/571 827/64/759 747/48/572
f 828/65/54 738/43/403 753/9/582
f 829/66/54 739/42/403 738/43/403
f 830/67/54 740/41/403 739/42/403
f 743/12/403 831/68/54 825/12/54
f 742/39/403 832/69/54 831/68/54
f 833/70/54 834/9/760 835/71/54
f 836/72/54 837/9/761 833/70/54
f 809/54/54 838/9/762 836/72/54
f 839/9/745 828/65/54 753/9/582
f 840/9/763 841/73/54 839/9/745
f 834/9/760 842/70/54 835/71/54
f 843/9/764 844/72/54 842/70/54
f 845/9/765 806/54/54 844/72/54
f 846/65/54 847/9/745 720/9/561
f 848/73/54 849/9/766 847/9/745
f 734/43/565 846/65/54 720/9/561
f 733/42/565 850/66/54 734/43/565
f 732/41/565 851/67/54 733/42/565
f 852/68/54 729/12/565 853/12/54
f 854/69/54 730/39/565 852/68/54
f 728/38/565 853/12/54 729/12/565
f 727/37/565 855/62/54 728/38/565
f 726/36/565 856/63/54 727/37/565
f 724/34/565 813/56/748 857/61/767
f 857/61/767 858/64/54 724/34/565
f 859/16/54 724/34/565 858/64/54
f 784/24/768 713/31/769 786/25/770
f 860/74/771 776/19/772 703/8/773
f 706/14/774 703/8/773 776/19/772
f 861/11/310 713/31/769 860/74/771
f 467/4/310 714/10/311 861/11/310
f 697/2/775 775/18/776 862/75/777
f 719/30/778 775/18/776 715/23/779
f 783/22/780 715/23/779 775/18/776
f 719/30/778 863/7/310 862/75/777
f 472/9/313 860/74/771 703/8/773
f 749/33/312 860/74/771 748/32/781
f 471/12/312 861/11/310 749/33/312
f 781/20/782 737/44/783 780/21/784
f 697/2/775 737/44/783 788/26/785
f 751/27/786 697/2/775 788/26/785
f 863/7/310 737/44/783 862/75/777
f 695/2/787 707/30/547 774/18/788
f 696/1/789 695/2/787 774/18/788
f 864/7/354 707/30/547 865/75/790
f 514/4/354 708/3/355 864/7/354
f 521/8/359 778/19/791 866/74/792
f 712/31/793 778/19/791 709/25/794
f 785/24/795 709/25/794 778/19/791
f 712/31/793 518/11/354 866/74/792
f 695/2/787 787/26/796 865/75/790
f 736/44/797 787/26/796 723/21/798
f 779/20/799 723/21/798 787/26/796
f 736/44/797 864/7/354 865/75/790
f 735/6/356 514/4/354 864/7/354
f 521/8/359 721/32/800 519/9/357
f 866/74/792 722/33/356 721/32/800
f 867/30/801 685/23/520 686/23/522
f 711/3/551 716/30/557 867/30/801
f 565/5/401 717/3/402 711/3/551
f 868/31/802 689/25/525 690/25/527
f 718/10/558 710/31/550 868/31/802
f 869/9/803 870/9/804 763/9/622
f 763/9/622 871/9/805 869/9/803
f 871/9/805 769/9/676 872/9/806
f 769/9/676 873/9/807 872/9/806
f 605/9/440 874/9/808 875/9/436
f 873/9/807 876/9/809 877/9/810
f 877/9/810 770/9/677 878/9/811
f 770/9/677 879/9/812 878/9/811
f 879/9/812 761/9/609 880/9/813
f 761/9/609 881/9/814 880/9/813
f 881/9/814 882/9/815 883/9/816
f 882/9/815 884/9/817 883/9/816
f 631/9/464 885/9/818 886/9/819
f 884/9/817 629/9/462 887/9/820
f 888/9/821 629/9/462 631/9/464
f 886/9/819 888/9/821 631/9/464
f 889/9/822 602/9/437 764/9/631
f 764/9/631 890/9/410 889/9/822
f 890/9/410 765/9/634 891/9/823
f 891/9/823 760/9/602 892/9/824
f 760/9/602 893/9/825 892/9/824
f 893/9/825 768/9/647 894/9/826
f 894/9/826 767/9/642 895/9/823
f 767/9/642 896/9/450 895/9/823
f 896/9/450 766/9/635 897/9/54
f 766/9/635 898/9/410 897/9/54
f 898/9/410 759/9/591 899/9/407
f 759/9/591 900/9/827 899/9/407
f 901/9/828 759/9/591 902/9/829
f 903/9/830 847/9/745 573/9/408
f 839/9/745 573/9/408 808/9/745
f 808/9/745 840/9/763 839/9/745
f 837/9/761 808/9/745 843/9/764
f 843/9/764 834/9/760 837/9/761
f 804/9/744 843/9/764 847/9/745
f 847/9/745 849/9/766 804/9/744
f 843/9/764 573/9/408 847/9/745
f 847/9/745 902/9/829 720/9/561
f 720/9/561 902/9/829 759/9/591
f 131/16/831 568/17/832 132/17/832
f 465/9/833 572/9/834 137/9/835
f 138/9/836 572/9/834 574/9/837
f 138/9/836 575/9/838 139/9/839
f 148/9/840 583/9/841 146/9/842
f 150/9/843 639/9/844 585/9/845
f 150/9/846 587/9/847 151/9/848
f 160/9/849 644/9/850 595/9/851
f 160/9/849 600/9/852 164/9/853
f 166/9/854 600/9/852 601/9/854
f 440/9/41 606/9/855 875/9/41
f 172/9/856 606/9/855 169/9/857
f 172/9/856 611/9/858 608/9/859
f 175/9/860 583/9/841 611/9/858
f 139/9/839 612/9/861 176/9/862
f 176/9/862 615/9/863 180/9/864
f 181/9/865 615/9/863 617/9/866
f 181/9/865 621/9/867 185/9/868
f 148/9/840 621/9/867 584/9/869
f 202/9/870 885/9/871 637/9/872
f 202/9/870 639/9/844 203/9/873
f 208/9/874 643/9/875 645/9/876
f 209/9/877 645/9/878 644/9/879
f 213/9/880 653/9/881 649/9/882
f 213/9/880 643/9/875 214/9/883
f 216/9/884 587/9/847 652/9/885
f 216/9/884 653/9/881 217/9/886
f 254/27/887 694/27/887 315/27/887
f 315/27/888 30/2/889 12/2/890
f 254/27/891 32/2/892 693/27/893
f 370/51/894 819/60/895 389/60/895
f 402/69/896 802/52/897 371/52/897
f 372/52/898 854/69/899 423/69/899
f 375/54/900 805/53/901 373/53/901
f 377/53/902 809/54/903 378/54/903
f 380/51/904 810/55/905 379/55/905
f 381/17/906 859/16/907 382/16/907
f 427/61/908 815/57/909 385/57/909
f 385/57/909 816/55/910 386/55/910
f 386/55/910 801/51/894 370/51/894
f 387/58/911 818/59/52 388/59/52
f 389/60/895 817/58/912 387/58/911
f 388/59/52 820/58/913 390/58/914
f 391/60/915 820/58/913 821/60/915
f 380/51/904 821/60/915 811/51/916
f 393/57/917 822/61/918 392/61/918
f 379/55/905 823/57/917 393/57/917
f 394/62/919 825/12/41 401/12/41
f 395/63/920 824/62/919 394/62/919
f 132/17/832 826/63/920 395/63/920
f 392/61/918 827/64/921 396/64/921
f 396/64/921 566/16/831 131/16/831
f 398/66/922 828/65/923 397/65/923
f 399/67/924 829/66/922 398/66/922
f 371/52/897 830/67/924 399/67/924
f 401/12/41 831/68/925 400/68/925
f 400/68/925 832/69/896 402/69/896
f 404/70/926 835/71/51 405/71/51
f 407/72/927 833/70/926 404/70/926
f 378/54/903 836/72/927 407/72/927
f 397/65/923 841/73/928 410/73/928
f 410/73/928 807/53/902 377/53/902
f 405/71/51 842/70/929 412/70/929
f 412/70/929 844/72/930 413/72/930
f 413/72/930 806/54/900 375/54/900
f 419/73/931 846/65/932 417/65/932
f 373/53/901 848/73/931 419/73/931
f 417/65/932 850/66/933 420/66/933
f 420/66/933 851/67/934 421/67/934
f 421/67/934 803/52/898 372/52/898
f 422/68/935 853/12/38 424/12/38
f 423/69/899 852/68/935 422/68/935
f 424/12/38 855/62/936 425/62/936
f 425/62/936 856/63/937 426/63/937
f 426/63/937 812/17/906 381/17/906
f 428/64/938 857/61/908 427/61/908
f 382/16/907 858/64/939 428/64/938
f 14/2/940 30/2/941 32/2/940
f 439/9/41 869/9/942 435/9/943
f 435/9/943 871/9/944 436/9/945
f 437/9/946 871/9/944 872/9/947
f 437/9/946 873/9/948 438/9/949
f 439/9/41 875/9/41 874/9/41
f 438/9/949 877/9/950 441/9/951
f 442/9/952 877/9/950 878/9/953
f 442/9/952 879/9/954 443/9/955
f 444/9/956 879/9/954 880/9/957
f 444/9/956 881/9/958 445/9/959
f 446/9/960 881/9/958 883/9/961
f 446/9/960 884/9/962 447/9/963
f 904/9/964 884/9/962 887/9/965
f 904/9/964 888/9/966 450/9/967
f 450/9/967 886/9/968 449/9/969
f 449/9/969 885/9/871 448/9/970
f 451/9/971 601/9/854 889/9/972
f 452/9/973 889/9/972 890/9/974
f 452/9/973 891/9/975 453/9/976
f 454/9/977 891/9/975 892/9/978
f 455/9/979 892/9/978 893/9/980
f 456/9/981 893/9/980 894/9/982
f 456/9/981 895/9/983 457/9/984
f 457/9/984 896/9/985 458/9/985
f 458/9/985 897/9/986 459/9/987
f 460/9/988 897/9/986 898/9/989
f 460/9/988 899/9/990 461/9/991
f 462/9/992 899/9/990 900/9/993
f 463/9/994 900/9/993 901/9/995
f 464/9/996 901/9/995 902/9/996
f 465/9/833 905/9/997 903/9/998
f 464/9/996 905/9/997 466/9/999
f 33/3/38 37/7/38 34/4/38
f 36/6/38 313/12/38 34/4/38
f 38/8/38 301/9/38 39/9/38
f 39/9/38 334/9/38 41/8/38
f 42/9/38 55/8/38 43/8/38
f 45/9/38 68/8/38 46/8/38
f 48/8/38 328/8/38 49/9/38
f 49/9/38 328/8/38 51/8/38
f 52/9/38 51/8/38 53/8/38
f 54/9/38 53/8/38 55/8/38
f 41/8/38 334/9/38 56/9/38
f 57/8/38 56/9/38 58/9/38
f 59/8/38 58/9/38 44/9/38
f 60/9/38 76/9/38 61/8/38
f 63/9/38 77/9/38 64/8/38
f 66/9/38 63/9/38 65/8/38
f 66/9/38 67/8/38 68/8/38
f 48/8/38 50/9/38 69/9/38
f 70/8/38 69/9/38 71/9/38
f 46/8/38 72/8/38 71/9/38
f 76/9/38 73/9/39 75/8/38
f 62/8/38 64/8/38 77/9/38
f 78/10/41 81/11/41 79/4/41
f 81/11/41 284/33/41 82/12/41
f 83/9/42 317/9/279 84/8/43
f 83/9/42 85/8/44 86/8/45
f 88/8/46 101/8/46 89/9/45
f 91/9/46 118/9/47 92/8/46
f 94/8/46 115/9/46 95/9/46
f 97/8/46 96/8/46 95/9/46
f 99/8/46 97/8/46 98/9/46
f 101/8/46 99/8/46 100/9/45
f 102/9/46 87/9/45 86/8/45
f 104/9/46 102/9/46 103/8/45
f 90/9/46 104/9/46 105/8/46
f 106/8/48 122/9/48 107/9/46
f 109/8/46 123/9/46 110/9/46
f 111/8/46 110/9/46 112/9/46
f 112/9/46 91/9/46 93/8/47
f 94/8/46 116/8/46 114/9/46
f 116/8/46 340/8/45 117/9/46
f 117/9/46 340/8/45 92/8/46
f 119/8/49 342/9/47 120/9/46
f 121/8/50 120/9/46 122/9/48
f 123/9/46 109/8/46 108/8/46
f 9/1/51 11/1/51 13/2/51
f 124/13/52 360/13/52 125/14/53
f 127/10/54 270/5/54 128/5/54
f 130/15/55 309/47/55 131/16/55
f 133/8/56 141/8/57 134/8/57
f 136/9/59 465/9/303 137/9/60
f 136/9/59 138/9/61 139/9/62
f 141/8/57 178/8/64 142/8/64
f 143/8/65 173/8/89 144/8/66
f 146/9/68 174/9/90 147/9/69
f 149/9/71 203/9/115 150/9/72
f 153/8/75 204/8/116 154/8/76
f 156/8/78 205/8/117 157/8/79
f 159/9/80 209/9/121 160/9/81
f 162/8/83 156/8/78 158/8/78
f 161/9/82 160/9/81 164/9/69
f 167/8/86 162/8/83 163/8/84
f 169/9/69 440/9/285 170/9/85
f 173/8/89 167/8/86 168/8/87
f 172/9/88 171/9/63 174/9/90
f 140/9/63 139/9/62 176/9/55
f 178/8/92 183/8/96 179/8/93
f 177/9/60 176/9/55 180/9/55
f 183/8/96 186/8/98 184/8/97
f 182/9/95 181/9/55 185/9/70
f 186/8/98 143/8/65 145/8/67
f 187/9/99 228/9/140 188/9/100
f 190/8/102 226/8/138 191/8/103
f 193/9/105 337/9/215 194/9/106
f 196/8/108 227/8/139 197/8/109
f 199/8/111 196/8/108 198/8/110
f 201/9/113 448/9/293 202/9/114
f 204/8/116 199/8/111 200/8/112
f 205/8/117 210/8/122 206/8/118
f 207/9/119 214/9/126 208/9/120
f 210/8/122 215/8/127 211/8/123
f 212/9/124 217/9/129 213/9/125
f 215/8/127 153/8/75 155/8/77
f 152/9/74 151/9/73 216/9/128
f 218/9/130 225/9/137 219/9/131
f 220/9/132 219/9/131 221/8/133
f 223/8/135 222/8/134 221/8/133
f 189/9/101 188/9/100 225/9/137
f 226/8/138 223/8/135 224/8/136
f 227/8/139 190/8/102 192/8/104
f 195/9/107 194/9/106 228/9/140
f 229/18/141 246/18/141 10/1/142
f 230/19/144 250/19/239 126/14/53
f 231/20/145 384/21/146 232/21/146
f 231/20/145 233/21/146 234/21/146
f 231/20/145 235/21/146 236/21/147
f 231/20/145 237/21/146 238/21/146
f 231/20/145 239/21/147 240/21/148
f 231/20/145 241/21/149 242/21/146
f 245/22/152 248/22/152 246/18/152
f 247/23/153 266/23/166 248/22/154
f 249/24/156 252/24/156 250/19/157
f 251/25/159 275/25/169 252/24/160
f 253/26/161 255/26/161 231/20/161
f 254/27/162 315/27/174 255/26/163
f 10/1/142 343/1/237 256/2/51
f 14/2/51 316/2/51 257/1/164
f 258/14/53 125/14/53 259/8/52
f 125/14/53 360/13/52 260/28/52
f 38/8/52 321/8/52 262/29/52
f 263/28/52 124/13/52 264/14/53
f 268/31/54 251/25/159 269/25/167
f 270/5/54 127/10/54 269/25/167
f 272/30/54 271/3/54 269/25/167
f 266/23/166 269/25/167 273/31/54
f 266/23/166 78/10/54 80/5/54
f 277/30/54 247/23/153 278/23/153
f 128/5/54 279/3/54 278/23/153
f 280/31/54 129/10/54 278/23/153
f 275/25/169 278/23/153 281/30/54
f 275/25/169 33/3/54 35/5/54
f 282/32/55 317/9/176 283/9/170
f 285/34/55 906/76/55 286/21/171
f 288/36/55 287/35/55 286/21/171
f 290/38/55 289/37/55 286/21/171
f 292/39/55 291/12/55 286/21/171
f 294/41/55 293/40/55 286/21/171
f 296/43/55 295/42/55 286/21/171
f 283/9/170 286/21/171 297/44/55
f 283/9/170 298/6/55 82/12/55
f 300/43/55 318/9/170 301/9/170
f 303/41/55 302/42/55 301/9/170
f 305/39/55 304/40/55 301/9/170
f 307/45/55 306/12/55 301/9/170
f 130/15/55 308/46/55 301/9/170
f 310/48/55 309/47/55 301/9/170
f 243/21/150 301/9/170 311/32/55
f 243/21/150 312/33/55 313/12/55
f 12/2/51 256/2/51 314/27/173
f 254/27/162 356/27/244 316/2/51
f 83/9/175 324/9/59 283/9/170
f 136/9/59 39/9/59 301/9/170
f 84/8/177 259/8/178 319/8/178
f 84/8/177 320/8/179 135/8/58
f 40/8/57 141/8/57 321/8/56
f 141/8/57 133/8/56 322/8/182
f 87/9/63 333/9/63 324/9/59
f 140/9/63 334/9/63 39/9/59
f 134/8/57 142/8/64 86/8/64
f 178/8/64 141/8/57 40/8/57
f 145/8/67 144/8/66 101/8/183
f 173/8/89 143/8/65 43/8/65
f 89/9/88 332/9/90 325/9/69
f 174/9/90 42/9/90 44/9/69
f 91/9/187 149/9/71 152/9/74
f 326/9/189 45/9/189 47/9/190
f 155/8/77 154/8/76 93/8/191
f 204/8/116 153/8/75 46/8/193
f 158/8/78 157/8/79 94/8/194
f 205/8/117 156/8/78 328/8/78
f 115/9/196 159/9/80 161/9/82
f 329/9/198 50/9/198 49/9/199
f 163/8/84 158/8/78 96/8/195
f 156/8/78 162/8/83 51/8/83
f 95/9/197 161/9/82 165/9/85
f 330/9/199 49/9/199 52/9/85
f 168/8/87 163/8/84 97/8/200
f 162/8/83 167/8/86 53/8/86
f 98/9/85 165/9/85 331/9/63
f 170/9/85 52/9/85 54/9/63
f 144/8/66 168/8/87 99/8/201
f 167/8/86 173/8/89 55/8/185
f 100/9/88 331/9/63 332/9/90
f 171/9/63 54/9/63 42/9/90
f 102/9/60 335/9/60 333/9/63
f 177/9/60 56/9/60 334/9/63
f 142/8/94 179/8/93 103/8/202
f 183/8/96 178/8/92 41/8/204
f 104/9/95 336/9/95 335/9/60
f 182/9/95 58/9/95 56/9/60
f 179/8/93 184/8/97 105/8/206
f 186/8/98 183/8/96 57/8/205
f 90/9/186 325/9/69 336/9/95
f 147/9/69 44/9/69 58/9/95
f 184/8/97 145/8/67 88/8/184
f 143/8/65 186/8/98 59/8/207
f 122/9/208 188/9/100 228/9/140
f 189/9/101 76/9/235 60/9/210
f 192/8/104 191/8/103 106/8/211
f 226/8/138 190/8/102 62/8/213
f 123/9/214 194/9/106 337/9/215
f 195/9/107 77/9/236 63/9/105
f 198/8/110 197/8/109 109/8/217
f 227/8/139 196/8/108 65/8/108
f 110/9/216 337/9/215 201/9/113
f 193/9/105 63/9/105 66/9/220
f 200/8/112 198/8/110 111/8/218
f 196/8/108 199/8/111 67/8/223
f 112/9/219 201/9/113 149/9/71
f 338/9/221 66/9/220 45/9/189
f 154/8/76 200/8/112 113/8/222
f 199/8/111 204/8/116 68/8/116
f 157/8/79 206/8/118 116/8/224
f 210/8/122 205/8/117 48/8/117
f 114/9/225 207/9/119 159/9/80
f 339/9/226 69/9/226 50/9/198
f 206/8/118 211/8/123 340/8/227
f 215/8/127 210/8/122 70/8/122
f 117/9/228 212/9/124 207/9/119
f 341/9/229 71/9/229 69/9/226
f 211/8/123 155/8/77 92/8/192
f 153/8/75 215/8/127 72/8/127
f 118/9/188 152/9/74 212/9/124
f 327/9/190 47/9/190 71/9/229
f 342/9/230 219/9/131 225/9/137
f 219/9/131 342/9/230 119/8/232
f 224/8/136 221/8/133 119/8/232
f 222/8/134 223/8/135 75/8/234
f 120/9/231 225/9/137 188/9/100
f 218/9/130 73/9/39 76/9/235
f 191/8/103 224/8/136 121/8/233
f 223/8/135 226/8/138 61/8/138
f 197/8/109 192/8/104 108/8/212
f 190/8/102 227/8/139 64/8/139
f 107/9/209 228/9/140 194/9/106
f 187/9/99 60/9/210 77/9/236
f 246/18/141 348/18/1000 343/1/237
f 16/1/143 257/1/164 344/18/238
f 250/19/239 351/19/239 264/14/53
f 125/14/53 258/14/53 345/19/239
f 248/22/152 350/22/152 348/18/152
f 229/18/152 344/18/152 349/22/152
f 245/22/155 349/22/1001 278/23/153
f 252/24/156 353/24/156 351/19/158
f 230/19/158 345/19/1002 352/24/158
f 249/24/160 352/24/160 269/25/167
f 255/26/161 355/26/161 346/20/161
f 244/20/161 347/20/161 354/26/161
f 315/27/174 314/27/173 355/26/163
f 253/26/163 354/26/163 356/27/244
f 124/13/250 365/49/268 359/49/251
f 323/8/253 322/8/256 362/8/255
f 322/8/256 133/8/1003 363/50/257
f 362/8/255 364/8/258 357/8/246
f 363/50/257 365/49/258 364/8/258
f 364/8/258 263/28/259 262/29/247
f 365/49/258 124/13/1004 263/28/259
f 261/29/260 260/28/263 367/8/262
f 260/28/263 360/13/1005 359/49/264
f 367/8/262 368/8/265 358/8/248
f 359/49/264 369/50/266 368/8/265
f 368/8/265 320/8/267 319/8/249
f 369/50/266 135/8/1006 320/8/267
f 365/49/268 363/50/269 369/50/251
f 363/50/269 133/8/1007 135/8/270
f 370/51/55 389/60/55 235/21/146
f 304/40/55 402/69/55 371/52/55
f 372/52/55 423/69/55 293/40/55
f 373/53/55 418/9/278 374/9/271
f 376/9/170 411/9/275 377/53/55
f 379/55/55 241/21/149 240/21/148
f 287/35/55 288/36/55 381/17/55
f 286/21/171 906/76/55 383/56/55
f 383/56/55 427/61/55 385/57/55
f 385/57/55 386/55/55 233/21/146
f 386/55/55 370/51/55 234/21/146
f 237/21/146 236/21/147 387/58/55
f 236/21/147 235/21/146 389/60/55
f 390/58/55 238/21/146 237/21/146
f 391/60/55 239/21/147 238/21/146
f 380/51/55 240/21/148 239/21/147
f 242/21/146 393/57/55 392/61/55
f 241/21/149 379/55/55 393/57/55
f 394/62/55 401/12/55 306/12/55
f 307/45/55 308/46/55 395/63/55
f 308/46/55 130/15/55 132/17/55
f 392/61/55 396/64/55 310/48/55
f 396/64/55 131/16/55 309/47/55
f 300/43/55 398/66/55 397/65/55
f 302/42/55 399/67/55 398/66/55
f 303/41/55 371/52/55 399/67/55
f 400/68/55 305/39/55 306/12/55
f 402/69/55 304/40/55 305/39/55
f 403/9/272 406/9/273 404/70/55
f 406/9/273 408/9/274 407/72/55
f 408/9/274 376/9/170 378/54/55
f 397/65/55 410/73/55 409/9/170
f 410/73/55 377/53/55 411/9/275
f 412/70/55 414/9/276 403/9/272
f 413/72/55 415/9/277 414/9/276
f 375/54/55 374/9/271 415/9/277
f 416/9/170 419/73/55 417/65/55
f 418/9/278 373/53/55 419/73/55
f 417/65/55 420/66/55 296/43/55
f 420/66/55 421/67/55 295/42/55
f 421/67/55 372/52/55 294/41/55
f 422/68/55 424/12/55 291/12/55
f 292/39/55 293/40/55 423/69/55
f 290/38/55 291/12/55 424/12/55
f 289/37/55 290/38/55 425/62/55
f 288/36/55 289/37/55 426/63/55
f 383/56/55 906/76/55 285/34/55
f 382/16/55 428/64/55 285/34/55
f 429/74/38 38/8/38 351/19/38
f 274/31/168 276/10/38 430/11/38
f 276/10/38 35/5/38 34/4/38
f 257/1/38 316/2/38 431/75/38
f 281/30/38 278/23/38 344/18/38
f 37/7/38 33/3/38 281/30/38
f 311/32/38 301/9/38 38/8/38
f 312/33/38 311/32/38 429/74/38
f 313/12/38 312/33/38 430/11/38
f 431/75/38 316/2/38 354/26/38
f 37/7/38 431/75/38 299/44/172
f 432/75/41 256/2/41 348/18/41
f 265/30/165 267/3/41 433/7/41
f 267/3/41 80/5/41 79/4/41
f 258/14/41 84/8/43 434/74/41
f 273/31/41 269/25/41 345/19/41
f 81/11/41 78/10/41 273/31/41
f 314/27/41 256/2/41 432/75/41
f 297/44/41 286/21/41 355/26/41
f 433/7/41 298/6/41 297/44/41
f 79/4/41 82/12/41 298/6/41
f 282/32/41 434/74/41 84/8/43
f 284/33/41 81/11/41 434/74/41
f 272/30/54 266/23/166 247/23/153
f 271/3/54 272/30/54 277/30/54
f 270/5/54 271/3/54 279/3/54
f 280/31/54 275/25/169 251/25/159
f 129/10/54 280/31/54 268/31/54
f 330/9/199 439/9/284 435/9/280
f 436/9/281 437/9/282 339/9/226
f 439/9/284 330/9/199 170/9/85
f 341/9/229 339/9/226 438/9/283
f 441/9/286 442/9/287 327/9/190
f 443/9/288 444/9/289 326/9/189
f 445/9/290 446/9/291 338/9/221
f 448/9/293 201/9/113 337/9/215
f 447/9/292 904/9/1008 193/9/105
f 193/9/105 904/9/1008 450/9/295
f 165/9/85 166/9/85 451/9/296
f 332/9/90 331/9/63 452/9/62
f 453/9/297 454/9/298 325/9/69
f 336/9/95 325/9/69 455/9/186
f 456/9/95 457/9/297 335/9/60
f 458/9/60 459/9/55 333/9/63
f 460/9/62 461/9/299 324/9/59
f 324/9/59 462/9/300 463/9/301
f 465/9/303 136/9/59 416/9/170
f 136/9/59 318/9/170 409/9/170
s 0
f 376/9/305 408/9/305 406/9/305
f 414/9/309 415/9/277 374/9/1009
s 1
f 414/9/309 416/9/170 136/9/59
f 416/9/170 283/9/170 464/9/302
f 467/4/310 863/7/310 468/3/311
f 470/6/312 863/7/310 467/4/310
f 472/9/313 703/8/773 473/8/314
f 475/9/316 474/9/315 473/8/314
f 477/8/318 490/8/331 478/9/319
f 480/9/321 508/9/348 481/8/322
f 483/8/324 504/9/344 484/9/325
f 486/8/327 485/8/326 484/9/325
f 488/8/329 486/8/327 487/9/328
f 490/8/331 488/8/329 489/9/330
f 491/9/332 475/9/316 476/8/317
f 493/9/334 491/9/332 492/8/333
f 479/9/320 493/9/334 494/8/335
f 495/8/336 512/9/352 496/9/337
f 498/8/339 513/9/353 499/9/340
f 500/8/341 499/9/340 501/9/342
f 501/9/342 480/9/321 482/8/323
f 483/8/324 505/8/345 503/9/343
f 505/8/345 507/8/347 506/9/346
f 507/8/347 481/8/322 508/9/348
f 509/8/349 772/9/1010 510/9/350
f 511/8/351 510/9/350 512/9/352
f 513/9/353 498/8/339 497/8/338
f 514/4/354 518/11/354 515/10/355
f 517/12/356 722/33/356 518/11/354
f 519/9/357 752/9/1011 520/8/358
f 520/8/358 752/9/1011 522/9/360
f 524/9/362 537/8/375 525/8/363
f 527/9/365 550/8/388 528/8/366
f 530/8/368 762/8/1012 531/9/369
f 531/9/369 762/8/1012 533/8/371
f 534/9/372 533/8/371 535/8/373
f 536/9/374 535/8/373 537/8/375
f 523/8/361 522/9/360 538/9/376
f 539/8/377 538/9/376 540/9/378
f 541/8/379 540/9/378 526/9/364
f 542/9/380 558/9/396 543/8/381
f 545/9/383 559/9/397 546/8/384
f 548/9/386 545/9/383 547/8/385
f 548/9/386 549/8/387 550/8/388
f 530/8/368 532/9/370 551/9/389
f 552/8/390 551/9/389 553/9/391
f 554/8/392 553/9/391 529/9/367
f 555/9/393 771/9/1013 556/8/394
f 558/9/396 555/9/393 557/8/395
f 544/8/382 546/8/384 559/9/397
f 24/1/52 31/2/52 29/2/52
f 560/13/398 705/13/545 561/14/399
f 563/10/401 718/10/558 564/5/402
f 566/16/54 746/47/571 567/15/403
f 569/8/404 578/8/413 570/8/405
f 572/9/407 903/9/830 573/9/408
f 575/9/410 574/9/409 573/9/408
f 577/8/412 614/8/596 578/8/413
f 579/8/414 609/8/444 580/8/415
f 582/9/417 610/9/445 583/9/418
f 585/9/420 639/9/472 586/9/421
f 589/8/424 640/8/473 590/8/425
f 592/8/427 642/8/475 593/8/428
f 595/9/430 644/9/477 596/9/431
f 594/8/429 593/8/428 598/8/433
f 597/9/432 602/9/437 600/9/435
f 599/8/434 598/8/433 603/8/438
f 605/9/440 875/9/436 606/9/441
f 604/8/439 603/8/438 609/8/444
f 608/9/443 611/9/446 610/9/445
f 576/9/411 616/9/451 612/9/54
f 613/8/447 620/8/454 614/8/448
f 615/9/450 612/9/54 616/9/451
f 619/8/453 622/8/455 620/8/454
f 621/9/419 617/9/54 618/9/452
f 581/8/416 580/8/415 622/8/455
f 623/9/456 661/9/494 624/9/457
f 626/8/459 662/8/495 627/8/460
f 629/9/462 664/9/497 630/9/463
f 632/8/465 663/8/496 633/8/466
f 634/8/467 633/8/466 635/8/468
f 637/9/470 885/9/818 638/9/471
f 636/8/469 635/8/468 640/8/473
f 641/8/474 648/8/481 642/8/475
f 643/9/476 646/9/479 644/9/477
f 647/8/480 651/8/484 648/8/481
f 649/9/482 653/9/486 650/9/483
f 591/8/426 590/8/425 651/8/484
f 652/9/485 587/9/422 588/9/423
f 654/9/487 657/9/490 655/9/488
f 657/9/490 773/8/686 658/8/491
f 658/8/491 773/8/686 659/8/492
f 661/9/494 654/9/487 656/9/489
f 660/8/493 659/8/492 662/8/495
f 628/8/461 627/8/460 663/8/496
f 664/9/497 623/9/456 625/9/458
f 665/18/498 28/1/536 27/1/499
f 667/19/501 562/14/400 561/14/399
f 669/21/503 814/21/749 670/20/504
f 672/21/506 671/21/505 670/20/504
f 674/21/508 673/21/507 670/20/504
f 676/21/510 675/21/509 670/20/504
f 678/21/512 677/21/511 670/20/504
f 680/21/514 679/21/513 670/20/504
f 683/22/517 665/18/517 666/18/518
f 685/23/520 683/22/699 684/22/521
f 687/24/523 667/19/523 668/19/524
f 689/25/525 687/24/705 688/24/526
f 691/26/528 682/20/528 670/20/529
f 693/27/530 691/26/1014 692/26/531
f 27/1/499 30/2/575 695/2/533
f 697/2/535 32/2/578 28/1/536
f 562/14/400 777/14/690 521/8/538
f 560/13/398 562/14/400 700/29/540
f 702/29/542 756/8/1015 703/8/543
f 705/13/545 704/28/544 703/8/543
f 709/25/549 689/25/525 710/31/550
f 709/25/549 563/10/401 565/5/401
f 711/3/551 867/30/801 686/23/522
f 709/25/549 686/23/522 515/10/552
f 516/5/548 515/10/552 686/23/522
f 690/25/527 786/25/703 713/31/554
f 715/23/556 685/23/520 716/30/557
f 715/23/556 717/3/402 564/5/402
f 718/10/558 868/31/802 690/25/527
f 715/23/556 690/25/527 468/3/559
f 469/5/555 468/3/559 690/25/527
f 720/9/561 519/9/580 721/32/562
f 723/21/564 907/76/1016 724/34/565
f 723/21/564 725/35/565 726/36/565
f 723/21/564 727/37/565 728/38/565
f 723/21/564 729/12/565 730/39/565
f 723/21/564 731/40/565 732/41/565
f 723/21/564 733/42/565 734/43/565
f 723/21/564 720/9/561 735/6/566
f 517/12/563 735/6/566 720/9/561
f 681/21/515 780/21/693 737/44/568
f 472/9/570 753/9/582 738/43/403
f 472/9/570 739/42/403 740/41/403
f 472/9/570 741/40/403 742/39/403
f 472/9/570 743/12/403 744/45/403
f 472/9/570 745/46/403 567/15/403
f 472/9/570 746/47/571 747/48/572
f 748/32/573 472/9/570 681/21/515
f 471/12/569 749/33/574 681/21/515
f 30/2/575 694/27/532 750/27/576
f 751/27/577 693/27/530 32/2/578
f 720/9/561 759/9/591 752/9/579
f 474/9/581 573/9/408 753/9/582
f 754/8/583 699/8/1017 521/8/584
f 571/8/406 755/8/585 521/8/584
f 578/8/413 473/8/595 703/8/587
f 570/8/405 578/8/413 757/8/589
f 759/9/591 766/9/635 522/9/592
f 475/9/593 576/9/411 573/9/408
f 523/8/594 577/8/412 569/8/404
f 473/8/595 578/8/413 614/8/596
f 537/8/598 579/8/414 581/8/416
f 477/8/600 580/8/415 609/8/444
f 760/9/602 765/9/634 524/9/603
f 478/9/605 610/9/445 582/9/417
f 588/9/423 586/9/421 527/9/607
f 761/9/609 770/9/677 508/9/610
f 550/8/612 589/8/424 591/8/426
f 481/8/614 590/8/425 640/8/473
f 530/8/616 592/8/427 594/8/429
f 593/8/428 642/8/475 483/8/618
f 597/9/432 596/9/431 532/9/620
f 763/9/622 870/9/804 484/9/623
f 762/8/617 594/8/429 599/8/434
f 486/8/626 598/8/433 593/8/428
f 602/9/437 597/9/432 531/9/621
f 484/9/623 870/9/804 605/9/440
f 533/8/625 599/8/434 604/8/439
f 603/8/438 598/8/433 486/8/626
f 764/9/631 602/9/437 534/9/627
f 487/9/628 605/9/440 607/9/442
f 535/8/629 604/8/439 579/8/414
f 609/8/444 603/8/438 488/8/630
f 765/9/634 764/9/631 536/9/632
f 489/9/633 607/9/442 610/9/445
f 766/9/635 767/9/642 538/9/636
f 491/9/637 616/9/451 576/9/411
f 539/8/638 613/8/447 577/8/449
f 476/8/640 614/8/448 620/8/454
f 767/9/642 768/9/647 540/9/643
f 493/9/644 618/9/452 616/9/451
f 541/8/645 619/8/453 613/8/447
f 492/8/641 620/8/454 622/8/455
f 768/9/647 760/9/602 526/9/604
f 479/9/606 582/9/417 618/9/452
f 525/8/599 581/8/416 619/8/453
f 622/8/455 580/8/415 477/8/600
f 625/9/458 624/9/457 558/9/648
f 512/9/650 661/9/494 623/9/456
f 543/8/652 626/8/459 628/8/461
f 627/8/460 662/8/495 495/8/654
f 631/9/464 630/9/463 559/9/656
f 513/9/658 664/9/497 629/9/462
f 546/8/660 632/8/465 634/8/467
f 633/8/466 663/8/496 498/8/662
f 638/9/471 631/9/464 545/9/657
f 629/9/462 882/9/815 501/9/665
f 547/8/661 634/8/467 636/8/469
f 502/8/667 635/8/468 633/8/466
f 586/9/421 638/9/471 548/9/664
f 501/9/665 882/9/815 761/9/609
f 549/8/666 636/8/469 589/8/424
f 640/8/473 635/8/468 502/8/667
f 552/8/668 641/8/474 592/8/427
f 483/8/618 642/8/475 648/8/481
f 596/9/431 646/9/479 551/9/670
f 503/9/671 769/9/676 763/9/622
f 554/8/672 647/8/480 641/8/474
f 505/8/669 648/8/481 651/8/484
f 646/9/479 650/9/483 553/9/674
f 506/9/675 876/9/809 769/9/676
f 528/8/613 591/8/426 647/8/480
f 651/8/484 590/8/425 481/8/614
f 650/9/483 588/9/423 529/9/608
f 770/9/677 876/9/809 506/9/675
f 656/9/489 655/9/488 771/9/678
f 657/9/490 654/9/487 510/9/680
f 655/9/488 658/8/491 556/8/682
f 509/8/683 773/8/686 657/9/490
f 556/8/682 658/8/491 660/8/493
f 511/8/685 659/8/492 773/8/686
f 624/9/457 656/9/489 555/9/679
f 654/9/487 661/9/494 512/9/650
f 557/8/684 660/8/493 626/8/459
f 495/8/654 662/8/495 659/8/492
f 544/8/653 628/8/461 632/8/465
f 663/8/496 627/8/460 497/8/655
f 630/9/463 625/9/458 542/9/649
f 623/9/456 664/9/497 513/9/658
f 666/18/500 27/1/499 696/1/534
f 698/1/537 28/1/536 665/18/498
f 668/19/502 561/14/399 706/14/546
f 777/14/690 562/14/400 667/19/501
f 780/21/693 681/21/515 682/20/516
f 684/22/519 666/18/518 774/18/695
f 665/18/517 683/22/517 783/22/697
f 683/22/699 685/23/520 715/23/556
f 784/24/701 688/24/524 668/19/524
f 667/19/523 687/24/523 785/24/702
f 786/25/703 690/25/527 688/24/526
f 687/24/705 689/25/525 709/25/549
f 787/26/707 692/26/529 670/20/529
f 781/20/709 682/20/528 691/26/528
f 694/27/532 692/26/531 787/26/710
f 788/26/711 691/26/1014 693/27/530
f 791/49/718 796/49/740 705/13/719
f 758/8/723 757/8/722 792/8/721
f 794/50/725 570/8/1018 758/8/723
f 793/8/724 792/8/721 789/8/713
f 794/50/725 793/8/724 795/8/726
f 704/28/728 795/8/726 789/8/713
f 796/49/727 795/8/726 704/28/728
f 701/28/732 700/29/731 797/8/730
f 791/49/734 560/13/1019 701/28/732
f 798/8/733 797/8/730 790/8/716
f 791/49/734 798/8/733 799/8/735
f 755/8/737 799/8/735 790/8/716
f 800/50/736 799/8/735 755/8/737
f 800/50/739 794/50/742 796/49/740
f 571/8/741 570/8/1020 794/50/742
f 673/21/507 819/60/754 801/51/743
f 802/52/54 832/69/54 741/40/403
f 731/40/565 854/69/54 803/52/54
f 804/9/744 849/9/766 805/53/54
f 807/53/54 840/9/763 808/9/745
f 678/21/512 679/21/513 810/55/746
f 725/35/565 859/16/54 812/17/54
f 813/56/748 907/76/1016 723/21/564
f 815/57/750 857/61/767 813/56/748
f 671/21/505 816/55/751 815/57/750
f 672/21/506 801/51/743 816/55/751
f 817/58/752 674/21/508 675/21/509
f 819/60/754 673/21/507 674/21/508
f 675/21/509 676/21/510 820/58/755
f 676/21/510 677/21/511 821/60/756
f 677/21/511 678/21/512 811/51/747
f 822/61/757 823/57/758 680/21/514
f 823/57/758 810/55/746 679/21/513
f 824/62/54 744/45/403 743/12/403
f 826/63/54 745/46/403 744/45/403
f 568/17/54 567/15/403 745/46/403
f 747/48/572 827/64/759 822/61/757
f 746/47/571 566/16/54 827/64/759
f 828/65/54 829/66/54 738/43/403
f 829/66/54 830/67/54 739/42/403
f 830/67/54 802/52/54 740/41/403
f 743/12/403 742/39/403 831/68/54
f 742/39/403 741/40/403 832/69/54
f 833/70/54 837/9/761 834/9/760
f 836/72/54 838/9/762 837/9/761
f 809/54/54 808/9/745 838/9/762
f 839/9/745 841/73/54 828/65/54
f 840/9/763 807/53/54 841/73/54
f 834/9/760 843/9/764 842/70/54
f 843/9/764 845/9/765 844/72/54
f 845/9/765 804/9/744 806/54/54
f 846/65/54 848/73/54 847/9/745
f 848/73/54 805/53/54 849/9/766
f 734/43/565 850/66/54 846/65/54
f 733/42/565 851/67/54 850/66/54
f 732/41/565 803/52/54 851/67/54
f 852/68/54 730/39/565 729/12/565
f 854/69/54 731/40/565 730/39/565
f 728/38/565 855/62/54 853/12/54
f 727/37/565 856/63/54 855/62/54
f 726/36/565 812/17/54 856/63/54
f 724/34/565 907/76/1016 813/56/748
f 859/16/54 725/35/565 724/34/565
f 784/24/768 776/19/772 713/31/769
f 860/74/771 713/31/769 776/19/772
f 861/11/310 714/10/311 713/31/769
f 467/4/310 469/5/311 714/10/311
f 697/2/775 698/1/1021 775/18/776
f 719/30/778 862/75/777 775/18/776
f 719/30/778 468/3/311 863/7/310
f 472/9/313 748/32/781 860/74/771
f 749/33/312 861/11/310 860/74/771
f 471/12/312 467/4/310 861/11/310
f 781/20/782 788/26/785 737/44/783
f 697/2/775 862/75/777 737/44/783
f 863/7/310 470/6/312 737/44/783
f 782/22/1022 774/18/788 707/30/547
f 695/2/787 865/75/790 707/30/547
f 864/7/354 708/3/355 707/30/547
f 514/4/354 516/5/355 708/3/355
f 521/8/359 777/14/1023 778/19/791
f 712/31/793 866/74/792 778/19/791
f 712/31/793 515/10/355 518/11/354
f 695/2/787 750/27/1024 787/26/796
f 736/44/797 865/75/790 787/26/796
f 736/44/797 735/6/356 864/7/354
f 735/6/356 517/12/356 514/4/354
f 521/8/359 866/74/792 721/32/800
f 866/74/792 518/11/354 722/33/356
f 867/30/801 716/30/557 685/23/520
f 711/3/551 717/3/402 716/30/557
f 565/5/401 564/5/402 717/3/402
f 868/31/802 710/31/550 689/25/525
f 718/10/558 563/10/401 710/31/550
f 869/9/803 874/9/808 870/9/804
f 871/9/805 763/9/622 769/9/676
f 605/9/440 870/9/804 874/9/808
f 873/9/807 769/9/676 876/9/809
f 877/9/810 876/9/809 770/9/677
f 879/9/812 770/9/677 761/9/609
f 881/9/814 761/9/609 882/9/815
f 631/9/464 638/9/471 885/9/818
f 884/9/817 882/9/815 629/9/462
f 888/9/821 887/9/820 629/9/462
f 889/9/822 601/9/436 602/9/437
f 890/9/410 764/9/631 765/9/634
f 891/9/823 765/9/634 760/9/602
f 893/9/825 760/9/602 768/9/647
f 894/9/826 768/9/647 767/9/642
f 896/9/450 767/9/642 766/9/635
f 898/9/410 766/9/635 759/9/591
f 901/9/828 900/9/827 759/9/591
f 903/9/830 905/9/1025 847/9/745
f 839/9/745 753/9/582 573/9/408
f 837/9/761 838/9/762 808/9/745
f 804/9/744 845/9/765 843/9/764
f 843/9/764 808/9/745 573/9/408
f 847/9/745 905/9/1025 902/9/829
f 131/16/831 566/16/831 568/17/832
f 465/9/833 903/9/998 572/9/834
f 138/9/836 137/9/835 572/9/834
f 138/9/836 574/9/837 575/9/838
f 148/9/840 584/9/869 583/9/841
f 150/9/843 203/9/873 639/9/844
f 150/9/846 585/9/1026 587/9/847
f 160/9/849 209/9/1027 644/9/850
f 160/9/849 595/9/851 600/9/852
f 166/9/854 164/9/853 600/9/852
f 440/9/41 169/9/857 606/9/855
f 172/9/856 608/9/859 606/9/855
f 172/9/856 175/9/860 611/9/858
f 175/9/860 146/9/842 583/9/841
f 139/9/839 575/9/838 612/9/861
f 176/9/862 612/9/861 615/9/863
f 181/9/865 180/9/864 615/9/863
f 181/9/865 617/9/866 621/9/867
f 148/9/840 185/9/868 621/9/867
f 202/9/870 448/9/970 885/9/871
f 202/9/870 637/9/872 639/9/844
f 208/9/874 214/9/883 643/9/875
f 209/9/877 208/9/1028 645/9/878
f 213/9/880 217/9/886 653/9/881
f 213/9/880 649/9/882 643/9/875
f 216/9/884 151/9/848 587/9/847
f 216/9/884 652/9/885 653/9/881
f 254/27/887 693/27/887 694/27/887
f 315/27/888 694/27/1029 30/2/889
f 254/27/891 14/2/1030 32/2/892
f 370/51/894 801/51/894 819/60/895
f 402/69/896 832/69/896 802/52/897
f 372/52/898 803/52/898 854/69/899
f 375/54/900 806/54/900 805/53/901
f 377/53/902 807/53/902 809/54/903
f 380/51/904 811/51/916 810/55/905
f 381/17/906 812/17/906 859/16/907
f 427/61/908 857/61/908 815/57/909
f 385/57/909 815/57/909 816/55/910
f 386/55/910 816/55/910 801/51/894
f 387/58/911 817/58/912 818/59/52
f 389/60/895 819/60/895 817/58/912
f 388/59/52 818/59/52 820/58/913
f 391/60/915 390/58/914 820/58/913
f 380/51/904 391/60/915 821/60/915
f 393/57/917 823/57/917 822/61/918
f 379/55/905 810/55/905 823/57/917
f 394/62/919 824/62/919 825/12/41
f 395/63/920 826/63/920 824/62/919
f 132/17/832 568/17/832 826/63/920
f 392/61/918 822/61/918 827/64/921
f 396/64/921 827/64/921 566/16/831
f 398/66/922 829/66/922 828/65/923
f 399/67/924 830/67/924 829/66/922
f 371/52/897 802/52/897 830/67/924
f 401/12/41 825/12/41 831/68/925
f 400/68/925 831/68/925 832/69/896
f 404/70/926 833/70/926 835/71/51
f 407/72/927 836/72/927 833/70/926
f 378/54/903 809/54/903 836/72/927
f 397/65/923 828/65/923 841/73/928
f 410/73/928 841/73/928 807/53/902
f 405/71/51 835/71/51 842/70/929
f 412/70/929 842/70/929 844/72/930
f 413/72/930 844/72/930 806/54/900
f 419/73/931 848/73/931 846/65/932
f 373/53/901 805/53/901 848/73/931
f 417/65/932 846/65/932 850/66/933
f 420/66/933 850/66/933 851/67/934
f 421/67/934 851/67/934 803/52/898
f 422/68/935 852/68/935 853/12/38
f 423/69/899 854/69/899 852/68/935
f 424/12/38 853/12/38 855/62/936
f 425/62/936 855/62/936 856/63/937
f 426/63/937 856/63/937 812/17/906
f 428/64/938 858/64/939 857/61/908
f 382/16/907 859/16/907 858/64/939
f 14/2/940 12/2/941 30/2/941
f 439/9/41 874/9/41 869/9/942
f 435/9/943 869/9/942 871/9/944
f 437/9/946 436/9/945 871/9/944
f 437/9/946 872/9/947 873/9/948
f 439/9/41 440/9/41 875/9/41
f 438/9/949 873/9/948 877/9/950
f 442/9/952 441/9/951 877/9/950
f 442/9/952 878/9/953 879/9/954
f 444/9/956 443/9/955 879/9/954
f 444/9/956 880/9/957 881/9/958
f 446/9/960 445/9/959 881/9/958
f 446/9/960 883/9/961 884/9/962
f 904/9/964 447/9/963 884/9/962
f 904/9/964 887/9/965 888/9/966
f 450/9/967 888/9/966 886/9/968
f 449/9/969 886/9/968 885/9/871
f 451/9/971 166/9/854 601/9/854
f 452/9/973 451/9/971 889/9/972
f 452/9/973 890/9/974 891/9/975
f 454/9/977 453/9/976 891/9/975
f 455/9/979 454/9/977 892/9/978
f 456/9/981 455/9/979 893/9/980
f 456/9/981 894/9/982 895/9/983
f 457/9/984 895/9/983 896/9/985
f 458/9/985 896/9/985 897/9/986
f 460/9/988 459/9/987 897/9/986
f 460/9/988 898/9/989 899/9/990
f 462/9/992 461/9/991 899/9/990
f 463/9/994 462/9/992 900/9/993
f 464/9/996 463/9/994 901/9/995
f 465/9/833 466/9/999 905/9/997
f 464/9/996 902/9/996 905/9/997
f 220/9/132 222/8/134 74/8/40
f 274/31/168 351/19/38 353/24/243
f 299/44/172 354/26/38 347/20/241
f 265/30/165 348/18/41 350/22/242
f 684/22/521 782/22/1022 707/30/547
