# Blender 5.0.1
# www.blender.org
mtllib lego_leg_l.mtl
o lego_obj.011
v 0.200597 0.035919 -0.400198
v 0.203865 0.008762 -0.056680
v 0.200597 0.035919 -0.059947
v 0.107441 0.008762 -0.403469
v 0.203865 0.008762 -0.403469
v 0.110708 0.035919 -0.400198
v 0.107441 0.008762 -0.056680
v 0.110708 0.035919 -0.059947
v 0.200152 0.039594 -0.399757
v 0.200152 0.039594 -0.060389
v 0.204306 0.005092 -0.056238
v 0.204306 0.005092 -0.403911
v 0.106999 0.005092 -0.403911
v 0.111150 0.039594 -0.060389
v 0.111150 0.039594 -0.399757
v 0.106996 0.005092 -0.056238
v 0.217306 0.011998 -0.043238
v 0.214035 0.039159 -0.413640
v 0.214035 0.039159 -0.046506
v 0.093999 0.011998 -0.416911
v 0.097267 0.039159 -0.413640
v 0.093999 0.011998 -0.043238
v 0.097267 0.039159 -0.046506
v 0.207328 0.023389 -0.409187
v 0.207328 0.023389 -0.050958
v 0.100117 0.021738 -0.410790
v 0.100671 0.051927 -0.049910
v 0.100671 0.051927 -0.410236
v 0.100117 0.021738 -0.049356
v 0.210635 0.051927 -0.049910
v 0.217306 0.011998 -0.416911
v 0.106996 0.103423 -0.040777
v 0.209180 0.059363 -0.040777
v 0.209180 0.103423 -0.040777
v -0.176414 0.060650 -0.040777
v 0.106996 0.057067 -0.040777
v -0.174426 0.468394 -0.040777
v 0.106996 0.201757 -0.040777
v 0.105176 0.468394 -0.040777
v 0.105183 0.473811 -0.040777
v 0.147609 0.528089 -0.040777
v -0.174426 0.548736 -0.040777
v -0.174412 0.532181 -0.040777
v 0.152482 0.682214 -0.040777
v -0.147055 0.703551 -0.040777
v -0.158926 0.683034 -0.040777
v -0.174426 0.605234 -0.040777
v 0.167887 0.625358 -0.040777
v -0.176284 0.625285 -0.040777
v 0.166555 0.585401 -0.040777
v -0.174412 0.585503 -0.040777
v 0.162814 0.566069 -0.040777
v -0.174391 0.566557 -0.040777
v 0.156703 0.547067 -0.040777
v -0.174408 0.503096 -0.040777
v 0.121784 0.491775 -0.040777
v -0.174405 0.517028 -0.040777
v 0.136298 0.509736 -0.040777
v 0.041824 0.775819 -0.040777
v -0.070121 0.769336 -0.040777
v 0.058137 0.770402 -0.040777
v 0.084218 0.757613 -0.040777
v -0.110404 0.744497 -0.040777
v 0.105699 0.742926 -0.040777
v -0.130658 0.724545 -0.040777
v 0.126380 0.722455 -0.040777
v 0.141911 0.701875 -0.040777
v -0.173139 0.643831 -0.040777
v 0.165401 0.643813 -0.040777
v -0.167056 0.663264 -0.040777
v 0.160475 0.662668 -0.040777
v 0.008689 0.782673 -0.040777
v -0.046512 0.778094 -0.040777
v 0.025195 0.780029 -0.040777
v -0.058383 0.774041 -0.040777
v -0.090374 0.758338 -0.040777
v 0.106996 0.103423 -0.419372
v 0.209180 0.147485 -0.419372
v 0.209180 0.103423 -0.419372
v -0.176414 0.105859 -0.419372
v 0.106996 0.149782 -0.419372
v 0.106996 0.201757 -0.419372
v -0.174426 0.468857 -0.402533
v 0.105176 0.468857 -0.402533
v 0.105183 0.474259 -0.402134
v -0.174408 0.490699 -0.400924
v -0.174426 0.548985 -0.396629
v 0.147609 0.528394 -0.398144
v -0.174412 0.532472 -0.397846
v 0.152482 0.682102 -0.386820
v -0.147055 0.703379 -0.385252
v 0.141911 0.701707 -0.385375
v -0.174426 0.605329 -0.392475
v 0.167887 0.625400 -0.390999
v 0.168514 0.605329 -0.392475
v 0.166555 0.585552 -0.393933
v -0.174412 0.585650 -0.393926
v 0.162814 0.566269 -0.395353
v -0.174391 0.566756 -0.395318
v 0.156703 0.547320 -0.396752
v -0.174408 0.503467 -0.399981
v 0.121784 0.492175 -0.400815
v -0.174405 0.517361 -0.398957
v 0.136298 0.510090 -0.399494
v -0.070121 0.768986 -0.380418
v 0.041824 0.775454 -0.379941
v 0.058137 0.770048 -0.380341
v -0.110404 0.744213 -0.382244
v 0.084218 0.757293 -0.381280
v 0.105699 0.742649 -0.382357
v -0.130658 0.724317 -0.383710
v 0.126380 0.722231 -0.383864
v -0.173139 0.643824 -0.389638
v -0.176284 0.625323 -0.391002
v -0.167056 0.663201 -0.388211
v 0.165401 0.643803 -0.389642
v -0.158926 0.682919 -0.386760
v -0.046512 0.777719 -0.379773
v 0.008689 0.782287 -0.379436
v 0.025195 0.779651 -0.379632
v -0.058383 0.773680 -0.380071
v -0.090374 0.758019 -0.381224
v 0.119649 0.201757 -0.403911
v 0.204306 0.201757 -0.056238
v 0.204306 0.201757 -0.403911
v 0.209180 0.103423 -0.403911
v 0.209180 0.147485 -0.056238
v 0.209180 0.103423 -0.056238
v -0.176414 0.077724 -0.149948
v -0.176414 0.057912 -0.056238
v -0.176414 0.084680 -0.147838
v 0.105176 0.468839 -0.387759
v 0.106912 0.214406 -0.056203
v 0.106912 0.214385 -0.403147
v -0.174426 0.472040 -0.166584
v -0.174426 0.468412 -0.055547
v -0.174412 0.485801 -0.140626
v -0.174408 0.490401 -0.135209
v -0.174408 0.490310 -0.055484
v 0.105183 0.474242 -0.387377
v 0.105176 0.468411 -0.055547
v 0.156703 0.547309 -0.382216
v 0.147609 0.528103 -0.055369
v 0.147609 0.528380 -0.383552
v -0.174412 0.532191 -0.055358
v -0.174426 0.548771 -0.090943
v -0.174412 0.532227 -0.098597
v -0.147998 0.701798 -0.304823
v -0.147055 0.703386 -0.371187
v -0.158926 0.682940 -0.322689
v -0.158926 0.682922 -0.372631
v 0.141911 0.701714 -0.371302
v 0.152482 0.682210 -0.054906
v 0.152482 0.682105 -0.372691
v 0.167887 0.625397 -0.376698
v 0.168514 0.605238 -0.055137
v 0.168514 0.605325 -0.378114
v -0.174426 0.605318 -0.351960
v -0.176284 0.625323 -0.376701
v -0.174426 0.605325 -0.378114
v 0.166555 0.585408 -0.055197
v 0.166555 0.585545 -0.379513
v -0.174422 0.598250 -0.352731
v -0.174412 0.585643 -0.379506
v -0.174412 0.585632 -0.351357
v 0.162814 0.566076 -0.055256
v 0.162814 0.566262 -0.380877
v -0.174412 0.585506 -0.055197
v -0.174412 0.583560 -0.081807
v -0.174391 0.566564 -0.055253
v -0.174391 0.566581 -0.085544
v 0.156703 0.547078 -0.055312
v -0.174426 0.548746 -0.055309
v -0.174412 0.554871 -0.088121
v -0.174408 0.503176 -0.120169
v -0.174408 0.503110 -0.055446
v 0.121784 0.492161 -0.386111
v 0.105183 0.473828 -0.055533
v -0.174408 0.504821 -0.118237
v -0.174405 0.517091 -0.108908
v -0.174405 0.517042 -0.055404
v 0.136298 0.510076 -0.384846
v 0.121784 0.491789 -0.055477
v -0.174412 0.528209 -0.100458
v 0.136298 0.509750 -0.055425
v -0.058383 0.773694 -0.366219
v -0.070121 0.769322 -0.054646
v -0.058383 0.774027 -0.054632
v 0.041824 0.775468 -0.366093
v 0.058137 0.770388 -0.054643
v 0.058137 0.770062 -0.366475
v -0.090374 0.758030 -0.367323
v -0.110404 0.744486 -0.054720
v -0.090374 0.758324 -0.054678
v 0.084218 0.757307 -0.367376
v 0.105699 0.742916 -0.054723
v 0.105699 0.742660 -0.368410
v 0.126380 0.722444 -0.054787
v 0.126380 0.722241 -0.369854
v -0.135433 0.718287 -0.280509
v -0.130658 0.724327 -0.369707
v -0.147055 0.703421 -0.302432
v 0.141911 0.701868 -0.054850
v 0.165401 0.643806 -0.375397
v 0.167887 0.625362 -0.055078
v -0.175919 0.627455 -0.349555
v -0.173139 0.643824 -0.375394
v -0.176284 0.625320 -0.349787
v 0.160475 0.662612 -0.374069
v 0.165401 0.643813 -0.055022
v -0.169538 0.655295 -0.340173
v -0.167056 0.663205 -0.374026
v -0.173139 0.643824 -0.344040
v 0.160475 0.662668 -0.054965
v -0.159946 0.680471 -0.325028
v -0.167056 0.663212 -0.335412
v -0.034784 0.780773 -0.365717
v -0.046512 0.778080 -0.054618
v -0.034784 0.781123 -0.054611
v 0.008689 0.782301 -0.365609
v 0.008689 0.782655 -0.054604
v 0.025195 0.780012 -0.054615
v 0.025195 0.779665 -0.365795
v -0.046512 0.777737 -0.365931
v 0.041824 0.775805 -0.054625
v 0.084218 0.757598 -0.054681
v -0.070121 0.769000 -0.366548
v 0.207013 0.005632 -0.403911
v 0.207013 0.201217 -0.056238
v -0.176414 0.009961 -0.345723
v -0.175870 0.007255 -0.403911
v -0.176414 0.009961 -0.322594
v -0.176414 0.009961 -0.299462
v -0.176414 0.009961 -0.276334
v -0.176414 0.009961 -0.253205
v -0.176414 0.009961 -0.230073
v -0.176414 0.009961 -0.201100
v -0.176414 0.009961 -0.172127
v -0.176414 0.009961 -0.143154
v -0.176414 0.009961 -0.114184
v -0.176414 0.009961 -0.085211
v -0.176414 0.009961 -0.056238
v -0.175870 0.007255 -0.056238
v 0.208636 0.007255 -0.403911
v 0.207013 0.005632 -0.056238
v 0.209180 0.009961 -0.403911
v 0.208636 0.007255 -0.056238
v 0.208636 0.199590 -0.056238
v 0.207013 0.201217 -0.403911
v 0.209180 0.196884 -0.056238
v 0.208636 0.199590 -0.403911
v -0.174247 0.005632 -0.403911
v -0.171540 0.005092 -0.403911
v -0.174247 0.005632 -0.056238
v 0.204306 0.005092 -0.419372
v 0.106999 0.005092 -0.419372
v 0.106996 0.005092 -0.040777
v 0.204306 0.005092 -0.040777
v 0.106996 0.201757 -0.416564
v 0.204306 0.201757 -0.419372
v 0.115431 0.201757 -0.408129
v 0.111213 0.201757 -0.412346
v 0.111213 0.201757 -0.047803
v 0.115431 0.201757 -0.052020
v 0.204306 0.201757 -0.040777
v 0.119649 0.201757 -0.056238
v 0.209180 0.015304 -0.419372
v 0.209180 0.059363 -0.419372
v 0.209180 0.196884 -0.419372
v 0.209180 0.191544 -0.403911
v 0.209180 0.147485 -0.403911
v 0.209180 0.059363 -0.403911
v 0.209180 0.015304 -0.403911
v 0.209180 0.191544 -0.419372
v 0.209180 0.191544 -0.040777
v 0.209180 0.147485 -0.040777
v 0.209180 0.009961 -0.040777
v 0.209180 0.015304 -0.056238
v 0.209180 0.059363 -0.056238
v 0.209180 0.191544 -0.056238
v 0.209180 0.015304 -0.040777
v -0.176414 0.201757 -0.403911
v -0.176414 0.196277 -0.419372
v -0.176414 0.151068 -0.419372
v -0.176414 0.009961 -0.419372
v -0.176414 0.055160 -0.403911
v -0.176414 0.065299 -0.403911
v -0.176414 0.075442 -0.403911
v -0.176414 0.085581 -0.403911
v -0.176414 0.095720 -0.403911
v -0.176414 0.105859 -0.403911
v -0.176414 0.121843 -0.403911
v -0.176414 0.137826 -0.403911
v -0.176414 0.153806 -0.403911
v -0.176414 0.169790 -0.403911
v -0.176414 0.185774 -0.403911
v -0.176414 0.015441 -0.419372
v -0.176414 0.060650 -0.419372
v -0.176414 0.015441 -0.040777
v -0.176414 0.201757 -0.040777
v -0.176414 0.185774 -0.056238
v -0.176414 0.169790 -0.056238
v -0.176414 0.153806 -0.056238
v -0.176414 0.137826 -0.056238
v -0.176414 0.121843 -0.056238
v -0.176414 0.105859 -0.056238
v -0.176414 0.089876 -0.056238
v -0.176414 0.073892 -0.056238
v -0.176414 0.041929 -0.056238
v -0.176414 0.025945 -0.056238
v -0.176414 0.196277 -0.040777
v -0.176414 0.151068 -0.040777
v -0.176414 0.105859 -0.040777
v -0.171540 0.005092 -0.419372
v -0.171540 0.005092 -0.040777
v -0.176414 0.201757 -0.419372
v -0.176414 0.201757 -0.056238
v 0.106968 0.205968 -0.412090
v 0.106940 0.210175 -0.407620
v 0.106996 0.201757 -0.043585
v 0.106940 0.210192 -0.051999
v 0.106968 0.205975 -0.047792
v -0.174426 0.468839 -0.387759
v -0.174412 0.532461 -0.383265
v -0.147055 0.703544 -0.054843
v -0.158926 0.683027 -0.054906
v 0.168514 0.605234 -0.040777
v -0.176284 0.625285 -0.055078
v -0.174426 0.605238 -0.055137
v -0.174391 0.566746 -0.380842
v -0.174426 0.548974 -0.382097
v -0.174408 0.490685 -0.386217
v -0.174408 0.490296 -0.040777
v -0.174408 0.503450 -0.385316
v -0.174405 0.517347 -0.384334
v -0.110404 0.744227 -0.368301
v -0.130658 0.724534 -0.054780
v -0.173139 0.643831 -0.055022
v 0.160475 0.662609 -0.388257
v -0.167056 0.663261 -0.054965
v -0.034784 0.780755 -0.379552
v 0.207013 0.005632 -0.419372
v 0.207013 0.005632 -0.040777
v 0.207013 0.201217 -0.040777
v 0.207013 0.201217 -0.419372
v -0.175870 0.007255 -0.419372
v -0.176414 0.009961 -0.040777
v -0.175870 0.007255 -0.040777
v 0.208636 0.007255 -0.419372
v 0.208636 0.007255 -0.040777
v 0.209180 0.009961 -0.419372
v 0.209180 0.009961 -0.056238
v 0.208636 0.199590 -0.040777
v 0.208636 0.199590 -0.419372
v 0.209180 0.196884 -0.040777
v 0.209180 0.196884 -0.403911
v -0.174247 0.005632 -0.419372
v -0.174247 0.005632 -0.040777
v -0.171540 0.005092 -0.056238
v 0.109800 0.203163 -0.047799
v 0.108384 0.204562 -0.412175
v 0.115403 0.205968 -0.403659
v 0.108384 0.204569 -0.047796
v 0.109769 0.207381 -0.052006
v 0.111157 0.210192 -0.056213
v 0.112602 0.204569 -0.052013
v 0.115403 0.205975 -0.056224
v 0.109800 0.203159 -0.412262
v 0.112602 0.204562 -0.407960
v 0.109769 0.207370 -0.407789
v 0.111157 0.210175 -0.403403
v -0.176414 0.032732 -0.273248
v -0.176414 0.127039 -0.147834
v -0.176414 0.127039 -0.312312
v -0.176414 0.201757 -0.316992
v -0.176414 0.169271 -0.286557
v -0.176414 0.178986 -0.273248
v -0.176414 0.169271 -0.173589
v -0.176414 0.201757 -0.143154
v -0.176414 0.178986 -0.186897
v -0.176414 0.042447 -0.173589
v -0.176414 0.032732 -0.186897
v -0.176414 0.084680 -0.312312
v -0.176414 0.077724 -0.310201
v -0.176414 0.026895 -0.373213
v -0.176414 0.009961 -0.368852
v -0.176414 0.053628 -0.297033
v -0.176414 0.042447 -0.286557
v -0.176414 0.022001 -0.243465
v -0.176414 0.020939 -0.230073
v -0.176414 0.025770 -0.258317
v -0.176414 0.022001 -0.216684
v -0.176414 0.025770 -0.201833
v -0.176414 0.064840 -0.155715
v -0.176414 0.053628 -0.163116
v -0.176414 0.098900 -0.145440
v -0.176414 0.091793 -0.146327
v -0.176414 0.071070 -0.152606
v -0.176414 0.146879 -0.155715
v -0.176414 0.140649 -0.152606
v -0.176414 0.133994 -0.149948
v -0.176414 0.112819 -0.145440
v -0.176414 0.105859 -0.145152
v -0.176414 0.119929 -0.146327
v -0.176414 0.189718 -0.216684
v -0.176414 0.201757 -0.230073
v -0.176414 0.190780 -0.230073
v -0.176414 0.185949 -0.201833
v -0.176414 0.201757 -0.201100
v -0.176414 0.201757 -0.172127
v -0.176414 0.201757 -0.085211
v -0.176414 0.201757 -0.114181
v -0.176414 0.158091 -0.163116
v -0.176414 0.189718 -0.243465
v -0.176414 0.201757 -0.259046
v -0.176414 0.185949 -0.258317
v -0.176414 0.201757 -0.288019
v -0.176414 0.146879 -0.304430
v -0.176414 0.201757 -0.374938
v -0.176414 0.158091 -0.297033
v -0.176414 0.201757 -0.345965
v -0.176414 0.140649 -0.307544
v -0.176414 0.133994 -0.310201
v -0.176414 0.112819 -0.314710
v -0.176414 0.119929 -0.313823
v -0.176414 0.105859 -0.314997
v -0.176414 0.098900 -0.314710
v -0.176414 0.091793 -0.313823
v -0.176414 0.064840 -0.304430
v -0.176414 0.071070 -0.307544
v 0.106996 0.196137 -0.040777
v 0.106996 0.149782 -0.040777
v 0.106996 0.010708 -0.040777
v 0.106999 0.010708 -0.419372
v 0.106996 0.057067 -0.419372
v 0.106996 0.196137 -0.419372
v -0.175137 0.612940 -0.081807
v -0.176284 0.625288 -0.084524
v -0.173139 0.643831 -0.089138
v -0.173511 0.641629 -0.088121
v -0.174426 0.605245 -0.081807
v -0.174412 0.585517 -0.081807
v -0.167056 0.663254 -0.098127
v -0.158926 0.683010 -0.111642
v -0.164984 0.668295 -0.100458
v -0.147055 0.703505 -0.132156
v -0.153905 0.691680 -0.118237
v -0.130658 0.724460 -0.166580
v -0.141428 0.710700 -0.140626
v -0.130658 0.724394 -0.265171
v -0.125819 0.729158 -0.253215
v -0.121009 0.733912 -0.224225
v -0.174394 0.569046 -0.349555
v -0.174391 0.566728 -0.348773
v -0.174426 0.548946 -0.342782
v -0.174412 0.532419 -0.334890
v -0.174419 0.541205 -0.340173
v -0.174405 0.517291 -0.325785
v -0.174408 0.503376 -0.313041
v -0.174405 0.516033 -0.325028
v -0.174408 0.490583 -0.298751
v -0.174408 0.494703 -0.304823
v -0.174426 0.468671 -0.256550
v -0.174419 0.478218 -0.280509
v -0.174436 0.467342 -0.253215
v -0.174471 0.462588 -0.224225
v -0.174426 0.468569 -0.179075
v -0.174461 0.464180 -0.194891
v 0.195545 0.059363 -0.054411
v 0.106996 0.103423 -0.060060
v 0.195545 0.103423 -0.054411
v -0.162775 0.060650 -0.054411
v -0.162775 0.105859 -0.054411
v 0.091559 0.468355 -0.054429
v -0.162761 0.201704 -0.054397
v -0.160805 0.468338 -0.054425
v -0.160774 0.490288 -0.054415
v 0.094381 0.478046 -0.056178
v -0.160784 0.548729 -0.054408
v 0.135443 0.534730 -0.054183
v -0.160777 0.532188 -0.054411
v 0.139948 0.676303 -0.054187
v -0.135513 0.695757 -0.054117
v 0.130163 0.694344 -0.054085
v -0.161008 0.605858 -0.054615
v 0.154080 0.624215 -0.054194
v 0.154617 0.605700 -0.054134
v 0.152871 0.587399 -0.054215
v -0.160777 0.585513 -0.054411
v 0.149365 0.569523 -0.054155
v -0.160763 0.566553 -0.054418
v 0.143773 0.552221 -0.054124
v -0.160774 0.503096 -0.054411
v 0.111361 0.500785 -0.054264
v -0.160774 0.517028 -0.054411
v 0.124950 0.517771 -0.054138
v -0.064213 0.756771 -0.054159
v 0.037953 0.762577 -0.054250
v 0.052868 0.757514 -0.054117
v -0.101481 0.733713 -0.054043
v 0.077199 0.745570 -0.054103
v 0.096783 0.732121 -0.054026
v -0.120273 0.715289 -0.054134
v 0.115890 0.713280 -0.054103
v -0.159606 0.640584 -0.054124
v -0.162137 0.624748 -0.053872
v -0.154060 0.658570 -0.054226
v 0.151774 0.641128 -0.054152
v -0.146441 0.676888 -0.054127
v 0.147275 0.658268 -0.054131
v -0.042550 0.764873 -0.054243
v 0.007823 0.768660 -0.053994
v 0.022401 0.766483 -0.054215
v -0.053601 0.761147 -0.054292
v -0.083117 0.746523 -0.054177
v 0.195545 0.147485 -0.405734
v 0.106996 0.103423 -0.400090
v 0.195545 0.103423 -0.405734
v 0.106996 0.149782 -0.400090
v -0.162775 0.105859 -0.405734
v 0.091584 0.467886 -0.388888
v -0.162898 0.201277 -0.405625
v 0.101425 0.195548 -0.401986
v -0.160774 0.489693 -0.387324
v 0.094146 0.477257 -0.386609
v 0.135257 0.534183 -0.384516
v -0.160784 0.547975 -0.383037
v -0.160777 0.531476 -0.384246
v 0.140130 0.675321 -0.373655
v -0.135724 0.694793 -0.372221
v -0.146620 0.675924 -0.373665
v -0.160987 0.604908 -0.378654
v 0.154119 0.623307 -0.377659
v -0.162151 0.623914 -0.377964
v 0.152804 0.586600 -0.380456
v -0.160777 0.584658 -0.380330
v 0.149256 0.568804 -0.381880
v -0.160763 0.565747 -0.381715
v 0.143622 0.551593 -0.383244
v -0.160774 0.502465 -0.386385
v 0.111133 0.500410 -0.387009
v -0.160774 0.516359 -0.385358
v 0.124746 0.517326 -0.385856
v 0.038087 0.761700 -0.366952
v -0.064395 0.755867 -0.367498
v 0.053029 0.756627 -0.367470
v 0.077399 0.744665 -0.368399
v -0.101702 0.732780 -0.369385
v 0.097000 0.731192 -0.369518
v -0.120504 0.714328 -0.370710
v 0.116115 0.712323 -0.370892
v 0.130366 0.693380 -0.372368
v -0.159708 0.639659 -0.376446
v 0.151858 0.640192 -0.376396
v -0.154210 0.657599 -0.374966
v 0.147412 0.657315 -0.375096
v 0.007851 0.767811 -0.366727
v -0.042687 0.763990 -0.366790
v 0.022499 0.765617 -0.366688
v -0.053765 0.760249 -0.367029
v -0.083327 0.745601 -0.368263
v 0.202406 0.182569 -0.056238
v 0.114179 0.183372 -0.401934
v 0.202406 0.182569 -0.403911
v 0.189897 0.147485 -0.056238
v 0.189897 0.103423 -0.403911
v 0.189897 0.103423 -0.056238
v -0.157131 0.057912 -0.056238
v -0.157131 0.077724 -0.149948
v -0.157131 0.084680 -0.147838
v 0.088586 0.208734 -0.058163
v 0.085894 0.468787 -0.387759
v 0.088632 0.208548 -0.401261
v -0.155143 0.468331 -0.055547
v -0.155143 0.472023 -0.166584
v -0.155129 0.485783 -0.140626
v -0.155125 0.490387 -0.135209
v -0.155125 0.490303 -0.055484
v 0.085894 0.468362 -0.055547
v 0.087236 0.481292 -0.387370
v 0.130682 0.537342 -0.055362
v 0.138795 0.554461 -0.382209
v 0.130692 0.537636 -0.383545
v -0.155143 0.548768 -0.090943
v -0.155129 0.532202 -0.055358
v -0.155129 0.532237 -0.098597
v -0.141905 0.673880 -0.322686
v -0.131527 0.691985 -0.302425
v -0.131327 0.692104 -0.304819
v -0.131085 0.692577 -0.371180
v -0.141635 0.674389 -0.372628
v 0.135043 0.673982 -0.054906
v 0.125689 0.691291 -0.371299
v 0.135050 0.673863 -0.372687
v 0.149242 0.605886 -0.055137
v 0.148667 0.623801 -0.376698
v 0.149242 0.605974 -0.378114
v -0.157015 0.624590 -0.376701
v -0.155168 0.606279 -0.351960
v -0.155164 0.606226 -0.378114
v 0.147475 0.588192 -0.055197
v 0.147475 0.588335 -0.379513
v -0.155139 0.598261 -0.352731
v -0.155129 0.585660 -0.379506
v -0.155129 0.585650 -0.351357
v 0.144138 0.570872 -0.055253
v 0.144141 0.571065 -0.380874
v -0.155129 0.583585 -0.081807
v -0.155129 0.585524 -0.055197
v -0.155108 0.566557 -0.055253
v -0.155108 0.566571 -0.085544
v 0.138788 0.554216 -0.055309
v -0.155143 0.548736 -0.055309
v -0.155129 0.554833 -0.088121
v -0.155125 0.503176 -0.120169
v 0.087233 0.480872 -0.055523
v 0.107213 0.504786 -0.386097
v -0.155125 0.503110 -0.055446
v -0.155125 0.504817 -0.118237
v -0.155122 0.517091 -0.108908
v -0.155122 0.517042 -0.055404
v 0.107199 0.504400 -0.055463
v 0.120571 0.521235 -0.384835
v -0.155129 0.528212 -0.100458
v 0.120560 0.520892 -0.055414
v -0.051693 0.755611 -0.366198
v -0.061917 0.751870 -0.054629
v -0.061934 0.751540 -0.366531
v 0.050838 0.752539 -0.054625
v 0.036428 0.756957 -0.366072
v 0.050852 0.752210 -0.366457
v -0.080298 0.741590 -0.367309
v -0.098112 0.729628 -0.054709
v -0.098129 0.729355 -0.368287
v 0.093428 0.728040 -0.054713
v 0.074524 0.740637 -0.367362
v 0.093445 0.727773 -0.368399
v 0.111866 0.709749 -0.054780
v 0.111880 0.709529 -0.369844
v -0.116276 0.711478 -0.369697
v -0.120248 0.706398 -0.280499
v 0.125679 0.691463 -0.054843
v 0.148667 0.623770 -0.055078
v 0.146483 0.640065 -0.375397
v -0.157022 0.624412 -0.349790
v -0.154452 0.639056 -0.344040
v -0.156910 0.624219 -0.349559
v -0.154389 0.639308 -0.375394
v 0.146483 0.640083 -0.055022
v 0.142185 0.656498 -0.374065
v -0.148927 0.656638 -0.374023
v -0.151139 0.649525 -0.340173
v 0.142181 0.656568 -0.054965
v -0.142122 0.673109 -0.325024
v -0.149022 0.656386 -0.335409
v -0.032011 0.761690 -0.365696
v -0.040976 0.759607 -0.054601
v -0.040986 0.759264 -0.365910
v 0.007501 0.763057 -0.365588
v -0.032004 0.762040 -0.054590
v 0.021300 0.761129 -0.054594
v 0.021311 0.760778 -0.365774
v -0.051679 0.755947 -0.054611
v 0.036414 0.757297 -0.054608
v 0.074506 0.740938 -0.054664
v -0.080281 0.741895 -0.054664
v 0.197915 0.022632 -0.056238
v 0.197915 0.022632 -0.403911
v 0.197915 0.184213 -0.056238
v -0.158870 0.016353 -0.403911
v -0.157222 0.011862 -0.345723
v -0.157222 0.011862 -0.322594
v -0.157222 0.011862 -0.299462
v -0.157222 0.011862 -0.276334
v -0.157222 0.011862 -0.253205
v -0.157222 0.011862 -0.230073
v -0.157222 0.011862 -0.201100
v -0.157222 0.011862 -0.172127
v -0.157222 0.011862 -0.143154
v -0.157222 0.011862 -0.114184
v -0.157222 0.011862 -0.085211
v -0.157222 0.011862 -0.056238
v -0.158870 0.016353 -0.056238
v 0.191636 0.016353 -0.403911
v 0.191636 0.016353 -0.056238
v 0.189992 0.011862 -0.403911
v 0.197915 0.184213 -0.403911
v 0.191636 0.190492 -0.056238
v 0.191636 0.190492 -0.403911
v 0.189992 0.194984 -0.056238
v -0.165149 0.022632 -0.403911
v -0.165149 0.022632 -0.056238
v -0.169009 0.024206 -0.403911
v 0.106999 0.018726 -0.405734
v 0.202925 0.019059 -0.406151
v 0.106996 0.018726 -0.054411
v 0.202925 0.019059 -0.053998
v 0.093550 0.188189 -0.413921
v 0.105141 0.184494 -0.406271
v 0.109359 0.184494 -0.402053
v 0.101179 0.195899 -0.058205
v 0.104959 0.184624 -0.054057
v 0.109176 0.184624 -0.058275
v 0.114088 0.183396 -0.058194
v 0.202925 0.187786 -0.053998
v 0.195545 0.015304 -0.405734
v 0.195545 0.059363 -0.405734
v 0.189897 0.191544 -0.403911
v 0.195209 0.195502 -0.406151
v 0.189897 0.147485 -0.403911
v 0.189897 0.059363 -0.403911
v 0.195545 0.191544 -0.405734
v 0.195545 0.191544 -0.054411
v 0.195545 0.147485 -0.054411
v 0.189897 0.015304 -0.056238
v 0.195208 0.011346 -0.053998
v 0.189897 0.059363 -0.056238
v 0.195545 0.015304 -0.054411
v -0.162775 0.196277 -0.405734
v -0.157131 0.201687 -0.403911
v -0.162775 0.151068 -0.405734
v -0.157131 0.055160 -0.403911
v -0.162442 0.011346 -0.406151
v -0.157131 0.065299 -0.403911
v -0.157131 0.075442 -0.403911
v -0.157131 0.085581 -0.403911
v -0.157131 0.095720 -0.403911
v -0.157131 0.105859 -0.403911
v -0.157131 0.121843 -0.403911
v -0.157131 0.137826 -0.403911
v -0.157131 0.153806 -0.403911
v -0.157131 0.169790 -0.403911
v -0.157131 0.185774 -0.403911
v -0.162775 0.060650 -0.405734
v -0.162775 0.015441 -0.405734
v -0.162775 0.015441 -0.054411
v -0.157131 0.185774 -0.056238
v -0.157131 0.169790 -0.056238
v -0.157131 0.153806 -0.056238
v -0.157131 0.137826 -0.056238
v -0.157131 0.121843 -0.056238
v -0.157131 0.105859 -0.056238
v -0.157131 0.089876 -0.056238
v -0.157131 0.073892 -0.056238
v -0.157131 0.041929 -0.056238
v -0.157131 0.025945 -0.056238
v -0.162775 0.196277 -0.054411
v -0.162775 0.151068 -0.054411
v -0.170155 0.019059 -0.406151
v -0.170155 0.019059 -0.053998
v -0.160833 0.467868 -0.388895
v -0.157131 0.201683 -0.056238
v 0.089939 0.199324 -0.405948
v 0.089911 0.203535 -0.401478
v 0.093547 0.188217 -0.046341
v 0.089869 0.199618 -0.054043
v 0.089841 0.203836 -0.058250
v -0.155143 0.468759 -0.387759
v -0.155129 0.532472 -0.383265
v -0.131071 0.692753 -0.054839
v 0.154603 0.604855 -0.379135
v -0.157015 0.624555 -0.055078
v -0.155108 0.566742 -0.380842
v -0.155143 0.548964 -0.382097
v -0.155125 0.490674 -0.386217
v -0.155125 0.503450 -0.385316
v -0.155122 0.517351 -0.384334
v -0.154389 0.639329 -0.055022
v -0.141628 0.674511 -0.054902
v -0.032817 0.766349 -0.366888
v -0.032754 0.767198 -0.053945
v 0.007501 0.763411 -0.054583
v 0.200078 0.018589 -0.406888
v 0.200078 0.018589 -0.053258
v 0.200078 0.188256 -0.053258
v 0.202925 0.187786 -0.406151
v 0.200078 0.188256 -0.406888
v -0.162912 0.014190 -0.406888
v -0.162442 0.011346 -0.053998
v 0.195678 0.014190 -0.406888
v 0.195678 0.014190 -0.053258
v 0.195678 0.192656 -0.053258
v 0.195678 0.192656 -0.406888
v 0.195209 0.195502 -0.053998
v -0.167312 0.018590 -0.406888
v -0.169009 0.024206 -0.056238
v -0.167312 0.018590 -0.053258
v 0.098683 0.191997 -0.058917
v 0.097509 0.192936 -0.401299
v 0.102606 0.192712 -0.397965
v 0.097267 0.193402 -0.058913
v 0.098655 0.196214 -0.063120
v 0.098196 0.197157 -0.062047
v 0.101484 0.193402 -0.063131
v 0.102441 0.192940 -0.062058
v 0.098922 0.191530 -0.401383
v 0.101723 0.192936 -0.397081
v 0.098893 0.195741 -0.396913
v 0.098361 0.196922 -0.397709
v -0.157131 0.032732 -0.273248
v -0.157131 0.127039 -0.147838
v -0.157131 0.127039 -0.312312
v -0.157131 0.169271 -0.286557
v -0.157131 0.201757 -0.316992
v -0.157131 0.178986 -0.273248
v -0.157131 0.201683 -0.143154
v -0.157131 0.169271 -0.173589
v -0.157131 0.178986 -0.186897
v -0.157131 0.042447 -0.173589
v -0.157131 0.032732 -0.186897
v -0.157131 0.084680 -0.312312
v -0.157131 0.026895 -0.373213
v -0.157222 0.011862 -0.368852
v -0.157131 0.053628 -0.297033
v -0.157131 0.042447 -0.286557
v -0.157131 0.022001 -0.243465
v -0.157131 0.020939 -0.230073
v -0.157131 0.025773 -0.258317
v -0.157131 0.022001 -0.216684
v -0.157131 0.025773 -0.201833
v -0.157131 0.064840 -0.155715
v -0.157131 0.053628 -0.163116
v -0.157131 0.098900 -0.145440
v -0.157131 0.105859 -0.145152
v -0.157131 0.091793 -0.146327
v -0.157131 0.071070 -0.152606
v -0.157131 0.146879 -0.155715
v -0.157131 0.140649 -0.152606
v -0.157131 0.133994 -0.149948
v -0.157131 0.112819 -0.145440
v -0.157131 0.119929 -0.146327
v -0.157131 0.201757 -0.230073
v -0.157131 0.189718 -0.216684
v -0.157131 0.190780 -0.230073
v -0.157131 0.201757 -0.201100
v -0.157131 0.185949 -0.201833
v -0.157131 0.201757 -0.172127
v -0.157131 0.201683 -0.085211
v -0.157131 0.158091 -0.163116
v -0.157131 0.201733 -0.114184
v -0.157131 0.189718 -0.243465
v -0.157131 0.185949 -0.258317
v -0.157131 0.201733 -0.259046
v -0.157131 0.201757 -0.288019
v -0.157131 0.201683 -0.374938
v -0.157131 0.146879 -0.304430
v -0.157131 0.201757 -0.345965
v -0.157131 0.158091 -0.297033
v -0.157131 0.140649 -0.307544
v -0.157131 0.133994 -0.310201
v -0.157131 0.112819 -0.314710
v -0.157131 0.105859 -0.314997
v -0.157131 0.119929 -0.313823
v -0.157131 0.098900 -0.314710
v -0.157131 0.091793 -0.313823
v -0.157131 0.064840 -0.304430
v -0.157131 0.071070 -0.307544
v -0.157131 0.077724 -0.310201
v 0.106996 0.196137 -0.060060
v 0.106996 0.149782 -0.060060
v 0.106996 0.010708 -0.060060
v 0.106996 0.057067 -0.060060
v 0.106996 0.057067 -0.400090
v 0.106999 0.010708 -0.400090
v 0.106996 0.196137 -0.400090
v 0.189992 0.011862 -0.056238
v 0.189897 0.015304 -0.403911
v 0.189992 0.194984 -0.403911
v 0.189897 0.191544 -0.056238
v -0.155164 0.606135 -0.055137
v -0.155939 0.614721 -0.081807
v -0.157033 0.624215 -0.084524
v -0.154498 0.638411 -0.088121
v -0.154473 0.638989 -0.089138
v -0.155164 0.606142 -0.081807
v -0.155129 0.585534 -0.081807
v -0.148920 0.656708 -0.054962
v -0.148997 0.656498 -0.098123
v -0.147153 0.660957 -0.100455
v -0.141852 0.674045 -0.111639
v -0.137217 0.682021 -0.118230
v -0.131457 0.692167 -0.132149
v -0.116262 0.711706 -0.054772
v -0.126233 0.698825 -0.140619
v -0.116820 0.711029 -0.166570
v -0.116872 0.710910 -0.265164
v -0.112300 0.715412 -0.253205
v -0.109121 0.718581 -0.194880
v -0.107487 0.720166 -0.224214
v -0.155111 0.569067 -0.349555
v -0.155108 0.566718 -0.348773
v -0.155143 0.548943 -0.342782
v -0.155136 0.541219 -0.340173
v -0.155129 0.532430 -0.334890
v -0.155122 0.517295 -0.325785
v -0.155122 0.516029 -0.325028
v -0.155125 0.503376 -0.313041
v -0.155125 0.494703 -0.304823
v -0.155125 0.490569 -0.298751
v -0.155136 0.478200 -0.280509
v -0.155147 0.468545 -0.256550
v -0.155154 0.467198 -0.253215
v -0.155189 0.462444 -0.224225
v -0.155147 0.468436 -0.179075
v -0.122650 0.732321 -0.194891
v -0.155178 0.464036 -0.194891
v -0.176414 0.045021 -0.403911
v -0.157131 0.045021 -0.403911
vn -0.9928 -0.1198 -0.0000
vn -0.9928 -0.1194 -0.0000
vn -0.0000 -0.1194 0.9928
vn -0.0000 -0.1196 0.9928
vn 0.9928 -0.1194 -0.0000
vn 0.9928 -0.1195 -0.0000
vn -0.0000 -0.1194 -0.9928
vn -0.0000 -0.1195 -0.9928
vn -0.9928 -0.1198 0.0006
vn -0.9928 -0.1197 -0.0000
vn -0.9929 -0.1193 -0.0000
vn -0.0003 -0.1194 0.9929
vn 0.9928 -0.1197 -0.0002
vn -0.0000 -0.1196 -0.9928
vn 0.9928 0.1196 -0.0000
vn -0.0000 0.1196 -0.9928
vn -0.9928 0.1195 -0.0000
vn -0.0000 0.1195 0.9928
vn -0.7522 -0.6589 -0.0000
vn -0.0045 -0.5301 0.8480
vn -0.9663 0.2576 -0.0000
vn -0.9663 0.2573 -0.0003
vn -0.9664 0.2571 -0.0000
vn 0.8468 -0.5319 -0.0000
vn -0.0000 0.2576 0.9662
vn -0.0045 -0.5299 -0.8481
vn -0.0000 -0.1191 0.9929
vn 0.9929 -0.1189 -0.0000
vn 0.9663 0.2573 -0.0000
vn -0.0000 0.2576 -0.9663
vn -0.0000 -0.5612 0.8277
vn -0.9663 0.2573 -0.0000
vn -0.0000 -0.5610 -0.8278
vn 0.0216 0.9997 -0.0066
vn 0.0905 0.9955 -0.0276
vn -0.0000 1.0000 -0.0000
vn -0.0000 -0.0000 1.0000
vn 0.0416 0.7269 0.6855
vn -0.1745 0.6980 0.6946
vn -0.0000 -0.0000 -1.0000
vn -0.0000 0.0209 -0.9998
vn -0.0000 0.0682 -0.9977
vn -0.0000 0.0683 -0.9977
vn -0.0000 0.0735 -0.9973
vn -0.0000 0.0736 -0.9973
vn -0.0000 0.0734 -0.9973
vn -0.0000 0.0737 -0.9973
vn -0.0000 0.0739 -0.9973
vn -0.0000 -1.0000 -0.0000
vn 0.0983 0.9952 -0.0000
vn 0.0989 0.9951 -0.0000
vn 1.0000 -0.0000 -0.0000
vn -1.0000 -0.0000 -0.0000
vn 1.0000 0.0028 -0.0000
vn 1.0000 0.0068 0.0001
vn 1.0000 0.0068 -0.0001
vn -1.0000 0.0002 -0.0000
vn -1.0000 0.0041 -0.0000
vn -1.0000 0.0009 -0.0000
vn -1.0000 0.0007 -0.0000
vn -1.0000 0.0004 -0.0000
vn 1.0000 -0.0013 -0.0000
vn 0.9287 -0.3708 -0.0003
vn 0.8779 -0.4788 -0.0004
vn 0.8773 -0.4800 -0.0004
vn -1.0000 -0.0007 -0.0000
vn -1.0000 0.0003 -0.0000
vn -1.0000 -0.0004 0.0001
vn -0.8642 0.5032 -0.0003
vn -0.8282 0.5605 -0.0003
vn -0.8828 0.4697 -0.0002
vn -0.8968 0.4425 -0.0001
vn 0.8413 0.5405 -0.0003
vn 0.9044 0.4267 -0.0001
vn 0.9040 0.4276 -0.0001
vn 0.9966 0.0826 -0.0000
vn 0.9994 -0.0337 -0.0000
vn -0.9988 -0.0497 -0.0000
vn -0.9993 0.0379 -0.0000
vn -0.9989 -0.0467 -0.0000
vn 0.9895 -0.1443 -0.0001
vn 0.9895 -0.1447 -0.0001
vn -1.0000 -0.0009 -0.0000
vn 0.9686 -0.2485 -0.0001
vn 0.9685 -0.2491 -0.0001
vn -1.0000 0.0005 -0.0000
vn 0.9290 -0.3700 -0.0003
vn -1.0000 0.0006 -0.0000
vn -1.0000 0.0021 -0.0000
vn -1.0000 0.0001 -0.0000
vn 0.7557 -0.6549 -0.0007
vn 0.7343 -0.6788 -0.0008
vn 0.7336 -0.6796 -0.0008
vn -1.0000 -0.0001 -0.0000
vn 0.8155 -0.5787 -0.0006
vn 0.7565 -0.6540 -0.0007
vn 0.8162 -0.5778 -0.0005
vn -0.3469 0.9379 -0.0010
vn -0.4253 0.9050 -0.0009
vn -0.3481 0.9374 -0.0010
vn 0.2798 0.9601 -0.0010
vn 0.3786 0.9256 -0.0010
vn 0.3778 0.9259 -0.0009
vn -0.5226 0.8526 -0.0007
vn -0.6375 0.7705 -0.0006
vn -0.5236 0.8520 -0.0008
vn 0.5026 0.8645 -0.0008
vn 0.6365 0.7713 -0.0006
vn 0.6355 0.7721 -0.0006
vn 0.7528 0.6583 -0.0005
vn 0.7520 0.6592 -0.0004
vn -0.7874 0.6165 -0.0004
vn -0.7457 0.6663 -0.0005
vn -0.8053 0.5929 -0.0004
vn 0.8419 0.5396 -0.0003
vn 0.9810 0.1940 -0.0000
vn 0.9966 0.0824 -0.0000
vn -0.9858 0.1681 0.0004
vn -0.9722 0.2341 -0.0000
vn -0.9989 0.0471 0.0002
vn 0.9484 0.3171 -0.0001
vn 0.9811 0.1935 -0.0000
vn -0.9542 0.2993 -0.0000
vn -0.9402 0.3406 -0.0001
vn -0.9689 0.2473 -0.0000
vn 0.9486 0.3164 -0.0000
vn -0.9241 0.3822 -0.0001
vn -0.9353 0.3539 -0.0001
vn -0.1437 0.9896 -0.0012
vn -0.2873 0.9578 -0.0010
vn -0.1342 0.9899 0.0455
vn 0.0616 0.9981 -0.0011
vn 0.0617 0.9981 -0.0012
vn 0.2019 0.9794 -0.0011
vn 0.2014 0.9795 -0.0010
vn -0.2867 0.9580 -0.0011
vn 0.2804 0.9599 -0.0010
vn 0.5036 0.8639 -0.0009
vn -0.4245 0.9054 -0.0009
vn 0.1956 -0.9807 -0.0000
vn 0.1310 -0.9914 -0.0000
vn 0.1956 0.9807 -0.0000
vn -0.9952 -0.0982 -0.0000
vn -0.9806 -0.1960 -0.0000
vn -0.9951 -0.0984 -0.0000
vn -0.9951 -0.0990 -0.0000
vn -0.9951 -0.0987 -0.0000
vn -0.9951 -0.0991 -0.0000
vn -0.9951 -0.0985 -0.0000
vn -0.9951 -0.0986 -0.0000
vn -0.9806 -0.1962 -0.0000
vn 0.7071 -0.7071 -0.0000
vn 0.9951 -0.0990 -0.0000
vn 0.9806 -0.1962 -0.0000
vn 0.7073 0.7069 -0.0000
vn 0.9951 0.0984 -0.0000
vn 0.9806 0.1962 -0.0000
vn -0.7071 -0.7071 -0.0000
vn -0.1310 -0.9914 -0.0000
vn -0.1956 -0.9807 -0.0000
vn 0.0983 -0.9952 -0.0000
vn 0.9951 0.0987 -0.0000
vn 0.9952 -0.0983 -0.0000
vn -1.0000 0.0037 -0.0000
vn -0.0983 -0.9952 -0.0000
vn -1.0000 0.0043 -0.0000
vn -1.0000 0.0036 -0.0000
vn 1.0000 0.0067 -0.0000
vn 1.0000 0.0067 -0.0001
vn 1.0000 0.0066 -0.0000
vn 1.0000 0.0029 -0.0000
vn 1.0000 0.0068 -0.0000
vn 1.0000 0.0068 0.0002
vn 0.9276 -0.3736 -0.0003
vn 0.8762 -0.4819 -0.0005
vn 0.8778 -0.4791 -0.0004
vn -1.0000 -0.0006 -0.0000
vn -0.8296 0.5583 -0.0003
vn -0.8980 0.4400 -0.0001
vn -0.8972 0.4416 -0.0002
vn -0.8288 0.5596 -0.0003
vn 0.8429 0.5380 -0.0002
vn 0.9049 0.4256 -0.0001
vn 0.9044 0.4266 -0.0001
vn 0.9968 0.0803 -0.0000
vn 0.9993 -0.0368 -0.0000
vn -0.9995 0.0318 -0.0000
vn -0.9990 -0.0445 -0.0000
vn -0.9989 -0.0465 -0.0000
vn -0.9993 0.0378 -0.0000
vn 0.9892 -0.1468 -0.0001
vn 0.9678 -0.2517 -0.0001
vn 0.7550 -0.6558 -0.0006
vn 0.7335 -0.6796 -0.0008
vn 0.7344 -0.6787 -0.0007
vn 0.7565 -0.6540 -0.0006
vn 0.8141 -0.5807 -0.0006
vn 0.8162 -0.5778 -0.0006
vn -0.3472 0.9378 -0.0009
vn -0.4255 0.9050 -0.0009
vn 0.2803 0.9599 -0.0010
vn 0.3789 0.9254 -0.0009
vn 0.3786 0.9256 -0.0009
vn -0.6365 0.7713 -0.0007
vn -0.5237 0.8519 -0.0007
vn -0.6385 0.7696 -0.0007
vn 0.5041 0.8637 -0.0008
vn 0.6376 0.7704 -0.0006
vn -0.7471 0.6647 -0.0005
vn -0.7465 0.6654 -0.0005
vn -0.7465 0.6654 -0.0004
vn 0.7536 0.6573 -0.0004
vn 0.9815 0.1912 -0.0000
vn -0.9729 0.2311 -0.0000
vn -0.9724 0.2335 -0.0000
vn 0.9493 0.3143 -0.0001
vn -0.9408 0.3389 -0.0001
vn -0.9405 0.3399 -0.0001
vn -0.1445 0.9895 -0.0013
vn -0.2871 0.9579 -0.0012
vn 0.0618 0.9981 -0.0010
vn 0.2018 0.9794 -0.0010
vn 0.2020 0.9794 -0.0012
vn -0.3477 0.9376 -0.0009
vn -0.5236 0.8520 -0.0009
vn 0.1960 -0.9806 -0.0000
vn -0.9805 -0.1963 -0.0000
vn 0.9952 -0.0982 -0.0000
vn 0.9805 -0.1963 -0.0000
vn 0.9951 -0.0989 -0.0006
vn 0.7072 0.7070 -0.0000
vn 0.7071 0.7071 -0.0000
vn 0.9951 0.0988 0.0004
vn -0.1960 -0.9806 -0.0000
vn 0.5769 0.5784 0.5767
vn 0.5767 0.5787 0.5767
vn 0.5766 0.5788 0.5767
vn 0.5645 0.6027 -0.5640
vn 0.5641 0.6031 -0.5640
vn 0.5641 0.6030 -0.5640
vn 0.7040 0.7102 -0.0000
vn 0.7048 0.7094 -0.0000
vn 0.7038 0.7104 -0.0000
vn 0.5761 0.5794 0.5765
vn 0.5766 0.5790 0.5765
vn 0.5764 0.5790 0.5767
vn 0.5763 0.5789 0.5768
vn 0.5765 0.5789 0.5767
vn 0.5765 0.5788 0.5767
vn 0.5639 0.6032 -0.5641
vn 0.5643 0.6027 -0.5642
vn 0.5639 0.6030 -0.5642
vn 0.5640 0.6030 -0.5643
vn 0.5641 0.6028 -0.5643
vn 0.5640 0.6031 -0.5641
vn 0.5641 0.6030 -0.5641
vn 0.5639 0.6031 -0.5641
vn 0.7047 0.7095 -0.0000
vn 0.7042 0.7100 -0.0000
vn 0.7046 0.7096 -0.0000
vn -0.5627 -0.5987 -0.5701
vn 0.1931 -0.1951 0.9616
vn -0.5831 0.1088 0.8051
vn 0.0822 -0.7743 -0.6275
vn 0.5067 0.2976 -0.8091
vn -1.0000 0.0014 -0.0028
vn -0.2200 0.7348 0.6416
vn 0.9318 -0.3076 -0.1928
vn 0.0001 -0.0000 -1.0000
vn -0.0000 0.0314 -0.9995
vn -0.9957 -0.0923 -0.0000
vn -0.9985 0.0556 -0.0000
vn -0.9680 0.2511 -0.0000
vn -0.9860 0.1669 -0.0000
vn -0.9989 -0.0464 -0.0000
vn -1.0000 -0.0004 -0.0000
vn -0.9366 0.3505 -0.0000
vn -0.8854 0.4648 -0.0002
vn -0.9248 0.3804 -0.0000
vn -0.8088 0.5880 -0.0003
vn -0.8654 0.5010 -0.0003
vn -0.7174 0.6966 -0.0005
vn -0.7879 0.6158 -0.0004
vn -0.7147 0.6994 -0.0005
vn -0.7012 0.7130 -0.0006
vn -0.7013 0.7128 -0.0006
vn -1.0000 -0.0012 -0.0000
vn -1.0000 -0.0008 -0.0000
vn -1.0000 0.0067 -0.0000
vn -1.0000 0.0008 -0.0000
vn -1.0000 0.0074 -0.0000
vn -1.0000 0.0075 -0.0000
vn -1.0000 0.0068 -0.0000
vn -1.0000 0.0074 0.0001
vn -0.0000 -0.0000 -0.0000
vn -1.0000 0.0014 -0.0027
vn 0.0822 -0.7742 -0.6276
vn -1.0000 0.0037 0.0001
vn 0.9317 -0.3077 -0.1928
vn -0.5627 -0.5986 -0.5701
vn 0.0637 -0.0000 -0.9980
vn 0.0214 -0.0000 -0.9998
vn -0.0209 -0.0000 -0.9998
vn -0.0128 -0.1423 -0.9897
vn -0.0178 -0.1585 -0.9872
vn 0.0024 0.0277 -0.9996
vn -0.0044 -0.0051 -1.0000
vn -0.0075 -0.0452 -0.9990
vn 0.0009 -0.0001 -1.0000
vn 0.0009 0.0009 -1.0000
vn 0.0009 -0.0000 -1.0000
vn -0.0000 -0.0017 -1.0000
vn -0.0000 -0.0015 -1.0000
vn -0.0000 0.0052 -1.0000
vn 0.0003 0.0225 -0.9997
vn -0.0002 -0.0072 -1.0000
vn 0.0012 -0.0061 -1.0000
vn 0.0013 0.0033 -1.0000
vn 0.0006 -0.0074 -1.0000
vn 0.0006 -0.0041 -1.0000
vn 0.0010 0.0007 -1.0000
vn 0.0009 -0.0002 -1.0000
vn -0.0054 -0.0241 -0.9997
vn 0.0019 0.0396 -0.9992
vn 0.0007 -0.0007 -1.0000
vn 0.0008 -0.0002 -1.0000
vn 0.0004 -0.0026 -1.0000
vn 0.0004 -0.0189 -0.9998
vn 0.0005 -0.0029 -1.0000
vn 0.0002 0.0017 -1.0000
vn -0.0000 -0.0034 -1.0000
vn 0.0001 0.0023 -1.0000
vn 0.0001 0.0005 -1.0000
vn -0.0002 -0.0181 -0.9998
vn -0.0002 0.0184 -0.9998
vn 0.0001 -0.0013 -1.0000
vn -0.0003 0.0080 -1.0000
vn -0.0000 0.0055 -1.0000
vn 0.0001 -0.0003 -1.0000
vn -0.0005 0.0247 -0.9997
vn -0.0002 0.0681 -0.9977
vn 0.0004 0.0126 -0.9999
vn 0.0011 -0.0326 -0.9995
vn 0.0006 -0.0114 -0.9999
vn 0.0636 -0.0000 0.9980
vn 0.0214 -0.0000 0.9998
vn -0.0209 -0.0000 0.9998
vn -0.0118 -0.1984 0.9800
vn -0.0184 -0.2314 0.9727
vn -0.5027 0.6816 -0.5318
vn -0.0045 -0.0822 0.9966
vn -0.0061 -0.1079 0.9941
vn 0.0015 -0.0770 0.9970
vn 0.0017 -0.0725 0.9974
vn 0.0019 -0.0716 0.9974
vn 0.0001 -0.0786 0.9969
vn -0.0000 -0.0781 0.9969
vn -0.0000 -0.0710 0.9975
vn 0.0005 -0.0508 0.9987
vn -0.0002 -0.0834 0.9965
vn -0.0002 -0.0600 0.9982
vn 0.0013 -0.0752 0.9972
vn 0.0011 -0.0779 0.9970
vn 0.0010 -0.0824 0.9966
vn 0.0015 -0.0708 0.9975
vn 0.0013 -0.0787 0.9969
vn -0.0047 -0.0986 0.9951
vn 0.0031 -0.0342 0.9994
vn 0.0019 -0.0728 0.9973
vn 0.0016 -0.0784 0.9969
vn 0.0002 -0.0951 0.9955
vn 0.0003 -0.0789 0.9969
vn 0.0004 -0.0792 0.9969
vn -0.0000 -0.0801 0.9968
vn 0.0001 -0.0755 0.9971
vn 0.0001 -0.0745 0.9972
vn 0.0001 -0.0758 0.9971
vn 0.0001 -0.0763 0.9971
vn -0.0000 -0.0718 0.9974
vn -0.0003 -0.0972 0.9953
vn -0.0002 -0.0683 0.9977
vn 0.0001 -0.0777 0.9970
vn 0.0001 -0.0771 0.9970
vn -0.0003 -0.0124 0.9999
vn -0.0005 -0.0527 0.9986
vn 0.0002 -0.0644 0.9979
vn 0.0010 -0.1085 0.9941
vn 0.0004 -0.0875 0.9962
vn 0.8597 -0.2943 0.4174
vn -0.0353 -0.6362 -0.7707
vn -0.7149 -0.6697 -0.2011
vn -0.8346 -0.0017 0.5508
vn -0.8332 -0.0000 -0.5529
vn -0.8333 -0.0000 0.5529
vn 0.8096 -0.0000 0.5870
vn -0.5031 -0.0300 0.8637
vn -0.7632 0.1268 -0.6336
vn -0.4724 0.0345 -0.8807
vn 0.7638 -0.0051 0.6455
vn 1.0000 -0.0010 -0.0000
vn 1.0000 -0.0009 -0.0000
vn 1.0000 -0.0007 -0.0000
vn 0.7697 -0.0017 0.6385
vn -0.8874 -0.0315 0.4599
vn -0.7611 0.0491 -0.6468
vn -0.6757 0.3692 0.6380
vn -0.6814 0.3273 -0.6547
vn -0.6374 0.3996 -0.6588
vn 1.0000 -0.0003 -0.0000
vn 0.7631 -0.0007 0.6463
vn 1.0000 0.0004 -0.0001
vn 0.8867 -0.4624 0.0004
vn 0.7977 -0.6028 -0.0162
vn 0.2789 -0.8591 0.4292
vn 0.6542 -0.3912 -0.6472
vn 0.7029 -0.2938 -0.6478
vn -0.6727 -0.3156 0.6692
vn -0.6665 -0.3743 -0.6447
vn -0.7016 -0.2830 -0.6540
vn -0.7558 0.0211 0.6544
vn -0.7543 -0.0118 -0.6565
vn -0.7533 0.0805 -0.6528
vn 0.7733 0.0232 -0.6336
vn 0.9984 0.0562 0.0001
vn 0.7343 0.0644 -0.6758
vn -0.7517 0.1102 0.6502
vn -0.7359 0.1575 -0.6585
vn 1.0000 0.0028 -0.0007
vn 0.7529 0.0489 -0.6563
vn 1.0000 0.0009 -0.0000
vn -0.7395 0.1873 0.6466
vn -0.7165 0.2381 -0.6557
vn 1.0000 0.0007 -0.0000
vn 0.7549 0.0041 0.6558
vn 0.7566 -0.0019 0.6539
vn 1.0000 -0.0005 -0.0000
vn -0.7155 0.2830 0.6387
vn 0.7602 -0.0014 0.6497
vn 1.0000 -0.0021 -0.0000
vn -0.5440 0.4851 0.6846
vn -0.5696 0.5239 -0.6333
vn -0.5378 0.4444 -0.7164
vn 0.7679 -0.0013 0.6406
vn 1.0000 -0.0001 -0.0000
vn 0.7654 -0.0012 0.6436
vn -0.6254 0.4801 0.6152
vn -0.5892 0.4735 -0.6548
vn -0.6347 0.4459 0.6311
vn 0.2750 -0.7042 -0.6546
vn 0.3107 -0.6540 0.6898
vn 0.3469 -0.6792 -0.6468
vn -0.2727 -0.6700 0.6905
vn -0.2226 -0.7246 -0.6523
vn -0.3091 -0.6998 -0.6440
vn 0.4176 -0.6343 -0.6505
vn 0.4694 -0.5646 0.6789
vn 0.5168 -0.5693 -0.6393
vn -0.4632 -0.5672 0.6810
vn -0.4056 -0.6483 -0.6443
vn -0.5152 -0.5713 -0.6389
vn -0.5549 -0.4844 0.6763
vn -0.5970 -0.4736 -0.6475
vn 0.5911 -0.4784 -0.6494
vn 0.8019 -0.5974 0.0017
vn -0.6236 -0.4016 0.6708
vn -0.7489 -0.0640 0.6596
vn -0.7515 -0.0957 -0.6527
vn 0.3533 -0.7599 -0.5457
vn 0.9686 -0.2486 -0.0014
vn 0.8025 -0.2347 -0.5485
vn 0.7477 -0.1265 -0.6518
vn -0.7363 -0.1472 0.6605
vn -0.7358 -0.1917 -0.6495
vn 0.7242 -0.2128 -0.6559
vn 0.9549 -0.2971 -0.0000
vn -0.7097 -0.2376 0.6632
vn 0.9713 -0.2380 0.0036
vn 0.9350 -0.3546 -0.0001
vn 0.1316 -0.7691 -0.6254
vn 0.2088 -0.6901 0.6929
vn 0.2275 -0.7280 -0.6467
vn -0.0584 -0.7723 -0.6326
vn 0.1082 -0.7098 0.6960
vn -0.1524 -0.7075 0.6901
vn -0.1598 -0.7450 -0.6477
vn 0.2463 -0.6801 0.6905
vn -0.2018 -0.6912 0.6939
vn -0.3655 -0.6295 0.6857
vn 0.3754 -0.6237 0.6856
vn 0.2458 -0.9537 -0.1732
vn 0.1332 -0.9223 -0.3629
vn 0.2043 -0.9322 0.2987
vn 0.3104 0.8289 -0.4654
vn -0.8616 0.4425 0.2488
vn 0.1736 -0.9848 0.0004
vn 0.1734 -0.9848 0.0011
vn 0.1731 -0.9849 0.0006
vn 0.1724 -0.9850 -0.0004
vn 0.1713 -0.9852 -0.0018
vn 0.1703 -0.9854 -0.0000
vn 0.1715 -0.9852 0.0014
vn 0.1724 -0.9850 -0.0002
vn 0.1732 -0.9849 -0.0008
vn 0.1736 -0.9848 -0.0006
vn 0.1738 -0.9848 -0.0009
vn 0.4373 -0.8351 0.3338
vn -0.7369 -0.4527 -0.5020
vn 0.6391 -0.6391 -0.4280
vn 0.6390 -0.6390 0.4281
vn 0.8289 -0.3104 -0.4655
vn -0.2951 -0.8706 -0.3936
vn 0.8286 -0.3145 0.4632
vn 0.6390 0.6390 0.4281
vn 0.6391 0.6391 -0.4280
vn 0.8289 0.3104 0.4654
vn -0.3646 0.8815 0.3000
vn 0.8251 0.2541 -0.5047
vn -0.6390 -0.6390 0.4281
vn -0.4075 -0.8083 -0.4250
vn -0.7031 -0.6582 -0.2691
vn -0.3487 -0.8095 0.4724
vn 0.0050 -0.9711 -0.2384
vn -0.7418 0.3890 -0.5462
vn 0.3151 -0.9252 0.2116
vn 0.0257 -0.9646 0.2624
vn 0.4416 -0.8485 -0.2917
vn 0.1180 0.9531 -0.2788
vn 0.1102 0.6456 -0.7557
vn -0.0321 -0.9565 -0.2901
vn -0.2109 -0.9035 0.3730
vn 0.4028 0.2920 0.8675
vn 0.6251 0.4452 0.6411
vn 0.2320 0.1568 0.9600
vn -0.0364 -0.5107 0.8590
vn -0.9353 0.2467 -0.2537
vn -0.6108 -0.1503 -0.7774
vn -0.3119 -0.0000 -0.9501
vn -0.8348 0.0116 -0.5504
vn 0.4464 -0.8617 0.2410
vn -0.8336 0.0001 -0.5524
vn -0.8348 -0.0000 -0.5506
vn -0.3650 -0.0003 -0.9310
vn 0.9980 -0.0037 0.0633
vn -0.3515 -0.0725 0.9334
vn -0.3120 0.0004 0.9501
vn -0.8348 -0.0117 0.5505
vn 0.4471 0.8618 -0.2397
vn -0.3648 0.0003 0.9311
vn 0.9981 0.0039 -0.0613
vn -0.3125 -0.0000 0.9499
vn 0.2969 0.0121 -0.9548
vn 0.8023 0.0236 -0.5964
vn 0.3074 -0.0000 -0.9516
vn 0.8332 -0.0000 -0.5529
vn -0.3127 0.6795 0.6637
vn 0.8333 -0.0000 -0.5529
vn 0.3596 0.0003 -0.9331
vn -0.9980 0.0038 0.0628
vn 0.3510 0.0687 0.9338
vn 0.3119 -0.0003 0.9501
vn 0.3367 -0.0007 0.9416
vn 0.8125 0.0123 0.5828
vn 0.7878 -0.0054 0.6159
vn 0.1220 -0.0062 0.9925
vn 0.3223 0.0003 0.9466
vn 0.3125 -0.0000 0.9499
vn 0.7209 -0.3254 0.6118
vn -0.0041 -1.0000 0.0022
vn 0.0143 -0.9997 0.0199
vn 0.9163 0.0578 -0.3962
vn 0.1608 0.0635 -0.9849
vn 0.2919 0.0552 -0.9549
vn 0.8092 -0.0167 0.5873
vn 0.1680 -0.0023 0.9858
vn 0.2815 0.4366 -0.8545
vn 0.4301 0.6492 -0.6273
vn 0.1316 0.2649 -0.9553
vn -0.2433 0.2282 -0.9427
vn 0.9613 0.0500 0.2709
vn 0.5951 0.0254 0.8033
vn -0.9615 -0.0383 0.2720
vn -0.8812 -0.2158 -0.4206
vn 0.1804 0.0704 -0.9811
vn 0.7679 0.0499 -0.6386
vn 0.1866 -0.0015 0.9824
vn 0.0752 0.0618 -0.9953
vn -0.7386 0.1589 0.6552
vn -0.5171 -0.0198 0.8557
vn 0.3125 0.1894 0.9308
vn -0.1328 0.1328 -0.9822
vn -0.1047 0.1316 -0.9858
vn -0.1837 0.0991 0.9780
vn -0.2042 0.0792 0.9757
vn 0.1535 0.0720 -0.9855
vn 0.7608 0.0470 -0.6472
vn 0.1594 0.0711 -0.9846
vn 0.1602 -0.0003 0.9871
vn 0.1662 -0.0012 0.9861
vn 0.1954 -0.0528 -0.9793
vn 0.1985 -0.0191 -0.9799
vn 0.1299 -0.0672 0.9893
vn 0.6126 -0.4139 0.6734
vn 0.1125 -0.0758 0.9908
vn -0.2036 -0.0499 -0.9778
vn -0.1773 -0.0098 -0.9841
vn -0.1143 -0.0548 0.9919
vn -0.1205 -0.0816 0.9894
vn -0.1642 0.0624 -0.9845
vn -0.1717 0.0865 -0.9813
vn -0.1566 -0.0142 0.9876
vn -0.1881 0.0040 0.9821
vn 0.2464 0.0859 -0.9654
vn 0.0446 0.0426 -0.9981
vn 0.0647 -0.0148 0.9978
vn 0.7687 -0.0255 0.6391
vn 0.2670 -0.0110 0.9636
vn -0.1385 0.0942 -0.9859
vn -0.1720 0.0243 0.9848
vn 0.1417 0.0790 -0.9868
vn 0.1497 0.0078 0.9887
vn -0.1432 0.1174 -0.9827
vn -0.1940 0.0506 0.9797
vn 0.7550 0.0466 -0.6541
vn 0.1412 0.0712 -0.9874
vn 0.1472 -0.0015 0.9891
vn 0.7582 0.0467 -0.6503
vn 0.1749 0.0714 -0.9820
vn 0.7679 0.0455 -0.6390
vn 0.1817 -0.0006 0.9834
vn -0.1038 0.1533 -0.9827
vn 0.1410 -0.1579 -0.9773
vn 0.1290 -0.0891 0.9876
vn -0.2707 0.1432 0.9520
vn 0.1678 0.0713 -0.9832
vn 0.7656 0.0461 -0.6416
vn 0.1742 -0.0009 0.9847
vn -0.1027 0.1521 -0.9830
vn -0.1966 0.1343 0.9712
vn 0.7632 0.0464 -0.6445
vn 0.0773 -0.1397 -0.9872
vn 0.1215 -0.1588 -0.9798
vn 0.0183 -0.0551 0.9983
vn 0.0475 -0.0806 0.9956
vn -0.0657 -0.1561 -0.9856
vn -0.1111 -0.1774 -0.9778
vn -0.0193 -0.0575 0.9982
vn -0.0387 -0.0879 0.9954
vn 0.1271 -0.1321 -0.9831
vn 0.1838 -0.1351 -0.9736
vn 0.0429 -0.0751 0.9963
vn 0.0885 -0.1019 0.9909
vn -0.1358 -0.1544 -0.9786
vn -0.1827 -0.1374 -0.9735
vn -0.0515 -0.0882 0.9948
vn -0.0843 -0.1042 0.9910
vn 0.1737 -0.0805 -0.9815
vn 0.0835 -0.0789 0.9934
vn -0.1813 -0.0826 -0.9799
vn -0.0908 -0.0814 0.9925
vn -0.1819 0.0417 -0.9824
vn -0.1551 -0.0334 0.9873
vn 0.1980 0.0379 -0.9795
vn 0.1665 -0.0384 0.9853
vn -0.1982 0.0155 -0.9800
vn -0.1476 -0.0493 0.9878
vn 0.1704 0.0114 -0.9853
vn 0.7269 -0.1724 0.6648
vn 0.1209 -0.0487 0.9915
vn 0.6657 -0.3280 0.6703
vn 0.0469 -0.2382 -0.9701
vn 0.0438 -0.1490 -0.9879
vn 0.0037 -0.0621 0.9981
vn 0.0070 -0.1306 0.9914
vn -0.0211 -0.2309 -0.9728
vn 0.0029 -0.1202 0.9927
vn -0.0380 -0.1639 -0.9857
vn -0.0425 -0.7211 0.6915
vn -0.0128 -0.0683 0.9976
vn -0.1240 -0.5629 0.8171
vn -0.5932 -0.8032 0.0548
vn -0.1636 0.5993 -0.7836
vn 0.2541 0.8251 0.5046
vn -0.5609 0.7943 0.2334
vn -0.2550 0.7443 0.6173
vn -0.6236 0.0979 0.7756
vn 0.1341 -0.4219 -0.8967
vn 0.2348 -0.8488 0.4737
vn 0.3970 -0.3970 0.8275
vn 0.3970 -0.3971 0.8275
vn 0.3972 -0.3973 -0.8273
vn 0.3973 -0.3973 -0.8272
vn -0.7580 0.6200 0.2027
vn 0.5993 0.1637 -0.7836
vn 0.3972 0.3972 -0.8273
vn 0.6390 0.6390 0.4282
vn 0.3970 0.3970 0.8275
vn 0.5121 -0.8387 -0.1854
vn 0.7444 -0.2554 -0.6169
vn 0.5990 -0.1632 0.7839
vn -0.3970 -0.3970 0.8275
vn 0.1697 -0.6097 0.7743
vn -0.6348 -0.7166 0.2890
vn 0.0862 -0.4457 -0.8910
vn -0.6333 -0.6370 -0.4395
vn -0.5495 -0.6612 -0.5108
vn -0.5064 -0.7382 -0.4456
vn -0.6268 -0.6494 0.4305
vn -0.6480 -0.5734 0.5014
vn -0.7279 -0.5274 0.4382
vn -0.6364 -0.7714 0.0004
vn -0.6620 -0.7495 -0.0001
vn -0.6253 -0.7804 -0.0003
vn -0.7270 -0.5107 -0.4590
vn -0.6630 -0.5450 -0.5132
vn -0.6287 -0.3479 -0.6955
vn 0.1231 0.3510 -0.9283
vn 0.5730 0.7267 0.3789
vn 0.3064 0.1501 -0.9400
vn 0.4698 0.6446 0.6032
vn -0.3569 -0.6803 -0.6402
vn -0.2348 -0.5996 -0.7651
vn -0.4962 -0.7444 0.4469
vn -0.5306 -0.6844 0.5000
vn -0.3527 -0.6568 0.6665
vn 0.2918 0.0305 0.9560
vn 0.7989 0.5883 -0.1248
vn 0.0454 0.1534 0.9871
vn 0.7008 0.6950 -0.1609
vn -0.6614 -0.3680 0.6536
vn -0.5842 -0.2511 0.7718
vn -0.6691 -0.7432 0.0003
vn -0.7372 -0.6757 0.0001
vn -0.7410 -0.6715 0.0002
vn -0.7658 -0.6430 -0.0000
vn 1.0000 -0.0034 -0.0014
vn -0.8140 -0.3095 -0.4915
vn 1.0000 -0.0037 -0.0000
vn 1.0000 -0.0013 0.0013
vn 1.0000 -0.0028 0.0015
vn 0.9985 -0.0260 -0.0489
vn 0.1690 -0.9801 -0.1040
vn 1.0000 -0.0001 -0.0011
vn 1.0000 -0.0016 -0.0021
vn 1.0000 -0.0086 -0.0007
vn 0.9999 -0.0108 -0.0000
vn 1.0000 -0.0059 -0.0012
vn 1.0000 -0.0085 0.0005
vn 1.0000 -0.0056 0.0016
vn 1.0000 0.0015 0.0012
vn 1.0000 -0.0004 0.0013
vn 1.0000 0.0020 0.0008
vn 0.7598 0.3916 0.5189
vn 0.1135 0.5701 0.8137
vn -0.9047 0.0294 0.4251
vn -0.8419 0.4136 -0.3466
vn 0.0071 0.7912 0.6115
vn -0.2313 -0.8603 -0.4543
vn 0.0477 -0.7499 -0.6598
vn 1.0000 0.0015 -0.0005
vn -0.1819 -0.1933 0.9641
vn -0.2554 -0.2946 -0.9209
vn -0.9615 -0.2273 -0.1546
vn -0.1257 -0.8674 0.4815
vn 0.0796 0.7424 -0.6652
vn -0.0408 0.8067 0.5896
vn -0.0877 -0.9584 0.2715
vn 0.0347 -0.9365 -0.3489
vn -0.9610 -0.2573 0.1013
vn 0.0033 -0.6347 0.7728
vn -0.0257 0.3563 -0.9340
vn -0.1978 0.6947 0.6915
vn -0.9544 0.0542 0.2937
vn -0.2843 0.2842 -0.9157
vn -0.0208 -0.1603 -0.9869
vn -0.3164 0.8571 0.4065
vn 0.0018 0.8467 0.5321
vn -0.0120 -0.6334 -0.7737
vn -0.0442 0.7275 -0.6847
vn -0.0052 0.8526 -0.5226
vn -0.0210 -0.9485 0.3162
vn 0.0776 0.8549 0.5130
vn -0.7300 0.6831 0.0215
vn -0.0358 0.2300 0.9725
vn -0.1985 -0.6951 -0.6909
vn -0.9545 -0.0579 -0.2924
vn -0.2844 -0.2847 0.9155
vn 0.9674 -0.2231 -0.1199
vn 0.0883 0.5311 0.8427
vn 0.1619 0.7636 -0.6251
vn 0.9480 0.1127 -0.2978
vn 0.2842 0.2843 0.9156
vn -0.0205 -0.2058 0.9784
vn -0.3123 -0.8712 0.3787
vn -0.7057 0.0776 -0.7043
vn -0.3124 0.8715 -0.3780
vn -0.7057 -0.0776 0.7042
vn 0.7373 0.0480 0.6738
vn 0.9949 0.1007 -0.0008
vn 0.9985 -0.0544 0.0001
vn 0.9958 -0.0913 -0.0008
vn 0.9688 -0.2480 -0.0004
vn 0.9991 0.0424 -0.0011
vn 0.7028 -0.2574 0.6632
vn 0.9356 -0.3530 0.0004
vn 0.9254 -0.3789 0.0002
vn 0.8847 -0.4662 0.0004
vn 0.8678 -0.4968 -0.0000
vn 0.8079 -0.5893 0.0006
vn 0.5496 -0.4881 0.6780
vn 0.7904 -0.6126 0.0001
vn 0.7172 -0.6969 0.0007
vn 0.7146 -0.6996 0.0002
vn 0.7020 -0.7121 0.0002
vn 0.7020 -0.7122 0.0010
vn 0.7048 -0.7094 0.0006
vn 1.0000 0.0012 -0.0000
vn 1.0000 -0.0002 -0.0000
vn 1.0000 0.0008 -0.0000
vn 1.0000 0.0006 -0.0000
vn 1.0000 0.0001 -0.0000
vn 1.0000 -0.0050 -0.0000
vn 1.0000 -0.0076 -0.0000
vn 1.0000 -0.0075 -0.0000
vn 1.0000 -0.0069 -0.0000
vn -0.0000 0.3309 -0.9437
vn -0.0000 0.2493 -0.9684
vn 0.0012 0.9272 -0.3746
vn 0.0064 0.9636 -0.2672
vn 0.0008 0.9289 -0.3702
vn 0.0007 0.8277 -0.5611
vn 0.0008 0.8276 -0.5613
vn 0.0006 0.7619 -0.6477
vn 0.0004 0.7621 -0.6474
vn 0.0003 0.4207 -0.9072
vn -0.0001 0.4201 -0.9075
vn 0.0001 0.4199 -0.9076
vn -0.5173 -0.8402 0.1624
vn -0.4133 -0.5060 0.7571
vn -0.3703 -0.7511 -0.5466
vn -0.3520 -0.8052 0.4772
vn -0.3220 -0.5478 0.7722
vn -0.2815 -0.4900 0.8250
vn 0.0003 -0.1132 0.9936
vn 0.0023 -0.1126 0.9936
vn 0.0075 -0.1078 0.9941
vn 0.0006 0.0081 1.0000
vn 0.0007 -0.0017 1.0000
vn -0.0001 0.1081 0.9941
vn -0.0001 0.1082 0.9941
vn -0.0000 0.1079 -0.9942
vn 0.0001 0.2148 -0.9767
vn -0.0001 0.1082 -0.9941
vn 0.0005 0.3201 -0.9474
vn 0.0001 0.2145 -0.9767
vn 0.0003 0.3195 -0.9476
vn 0.0001 0.7621 -0.6475
vn 0.0001 0.7618 -0.6478
vn -0.0000 0.6877 -0.7260
vn 0.0001 0.6873 -0.7264
vn -0.0000 0.6051 -0.7961
vn -0.0000 0.6051 -0.7962
vn -0.0001 0.5154 -0.8569
vn -0.0001 0.5157 -0.8568
vn -0.0002 0.4199 -0.9076
vn -0.6098 -0.6658 0.4298
vn -0.5450 -0.6457 0.5348
vn -0.5233 -0.7074 0.4752
vn -0.4123 -0.5181 0.7494
vn -0.0759 -0.3256 0.9425
vn -0.0445 -0.2136 0.9759
vn -0.0715 -0.8747 0.4793
vn 0.7579 0.6103 0.2304
vn -0.0263 -0.1028 0.9944
vn 0.0010 0.0021 1.0000
vn -0.1710 -0.4955 0.8516
vn -0.1330 -0.3819 0.9146
vn -0.1300 -0.4442 0.8864
vn -0.0825 -0.2917 0.9529
vn -0.2356 -0.4649 0.8535
vn -0.3096 -0.7998 0.5142
vn -0.1767 -0.4458 0.8775
vn 0.9913 -0.1313 -0.0000
vn 0.0156 0.5656 0.8245
vn 0.0102 -0.1877 0.9822
vn 0.0127 0.5381 0.8428
vn -0.0122 0.5442 -0.8389
vn 0.0361 -0.1727 -0.9843
vn 0.0368 -0.1853 -0.9820
vn -0.0001 0.9419 0.3358
vn -0.0000 0.8611 0.5085
vn -0.0001 -0.1659 -0.9861
vn -0.0001 -0.2494 -0.9684
vn -0.0000 -0.2494 0.9684
vn -0.0000 -0.1660 0.9861
vn -0.0000 -0.8611 0.5085
vn -0.0000 -0.7490 0.6626
vn -0.0000 -0.7490 -0.6626
vn -0.0000 -0.8611 -0.5085
vn -0.0000 0.8611 -0.5084
vn -0.0000 0.7489 -0.6626
vn -0.0000 0.2493 0.9684
vn -0.0000 0.3309 0.9437
vn -0.0000 0.4998 0.8661
vn -0.0000 0.6194 0.7850
vn -0.0000 0.7490 0.6626
vn -0.0000 0.8611 0.5084
vn -0.0000 0.9866 0.1632
vn -0.0000 0.9866 0.1631
vn -0.0000 0.9866 -0.1631
vn -0.0000 0.9866 -0.1632
vn -0.0001 0.9420 -0.3357
vn -0.0001 0.9419 -0.3358
vn -0.0000 0.6195 -0.7850
vn -0.0000 0.4996 -0.8662
vn -0.0000 0.0827 -0.9966
vn -0.0000 0.1660 -0.9861
vn -0.0000 0.4091 -0.9125
vn -0.0000 -0.4091 -0.9125
vn -0.0000 -0.4996 -0.8662
vn -0.0000 -0.3309 -0.9437
vn -0.0001 -0.3311 -0.9436
vn -0.0000 -0.0826 -0.9966
vn -0.0000 -0.1657 -0.9862
vn -0.0000 -0.9866 -0.1631
vn -0.0000 -0.9420 -0.3357
vn -0.0000 -0.6195 -0.7850
vn -0.0000 -0.9866 0.1631
vn -0.0000 -0.9419 0.3358
vn -0.0000 -0.6195 0.7850
vn -0.0000 -0.4998 0.8661
vn -0.0000 -0.4093 0.9124
vn -0.0000 -0.3309 0.9437
vn -0.0000 -0.0826 0.9966
vn -0.0000 0.0826 0.9966
vn -0.0000 0.1660 0.9861
vn -0.0000 0.4093 0.9124
vn -0.9241 -0.3821 -0.0000
vn -0.9242 -0.3819 -0.0000
vn 0.0093 -0.1429 -0.9897
vn 0.0075 -0.1032 -0.9946
vn -0.0187 -0.2590 -0.9657
vn -0.0030 -0.2044 -0.9789
vn -0.0361 -0.2320 -0.9720
vn -0.1553 -0.7283 -0.6674
vn -0.1817 -0.7952 -0.5784
vn -0.0775 -0.3203 -0.9441
vn -0.1623 -0.4093 -0.8979
vn -0.1341 -0.3659 -0.9209
vn -0.1775 -0.4505 -0.8749
vn -0.2095 -0.4994 -0.8407
vn -0.2868 -0.5270 -0.8000
vn -0.2529 -0.4946 -0.8315
vn -0.3116 -0.5568 -0.7700
vn -0.3495 -0.5913 -0.7268
vn -0.4401 -0.5907 -0.6764
vn -0.4012 -0.5626 -0.7228
vn -0.4586 -0.6127 -0.6437
vn -0.4880 -0.6253 -0.6090
vn -0.6306 -0.6373 -0.4429
vn -0.6179 -0.6357 -0.4627
vn -0.6931 -0.6862 -0.2206
vn -0.6995 -0.6813 -0.2158
vn -0.7108 -0.6993 0.0758
vn -0.7109 -0.6992 0.0758
vn -0.6669 -0.6568 0.3519
vn -0.6632 -0.6532 0.3654
vn -0.6255 -0.6020 0.4963
vn -0.0003 0.2160 0.9764
vn 0.0001 0.2125 0.9772
vn -0.0002 0.3199 0.9475
vn 0.0004 0.3163 0.9487
vn -0.0000 0.3196 0.9476
vn -0.0000 0.3193 0.9476
vn -0.0002 0.4199 0.9076
vn -0.0003 0.4201 0.9075
vn -0.0003 0.5155 0.8569
vn -0.0002 0.5154 0.8570
vn -0.0002 0.5156 0.8568
vn -0.0000 0.5144 0.8575
vn -0.0000 0.6051 0.7961
vn -0.0001 0.6047 0.7964
vn -0.0000 0.6877 0.7259
vn -0.0000 0.6877 0.7260
vn -0.0000 0.7621 0.6475
vn 0.0002 0.7617 0.6479
vn 0.0004 0.8275 0.5615
vn 0.0006 0.8271 0.5620
vn 0.0019 0.8831 0.4691
vn -0.0004 0.8839 0.4676
vn 0.0050 0.9285 0.3712
vn 0.0079 0.9268 0.3755
vn 0.0066 0.9636 0.2672
vn 0.0074 0.9627 0.2704
vn 0.0075 0.9985 0.0541
vn 0.0072 0.9868 -0.1619
vn 0.0066 0.9623 -0.2720
vn 0.0074 0.9868 -0.1617
vn 0.0001 0.0721 -0.9974
vn 0.5763 0.5791 0.5767
vn 0.5767 0.5786 0.5767
vn 0.5642 0.6027 -0.5642
vn 0.7045 0.7097 -0.0000
vn -0.7014 0.7127 -0.0006
vn -0.5832 0.1087 0.8050
vn -0.5628 -0.5986 -0.5701
vn -0.0102 0.1992 -0.9799
vn 0.0023 -0.0419 0.9991
vn 0.0010 -0.0839 0.9965
vn -0.0096 0.1099 0.9939
vn -0.6391 -0.6391 -0.4280
vn 0.5811 0.4451 0.6813
vn 0.8386 -0.0395 -0.5434
vn 0.4301 0.5989 -0.6755
vn -0.5749 -0.2773 -0.7698
vn -0.2925 -0.6095 0.7368
vn -0.7706 -0.6373 0.0003
vn 1.0000 -0.0075 0.0001
vn -0.3268 -0.5565 0.7639
vn -0.0102 -0.1039 0.9945
vn -0.6348 -0.4417 -0.6340
vn 0.0139 -0.1681 0.9857
vn -0.0114 0.5480 -0.8364
vn 0.1109 0.9933 -0.0338
vt 0.227741 0.342861
vt 0.298667 0.341099
vt 0.300447 0.412774
vt 0.225171 0.382507
vt 0.225969 0.414624
vt 0.506247 0.376468
vt 0.299608 0.378984
vt 0.508801 0.479317
vt 0.302227 0.484446
vt 0.226766 0.446738
vt 0.507065 0.409418
vt 0.301286 0.446562
vt 0.293007 0.484675
vt 0.231301 0.486208
vt 0.506861 0.401190
vt 0.506197 0.374470
vt 0.506912 0.403247
vt 0.225778 0.343303
vt 0.229318 0.485863
vt 0.505329 0.339522
vt 0.504887 0.337559
vt 0.224622 0.344518
vt 0.224277 0.346501
vt 0.228103 0.484709
vt 0.227661 0.482746
vt 0.503674 0.336402
vt 0.501692 0.336058
vt 0.298130 0.484548
vt 0.301202 0.484472
vt 0.224374 0.350393
vt 0.227564 0.478852
vt 0.508701 0.475323
vt 0.507883 0.442370
vt 0.506147 0.372466
vt 0.506331 0.379857
vt 0.506514 0.387247
vt 0.506698 0.394637
vt 0.506881 0.402028
vt 0.507354 0.421068
vt 0.507644 0.432719
vt 0.507933 0.444369
vt 0.508222 0.456019
vt 0.508511 0.467669
vt 0.505428 0.343516
vt 0.506776 0.397770
vt 0.506486 0.386120
vt 0.505908 0.362820
vt 0.505619 0.351169
vt 0.296081 0.484599
vt 0.299155 0.484523
vt 0.506594 0.390469
vt 0.507218 0.415592
vt 0.507481 0.426166
vt 0.507536 0.428369
vt 0.506649 0.392672
vt 0.505636 0.351865
vt 0.506704 0.394875
vt 0.506485 0.386066
vt 0.506430 0.383864
vt 0.506540 0.388269
vt 0.506758 0.397075
vt 0.507014 0.407361
vt 0.506963 0.405304
vt 0.506810 0.399132
vt 0.507371 0.421763
vt 0.507320 0.419706
vt 0.507269 0.417649
vt 0.507116 0.411478
vt 0.507167 0.413535
vt 0.507645 0.432772
vt 0.507700 0.434972
vt 0.507590 0.430569
vt 0.507426 0.423964
vt 0.302125 0.480350
vt 0.298769 0.345196
vt 0.505964 0.365076
s 1
f 1/1/1 2/1/2 3/1/1
f 1/1/3 4/2/4 5/1/4
f 6/2/5 7/2/6 4/2/6
f 3/1/7 7/2/8 8/2/7
f 9/1/9 3/1/1 10/1/10
f 11/1/11 5/1/2 12/1/11
f 9/1/12 6/2/3 1/1/3
f 12/1/4 4/2/4 13/2/4
f 14/2/5 6/2/5 15/2/5
f 16/2/13 4/2/6 7/2/6
f 10/1/7 8/2/7 14/2/7
f 11/1/14 7/2/8 2/1/8
f 17/1/15 18/1/15 19/1/15
f 18/1/16 20/2/16 21/2/16
f 21/2/17 22/2/17 23/2/17
f 22/2/18 19/1/18 23/2/18
f 24/1/19 17/1/19 25/1/19
f 20/2/20 24/1/20 26/2/20
f 21/2/21 27/2/22 28/2/23
f 22/2/24 26/2/24 29/2/24
f 27/2/25 19/1/25 30/1/25
f 25/1/26 22/2/26 29/2/26
f 1/1/1 5/1/2 2/1/2
f 1/1/3 6/2/3 4/2/4
f 6/2/5 8/2/5 7/2/6
f 3/1/7 2/1/8 7/2/8
f 9/1/9 1/1/1 3/1/1
f 11/1/11 2/1/2 5/1/2
f 9/1/12 15/2/27 6/2/3
f 12/1/4 5/1/4 4/2/4
f 14/2/5 8/2/5 6/2/5
f 16/2/13 13/2/28 4/2/6
f 10/1/7 3/1/7 8/2/7
f 11/1/14 16/2/14 7/2/8
f 17/1/15 31/1/15 18/1/15
f 18/1/16 31/1/16 20/2/16
f 21/2/17 20/2/17 22/2/17
f 22/2/18 17/1/18 19/1/18
f 30/1/29 19/1/29 18/1/29
f 24/1/19 31/1/19 17/1/19
f 18/1/30 21/2/30 28/2/30
f 20/2/31 31/1/31 24/1/31
f 21/2/21 23/2/32 27/2/22
f 22/2/24 20/2/24 26/2/24
f 27/2/25 23/2/25 19/1/25
f 25/1/33 17/1/33 22/2/33
f 30/1/34 28/2/35 27/2/36
f 32/3/37 33/4/37 34/5/37
f 32/3/37 35/6/37 36/7/37
f 37/8/37 38/9/37 39/9/37
f 40/9/37 37/8/37 39/9/37
f 41/9/37 42/8/37 43/8/37
f 44/9/37 45/8/37 46/8/37
f 47/8/37 48/9/37 49/8/37
f 50/9/37 47/8/37 51/8/37
f 52/9/37 51/8/37 53/8/37
f 54/9/37 53/8/37 42/8/37
f 55/8/37 40/9/37 56/9/37
f 57/8/37 56/9/37 58/9/37
f 43/8/37 58/9/37 41/9/37
f 59/9/37 60/8/37 61/9/37
f 62/9/37 63/8/37 64/9/37
f 64/9/37 65/8/37 66/9/37
f 67/9/37 65/8/37 45/8/37
f 68/8/37 48/9/37 69/9/37
f 70/8/37 69/9/37 71/9/37
f 70/8/37 44/9/37 46/8/37
f 72/9/38 73/8/39 74/9/37
f 74/9/37 75/8/37 59/9/37
f 76/8/37 61/9/37 60/8/37
f 77/3/40 78/10/40 79/5/40
f 80/11/40 81/12/40 77/3/40
f 82/9/41 83/8/42 84/9/43
f 85/9/44 83/8/42 86/8/45
f 87/8/44 88/9/46 89/8/46
f 90/9/44 91/8/44 92/9/44
f 93/8/44 94/9/46 95/9/46
f 93/8/44 96/9/44 97/8/44
f 97/8/44 98/9/44 99/8/44
f 99/8/44 100/9/44 87/8/44
f 85/9/44 101/8/45 102/9/44
f 102/9/44 103/8/46 104/9/44
f 104/9/44 89/8/46 88/9/46
f 105/8/46 106/9/47 107/9/46
f 108/8/44 109/9/46 110/9/45
f 111/8/44 110/9/45 112/9/44
f 92/9/44 111/8/44 112/9/44
f 113/8/44 94/9/46 114/8/44
f 115/8/46 116/9/44 113/8/44
f 90/9/44 115/8/46 117/8/46
f 118/8/45 119/9/48 120/9/46
f 121/8/47 120/9/46 106/9/47
f 107/9/46 122/8/45 105/8/46
f 9/1/49 14/2/49 15/2/49
f 123/13/36 124/14/50 125/14/51
f 126/5/52 127/10/52 128/5/52
f 129/15/53 130/16/53 131/17/53
f 132/9/54 133/9/55 134/9/56
f 135/8/57 136/8/58 137/8/59
f 138/8/60 136/8/58 139/8/61
f 140/9/62 141/9/54 132/9/54
f 142/9/63 143/9/64 144/9/65
f 145/8/66 146/8/67 147/8/68
f 148/8/69 149/8/70 150/8/71
f 151/8/72 150/8/71 149/8/70
f 152/9/73 153/9/74 154/9/75
f 155/9/76 156/9/77 157/9/77
f 158/8/78 159/8/79 160/8/80
f 157/9/77 161/9/81 162/9/82
f 163/8/66 160/8/80 164/8/83
f 165/8/83 163/8/66 164/8/83
f 162/9/82 166/9/84 167/9/85
f 168/8/83 169/8/66 170/8/61
f 171/8/86 170/8/61 169/8/66
f 167/9/85 172/9/87 142/9/63
f 173/8/88 171/8/86 174/8/89
f 146/8/67 173/8/88 174/8/89
f 175/8/53 139/8/61 176/8/90
f 177/9/91 178/9/92 140/9/93
f 179/8/90 176/8/90 180/8/53
f 181/8/94 180/8/53 176/8/90
f 182/9/95 183/9/96 177/9/91
f 184/8/68 181/8/94 147/8/68
f 145/8/66 147/8/68 181/8/94
f 144/9/65 185/9/97 182/9/95
f 186/8/98 187/8/99 188/8/100
f 189/9/101 190/9/102 191/9/103
f 192/8/104 193/8/105 194/8/106
f 195/9/107 196/9/108 197/9/109
f 197/9/109 198/9/110 199/9/111
f 200/8/112 201/8/113 202/8/114
f 149/8/70 202/8/114 201/8/113
f 199/9/111 203/9/115 152/9/73
f 204/9/116 205/9/117 155/9/76
f 206/8/118 207/8/119 208/8/120
f 159/8/79 208/8/120 207/8/119
f 209/9/121 210/9/122 204/9/116
f 211/8/123 212/8/124 213/8/125
f 207/8/119 213/8/125 212/8/124
f 154/9/75 214/9/126 209/9/121
f 215/8/127 151/8/72 216/8/128
f 212/8/124 216/8/128 151/8/72
f 217/8/129 218/8/130 219/8/131
f 220/9/132 219/8/131 221/9/133
f 220/9/132 222/9/134 223/9/135
f 224/8/136 188/8/100 218/8/130
f 223/9/135 225/9/137 189/9/101
f 191/9/103 226/9/138 195/9/107
f 227/8/139 194/8/106 187/8/99
f 228/18/140 11/1/141 12/1/141
f 229/19/142 125/14/51 124/14/50
f 230/20/143 231/21/144 232/20/145
f 233/20/146 231/21/144 234/20/147
f 235/20/146 231/21/144 236/20/148
f 237/20/146 231/21/144 238/20/149
f 239/20/150 231/21/144 240/20/148
f 241/20/146 231/21/144 242/20/146
f 243/21/151 242/20/146 231/21/144
f 244/22/152 245/18/152 228/18/152
f 246/23/153 247/22/154 244/22/154
f 248/24/155 249/19/155 229/19/155
f 250/25/156 251/24/157 248/24/157
f 252/26/158 243/21/158 231/21/158
f 253/27/159 254/26/160 252/26/160
f 255/1/161 13/2/49 256/2/49
f 257/2/49 11/1/141 258/1/161
f 259/9/36 260/14/50 82/9/36
f 261/28/36 125/14/51 262/29/36
f 259/9/36 262/29/36 125/14/51
f 263/29/36 38/9/36 264/28/36
f 265/14/50 264/28/36 38/9/36
f 265/14/50 124/14/50 266/13/36
f 246/23/153 267/30/52 268/4/52
f 269/25/162 270/31/52 271/10/52
f 269/25/162 126/5/52 272/4/52
f 269/25/162 273/30/52 246/23/153
f 274/31/52 246/23/153 78/10/52
f 79/5/52 246/23/153 268/4/52
f 250/25/156 275/31/52 276/10/52
f 277/23/163 278/30/52 279/4/52
f 277/23/163 128/5/52 127/10/52
f 277/23/163 280/31/52 250/25/156
f 281/30/52 250/25/156 33/4/52
f 34/5/52 250/25/156 276/10/52
f 282/8/164 283/32/53 284/33/53
f 285/20/146 286/34/53 287/35/53
f 285/20/146 288/36/53 289/37/53
f 285/20/146 290/38/53 291/11/53
f 285/20/146 292/39/53 293/40/53
f 285/20/146 294/41/53 295/42/53
f 285/20/146 296/43/53 282/8/164
f 297/44/53 282/8/164 298/6/53
f 80/11/53 282/8/164 284/33/53
f 242/20/146 299/44/53 35/6/53
f 300/8/164 301/43/53 302/42/53
f 300/8/164 303/41/53 304/40/53
f 300/8/164 305/39/53 306/11/53
f 300/8/164 307/45/53 308/46/53
f 300/8/164 130/16/53 309/47/53
f 300/8/164 310/48/53 242/20/146
f 311/32/53 242/20/146 312/33/53
f 313/11/53 242/20/146 35/6/53
f 256/2/49 253/27/159 314/27/165
f 315/27/165 16/2/49 257/2/49
f 282/8/164 83/8/166 316/8/167
f 300/8/164 136/8/58 317/8/164
f 318/9/168 82/9/169 319/9/170
f 134/9/56 82/9/169 84/9/171
f 84/9/171 132/9/54 134/9/56
f 320/9/55 39/9/54 38/9/172
f 321/9/173 141/9/54 322/9/173
f 320/9/55 322/9/173 141/9/54
f 323/8/58 86/8/61 83/8/166
f 37/8/58 139/8/61 136/8/58
f 85/9/62 132/9/54 84/9/171
f 39/9/54 178/9/62 40/9/62
f 100/9/174 144/9/65 88/9/175
f 41/9/176 172/9/87 54/9/87
f 324/8/66 87/8/86 89/8/177
f 43/8/66 173/8/88 145/8/66
f 151/8/72 91/8/178 117/8/179
f 46/8/180 325/8/181 326/8/180
f 92/9/182 154/9/75 90/9/183
f 44/9/184 203/9/115 67/9/115
f 94/9/185 157/9/77 95/9/186
f 327/9/77 205/9/117 48/9/117
f 160/8/80 114/8/187 93/8/188
f 47/8/189 328/8/190 329/8/189
f 95/9/186 162/9/82 96/9/191
f 50/9/81 156/9/77 327/9/77
f 164/8/83 93/8/188 97/8/83
f 51/8/83 329/8/189 168/8/83
f 96/9/191 167/9/85 98/9/192
f 52/9/84 161/9/81 50/9/81
f 330/8/61 97/8/83 99/8/86
f 53/8/61 168/8/83 170/8/61
f 98/9/192 142/9/63 100/9/174
f 54/9/87 166/9/84 52/9/84
f 331/8/88 99/8/86 87/8/86
f 42/8/88 170/8/61 173/8/88
f 332/8/61 101/8/90 86/8/61
f 333/8/61 176/8/90 139/8/61
f 102/9/193 140/9/93 85/9/194
f 40/9/195 183/9/96 56/9/196
f 334/8/90 103/8/94 101/8/90
f 55/8/90 181/8/94 176/8/90
f 104/9/197 177/9/91 102/9/193
f 56/9/196 185/9/97 58/9/198
f 335/8/94 89/8/177 103/8/94
f 57/8/94 145/8/66 181/8/94
f 88/9/175 182/9/95 104/9/197
f 58/9/198 143/9/64 41/9/176
f 227/8/139 121/8/199 105/8/200
f 60/8/99 188/8/100 187/8/99
f 106/9/201 191/9/103 107/9/202
f 61/9/203 225/9/137 59/9/137
f 336/8/204 122/8/205 108/8/206
f 63/8/105 194/8/106 193/8/105
f 109/9/207 197/9/109 110/9/208
f 64/9/108 226/9/138 62/9/138
f 201/8/113 108/8/206 111/8/209
f 65/8/210 193/8/105 337/8/211
f 110/9/208 199/9/111 112/9/212
f 66/9/110 196/9/108 64/9/108
f 149/8/70 111/8/209 91/8/178
f 45/8/181 337/8/211 325/8/181
f 112/9/212 152/9/73 92/9/182
f 67/9/115 198/9/110 66/9/110
f 116/9/213 155/9/76 94/9/185
f 48/9/117 210/9/122 69/9/122
f 159/8/79 113/8/214 114/8/187
f 49/8/190 338/8/215 328/8/190
f 339/9/216 204/9/116 116/9/213
f 69/9/122 214/9/126 71/9/126
f 207/8/119 115/8/217 113/8/214
f 68/8/215 340/8/218 338/8/215
f 90/9/183 209/9/121 339/9/216
f 71/9/126 153/9/74 44/9/184
f 212/8/124 117/8/179 115/8/217
f 70/8/218 326/8/180 340/8/218
f 224/8/136 341/8/219 118/8/220
f 73/8/39 219/8/131 218/8/130
f 119/9/221 217/8/129 220/9/132
f 219/8/131 72/9/38 221/9/133
f 119/9/221 223/9/135 120/9/222
f 74/9/223 221/9/133 72/9/38
f 186/8/98 118/8/220 121/8/199
f 75/8/224 218/8/130 188/8/100
f 120/9/222 189/9/101 106/9/201
f 59/9/137 222/9/134 74/9/223
f 107/9/202 195/9/107 109/9/207
f 62/9/138 190/9/102 61/9/203
f 192/8/104 105/8/200 122/8/205
f 76/8/225 187/8/99 194/8/106
f 342/18/226 12/1/141 255/1/161
f 258/1/161 245/18/140 343/18/140
f 344/19/142 124/14/50 265/14/50
f 260/14/50 249/19/142 345/19/142
f 285/20/146 346/21/227 231/21/144
f 347/20/143 243/21/151 348/21/151
f 349/22/152 228/18/152 342/18/152
f 343/18/152 247/22/152 350/22/152
f 351/23/228 244/22/154 349/22/229
f 350/22/154 352/23/230 277/23/163
f 353/24/155 229/19/155 344/19/231
f 345/19/232 251/24/155 354/24/231
f 355/25/156 248/24/157 353/24/157
f 354/24/157 356/25/233 269/25/162
f 357/26/158 231/21/158 346/21/158
f 348/21/158 254/26/158 358/26/158
f 314/27/165 252/26/160 357/26/234
f 358/26/160 359/27/159 315/27/165
f 263/29/235 360/9/236 320/9/237
f 318/9/238 361/9/239 259/9/240
f 362/49/241 266/13/242 123/13/243
f 363/9/244 322/9/245 320/9/237
f 364/9/246 322/9/245 363/9/244
f 365/50/247 321/9/248 364/9/246
f 360/9/236 363/9/244 320/9/237
f 360/9/236 364/9/246 363/9/244
f 366/9/249 365/50/247 364/9/246
f 263/29/235 366/9/249 360/9/236
f 264/28/236 367/49/237 366/9/249
f 368/9/250 262/29/251 259/9/240
f 369/9/252 262/29/251 368/9/250
f 362/49/253 261/28/254 369/9/252
f 361/9/239 368/9/250 259/9/240
f 361/9/239 369/9/252 368/9/250
f 370/9/255 362/49/253 369/9/252
f 318/9/238 370/9/255 361/9/239
f 319/9/256 371/50/257 370/9/255
f 371/50/241 367/49/258 362/49/241
f 134/9/259 365/50/260 371/50/241
f 234/20/147 372/51/53 233/20/146
f 373/52/53 304/40/53 303/41/53
f 293/40/53 374/52/53 294/41/53
f 375/8/261 376/53/53 377/54/53
f 378/53/53 379/8/164 380/54/53
f 239/20/150 381/55/53 382/51/53
f 383/17/53 287/35/53 384/15/53
f 385/56/53 285/20/146 386/20/146
f 231/21/144 386/20/146 285/20/146
f 387/57/53 385/56/53 386/20/146
f 386/20/146 230/20/143 387/57/53
f 232/20/145 387/57/53 230/20/143
f 233/20/146 388/55/53 232/20/145
f 389/58/53 236/20/148 390/59/53
f 391/60/53 235/20/146 389/58/53
f 236/20/148 392/58/53 390/59/53
f 237/20/146 393/60/53 392/58/53
f 238/20/149 382/51/53 393/60/53
f 394/61/53 241/20/146 242/20/146
f 395/57/53 240/20/148 241/20/146
f 306/11/53 396/62/53 307/45/53
f 397/63/53 307/45/53 396/62/53
f 131/17/53 308/46/53 397/63/53
f 310/48/53 394/61/53 242/20/146
f 309/47/53 398/64/53 310/48/53
f 399/65/53 301/43/53 317/8/164
f 400/66/53 302/42/53 301/43/53
f 401/67/53 303/41/53 302/42/53
f 306/11/53 402/68/53 403/11/53
f 305/39/53 404/69/53 402/68/53
f 405/70/53 406/8/262 407/71/53
f 408/72/53 409/8/263 405/70/53
f 380/54/53 410/8/264 408/72/53
f 411/8/164 399/65/53 317/8/164
f 412/8/265 413/73/53 411/8/164
f 406/8/262 414/70/53 407/71/53
f 415/8/266 416/72/53 414/70/53
f 417/8/267 377/54/53 416/72/53
f 418/65/53 419/8/164 282/8/164
f 420/73/53 421/8/268 419/8/164
f 296/43/53 418/65/53 282/8/164
f 295/42/53 422/66/53 296/43/53
f 294/41/53 423/67/53 295/42/53
f 291/11/53 424/68/53 292/39/53
f 425/69/53 292/39/53 424/68/53
f 426/11/53 290/38/53 427/62/53
f 427/62/53 289/37/53 428/63/53
f 428/63/53 288/36/53 383/17/53
f 286/34/53 385/56/53 429/61/53
f 429/61/53 430/64/53 286/34/53
f 286/34/53 384/15/53 287/35/53
f 355/25/37 344/19/37 275/31/37
f 344/19/37 431/74/37 275/31/37
f 265/14/37 38/9/37 344/19/37
f 432/12/37 275/31/37 431/74/37
f 32/3/37 276/10/37 432/12/37
f 433/75/37 258/1/37 343/18/37
f 343/18/37 281/30/37 433/75/37
f 350/22/37 277/23/37 343/18/37
f 281/30/37 36/7/37 433/75/37
f 38/9/37 311/32/37 431/74/37
f 431/74/37 312/33/37 432/12/37
f 432/12/37 313/11/37 32/3/37
f 347/20/37 358/26/37 299/44/37
f 358/26/37 433/75/37 299/44/37
f 315/27/37 257/2/37 358/26/37
f 299/44/37 36/7/37 35/6/37
f 351/23/40 342/18/40 267/30/40
f 342/18/40 434/75/40 267/30/40
f 255/1/40 256/2/40 342/18/40
f 435/7/40 267/30/40 434/75/40
f 77/3/40 268/4/40 435/7/40
f 436/74/40 260/14/40 345/19/40
f 345/19/40 274/31/40 436/74/40
f 354/24/40 269/25/40 345/19/40
f 274/31/40 81/12/40 436/74/40
f 434/75/40 314/27/40 357/26/40
f 357/26/40 297/44/40 434/75/40
f 346/21/269 285/20/40 357/26/40
f 297/44/40 435/7/40 434/75/40
f 298/6/40 77/3/40 435/7/40
f 82/9/41 283/32/40 316/8/270
f 436/74/40 284/33/40 283/32/40
f 246/23/153 278/30/52 352/23/230
f 273/30/52 279/4/52 278/30/52
f 272/4/52 128/5/52 279/4/52
f 250/25/156 270/31/52 356/25/233
f 280/31/52 271/10/52 270/31/52
f 437/8/271 329/8/189 328/8/190
f 328/8/190 438/8/272 437/8/271
f 338/8/215 438/8/272 328/8/190
f 338/8/215 439/8/273 440/8/274
f 168/8/83 441/8/275 442/8/276
f 439/8/273 340/8/218 443/8/277
f 326/8/180 443/8/277 340/8/218
f 326/8/180 444/8/278 445/8/279
f 325/8/181 444/8/278 326/8/180
f 325/8/181 446/8/280 447/8/281
f 337/8/211 446/8/280 325/8/181
f 337/8/211 448/8/282 449/8/283
f 336/8/204 450/8/284 451/8/285
f 193/8/105 448/8/282 337/8/211
f 452/8/286 193/8/105 336/8/204
f 451/8/285 452/8/286 336/8/204
f 453/8/287 164/8/83 330/8/61
f 330/8/61 454/8/60 453/8/287
f 454/8/60 331/8/88 455/8/57
f 324/8/66 455/8/57 331/8/88
f 324/8/66 456/8/177 457/8/288
f 456/8/177 335/8/94 458/8/94
f 334/8/90 458/8/94 335/8/94
f 334/8/90 459/8/90 460/8/57
f 332/8/61 459/8/90 334/8/90
f 332/8/61 461/8/60 462/8/53
f 323/8/58 461/8/60 332/8/61
f 323/8/58 463/8/289 464/8/290
f 465/8/291 323/8/58 466/8/292
f 419/8/164 467/8/293 468/8/294
f 411/8/164 136/8/58 379/8/164
s 0
f 379/8/295 412/8/295 411/8/295
f 415/8/296 410/8/297 379/8/164
f 415/8/295 406/8/295 409/8/295
f 419/8/298 417/8/267 415/8/266
f 419/8/298 421/8/299 375/8/300
s 1
f 136/8/58 415/8/266 379/8/164
f 466/8/292 419/8/164 468/8/294
f 282/8/164 466/8/292 323/8/58
f 469/4/301 470/3/302 471/5/301
f 470/3/302 472/6/303 473/11/303
f 474/9/304 475/8/305 476/8/306
f 474/9/304 477/8/307 478/9/308
f 479/8/309 480/9/310 481/8/311
f 482/9/312 483/8/313 484/9/314
f 485/8/315 486/9/316 487/9/317
f 485/8/315 488/9/318 489/8/319
f 489/8/319 490/9/320 491/8/321
f 491/8/321 492/9/322 479/8/309
f 478/9/308 493/8/323 494/9/324
f 494/9/324 495/8/325 496/9/326
f 496/9/326 481/8/311 480/9/310
f 497/8/327 498/9/328 499/9/329
f 500/8/330 501/9/331 502/9/332
f 503/8/333 502/9/332 504/9/333
f 484/9/314 503/8/333 504/9/333
f 505/8/334 486/9/316 506/8/335
f 507/8/336 508/9/337 505/8/334
f 509/8/338 510/9/339 507/8/336
f 511/8/340 512/9/341 513/9/342
f 514/8/343 513/9/342 498/9/328
f 499/9/329 515/8/344 497/8/327
f 516/10/345 517/3/346 518/5/345
f 519/12/346 520/11/347 517/3/346
f 521/9/348 522/8/349 523/9/350
f 524/8/351 521/9/348 525/9/352
f 526/9/353 527/8/354 528/8/355
f 529/9/356 530/8/357 531/8/358
f 532/8/359 533/9/360 534/8/361
f 535/9/362 532/8/359 536/8/363
f 537/9/364 536/8/363 538/8/365
f 539/9/366 538/8/365 527/8/354
f 540/8/367 525/9/352 541/9/368
f 542/8/369 541/9/368 543/9/370
f 528/8/355 543/9/370 526/9/353
f 544/9/371 545/8/372 546/9/373
f 547/9/374 548/8/375 549/9/376
f 549/9/376 550/8/377 551/9/378
f 552/9/379 550/8/377 530/8/357
f 553/8/380 533/9/360 554/9/381
f 555/8/382 554/9/381 556/9/383
f 531/8/358 556/9/383 529/9/356
f 557/9/384 558/8/385 559/9/386
f 559/9/386 560/8/387 544/9/371
f 561/8/388 546/9/373 545/8/372
f 562/14/389 563/13/390 564/14/391
f 565/10/392 566/5/393 567/5/394
f 568/16/395 569/15/52 570/17/52
f 571/9/396 572/9/397 573/9/398
f 574/8/399 575/8/400 576/8/401
f 574/8/399 577/8/402 578/8/403
f 579/9/404 580/9/405 572/9/397
f 581/9/406 582/9/407 583/9/408
f 584/8/409 585/8/410 586/8/411
f 587/8/412 588/8/413 589/8/414
f 590/8/415 587/8/412 591/8/416
f 592/9/417 593/9/418 594/9/419
f 595/9/420 596/9/421 597/9/422
f 598/8/423 599/8/424 600/8/425
f 601/9/426 597/9/422 602/9/427
f 603/8/428 600/8/425 599/8/424
f 604/8/429 603/8/428 605/8/430
f 606/9/431 602/9/427 607/9/432
f 608/8/433 609/8/434 610/8/435
f 608/8/433 610/8/435 611/8/436
f 612/9/437 607/9/432 582/9/407
f 613/8/438 611/8/436 610/8/435
f 614/8/439 613/8/438 584/8/409
f 615/8/52 578/8/403 577/8/402
f 616/9/440 617/9/441 580/9/442
f 618/8/443 619/8/444 620/8/52
f 618/8/443 620/8/52 621/8/445
f 622/9/446 623/9/447 617/9/441
f 621/8/445 624/8/411 586/8/411
f 621/8/445 586/8/411 585/8/410
f 625/9/448 583/9/408 623/9/447
f 626/8/449 627/8/450 628/8/451
f 629/9/452 630/9/453 631/9/454
f 632/8/455 633/8/456 634/8/457
f 635/9/458 636/9/459 637/9/460
f 638/9/461 637/9/460 639/9/462
f 640/8/463 641/8/464 588/8/413
f 640/8/463 588/8/413 590/8/415
f 642/9/465 639/9/462 593/9/418
f 643/9/466 644/9/467 596/9/421
f 645/8/468 646/8/469 647/8/470
f 648/8/471 645/8/468 598/8/423
f 649/9/472 650/9/473 644/9/467
f 651/8/474 652/8/475 646/8/469
f 651/8/474 646/8/469 648/8/471
f 653/9/476 594/9/419 650/9/473
f 591/8/416 654/8/477 655/8/478
f 591/8/416 655/8/478 651/8/474
f 656/8/479 657/8/480 658/8/481
f 659/9/482 660/8/483 656/8/479
f 661/9/484 659/9/482 662/9/485
f 658/8/481 663/8/486 626/8/449
f 664/9/487 662/9/485 630/9/453
f 665/9/488 631/9/454 636/9/459
f 628/8/451 666/8/489 632/8/455
f 24/1/490 667/18/491 668/18/492
f 564/14/391 669/19/493 562/14/389
f 670/21/494 671/20/495 672/20/496
f 670/21/494 673/20/497 674/20/498
f 670/21/494 675/20/499 676/20/500
f 670/21/494 677/20/501 678/20/502
f 670/21/494 679/20/503 680/20/504
f 670/21/494 681/20/505 682/20/506
f 670/21/494 682/20/506 683/21/507
f 667/18/508 684/22/509 668/18/509
f 685/22/510 686/23/511 684/22/512
f 687/19/513 688/24/514 669/19/514
f 689/24/515 690/25/516 688/24/517
f 683/21/507 691/26/518 670/21/518
f 692/26/519 693/27/520 691/26/521
f 694/2/522 24/1/490 695/1/523
f 25/1/524 696/2/525 697/1/526
f 523/9/527 564/14/391 698/9/528
f 699/29/529 563/13/390 700/28/530
f 564/14/391 699/29/529 698/9/528
f 701/9/531 702/29/532 703/28/533
f 701/9/531 704/13/534 705/14/535
f 704/13/534 562/14/389 705/14/535
f 706/30/536 686/23/511 707/4/537
f 708/31/538 709/25/539 710/10/540
f 566/5/393 709/25/539 711/4/541
f 686/23/511 711/4/541 709/25/539
f 516/10/542 709/25/539 712/31/543
f 686/23/511 518/5/537 707/4/537
f 713/31/544 690/25/516 714/10/545
f 715/30/546 716/23/547 717/4/394
f 567/5/394 716/23/547 565/10/392
f 690/25/516 565/10/392 716/23/547
f 469/4/548 716/23/547 718/30/549
f 690/25/516 471/5/550 714/10/545
f 719/32/551 720/8/552 721/33/553
f 722/34/554 723/20/555 724/35/556
f 725/36/554 723/20/555 726/37/554
f 727/38/556 723/20/555 728/11/556
f 729/39/554 723/20/555 730/40/554
f 731/41/556 723/20/555 732/42/554
f 733/43/554 723/20/555 720/8/552
f 734/6/557 723/20/555 735/44/558
f 720/8/552 520/11/553 721/33/553
f 736/44/559 682/20/506 472/6/560
f 737/43/395 475/8/561 738/42/395
f 739/41/395 475/8/561 740/40/395
f 741/39/395 475/8/561 742/11/395
f 743/45/395 475/8/561 744/46/395
f 568/16/395 475/8/561 745/47/562
f 746/48/563 475/8/561 682/20/506
f 682/20/506 747/32/564 748/33/565
f 682/20/506 473/11/566 472/6/560
f 749/27/567 26/2/568 694/2/522
f 29/2/569 750/27/570 696/2/525
f 751/8/571 720/8/552 522/8/572
f 752/8/573 476/8/574 475/8/561
f 523/9/575 753/9/576 754/9/577
f 523/9/575 573/9/398 521/9/578
f 573/9/398 572/9/397 521/9/578
f 701/9/579 579/9/404 755/9/580
f 756/9/581 571/9/396 757/9/582
f 579/9/404 756/9/581 755/9/580
f 524/8/583 758/8/584 751/8/571
f 574/8/399 477/8/585 476/8/574
f 572/9/397 525/9/586 521/9/578
f 616/9/587 474/9/588 478/9/589
f 583/9/408 539/9/590 526/9/591
f 612/9/437 480/9/592 492/9/593
f 527/8/594 759/8/595 528/8/596
f 585/8/410 479/8/597 481/8/598
f 530/8/599 591/8/416 531/8/600
f 509/8/601 760/8/602 483/8/603
f 594/9/419 552/9/604 529/9/605
f 642/9/465 482/9/606 484/9/607
f 597/9/422 533/9/608 761/9/609
f 486/9/610 595/9/420 487/9/611
f 534/8/612 600/8/425 532/8/613
f 485/8/614 762/8/615 506/8/616
f 602/9/427 761/9/609 535/9/617
f 595/9/420 488/9/618 487/9/611
f 532/8/613 604/8/429 536/8/619
f 609/8/434 485/8/614 489/8/620
f 607/9/432 535/9/617 537/9/621
f 488/9/618 606/9/431 490/9/622
f 536/8/619 763/8/623 538/8/624
f 610/8/435 489/8/620 491/8/625
f 582/9/407 537/9/621 539/9/590
f 490/9/622 612/9/437 492/9/593
f 538/8/624 764/8/626 527/8/594
f 613/8/438 491/8/625 479/8/597
f 540/8/627 765/8/628 524/8/583
f 578/8/403 493/8/629 477/8/585
f 580/9/442 541/9/630 525/9/631
f 622/9/446 478/9/632 494/9/633
f 542/8/634 766/8/635 540/8/627
f 618/8/443 495/8/636 493/8/629
f 617/9/441 543/9/637 541/9/630
f 625/9/448 494/9/633 496/9/638
f 528/8/596 767/8/639 542/8/634
f 621/8/445 481/8/598 495/8/636
f 623/9/447 526/9/591 543/9/637
f 480/9/592 625/9/448 496/9/638
f 560/8/640 628/8/451 545/8/641
f 627/8/450 514/8/642 497/8/643
f 631/9/454 544/9/644 546/9/645
f 498/9/646 629/9/452 499/9/647
f 561/8/648 634/8/457 548/8/649
f 633/8/456 515/8/650 500/8/651
f 637/9/460 547/9/652 549/9/653
f 501/9/654 635/9/458 502/9/655
f 548/8/649 640/8/463 550/8/656
f 503/8/657 633/8/456 500/8/651
f 639/9/462 549/9/653 551/9/658
f 635/9/458 504/9/659 502/9/655
f 550/8/656 590/8/415 530/8/599
f 760/8/602 503/8/657 483/8/603
f 593/9/418 551/9/658 552/9/604
f 504/9/659 642/9/465 484/9/607
f 596/9/421 554/9/660 533/9/608
f 649/9/472 486/9/610 508/9/661
f 553/8/662 598/8/423 534/8/612
f 762/8/615 505/8/663 506/8/616
f 644/9/467 556/9/664 554/9/660
f 653/9/476 508/9/661 510/9/665
f 555/8/666 648/8/471 553/8/662
f 768/8/667 507/8/668 505/8/663
f 650/9/473 529/9/605 556/9/664
f 482/9/606 653/9/476 510/9/665
f 531/8/600 651/8/474 555/8/666
f 507/8/668 769/8/669 509/8/601
f 770/8/670 658/8/481 558/8/671
f 511/8/672 660/8/483 771/8/673
f 557/9/674 656/8/479 770/8/670
f 660/8/483 512/9/675 771/8/673
f 662/9/485 557/9/674 559/9/676
f 772/9/677 513/9/678 512/9/675
f 558/8/671 626/8/449 560/8/640
f 514/8/642 657/8/480 511/8/672
f 630/9/453 559/9/676 544/9/644
f 661/9/484 498/9/646 513/9/678
f 636/9/459 546/9/645 547/9/652
f 499/9/647 665/9/488 501/9/654
f 545/8/641 632/8/455 561/8/648
f 515/8/650 627/8/450 497/8/643
f 695/1/523 668/18/492 773/18/679
f 667/18/491 697/1/526 774/18/680
f 705/14/535 669/19/493 775/19/681
f 687/19/682 776/14/683 777/19/684
f 670/21/494 778/21/685 723/20/555
f 736/44/686 683/21/507 779/20/687
f 773/18/688 684/22/509 780/22/689
f 685/22/508 774/18/690 781/22/691
f 780/22/692 686/23/511 706/30/536
f 716/23/547 685/22/510 781/22/693
f 669/19/514 782/24/694 775/19/694
f 689/24/695 777/19/696 783/24/696
f 688/24/517 784/25/697 782/24/698
f 709/25/539 689/24/515 783/24/699
f 778/21/700 691/26/518 785/26/700
f 785/26/701 693/27/520 749/27/567
f 786/27/702 787/26/703 750/27/570
f 755/9/704 788/9/705 702/29/706
f 698/9/707 789/9/708 753/9/709
f 704/13/710 790/49/711 563/13/712
f 755/9/704 756/9/713 791/9/714
f 791/9/714 757/9/715 792/9/716
f 757/9/715 793/50/717 792/9/716
f 755/9/704 791/9/714 788/9/705
f 788/9/705 792/9/716 794/9/718
f 794/9/718 793/50/717 795/49/719
f 788/9/705 703/28/720 702/29/706
f 703/28/720 795/49/719 704/13/721
f 698/9/707 699/29/722 796/9/723
f 796/9/723 700/28/724 797/9/725
f 700/28/724 790/49/726 797/9/725
f 698/9/707 796/9/723 789/9/708
f 789/9/708 797/9/725 798/9/727
f 798/9/727 790/49/726 799/50/728
f 789/9/708 754/9/729 753/9/709
f 754/9/729 799/50/728 573/9/730
f 795/49/731 799/50/732 790/49/711
f 793/50/733 573/9/734 799/50/732
f 800/51/735 674/20/498 673/20/497
f 740/40/395 801/52/52 739/41/395
f 802/52/52 730/40/554 731/41/556
f 803/53/52 804/8/736 805/54/52
f 806/8/737 807/53/52 808/54/52
f 809/55/738 679/20/503 810/51/739
f 811/17/52 724/35/556 725/36/554
f 723/20/555 812/56/740 813/20/741
f 723/20/555 813/20/741 670/21/494
f 812/56/740 814/57/742 813/20/741
f 814/57/742 671/20/495 813/20/741
f 814/57/742 672/20/496 671/20/495
f 815/55/743 673/20/497 672/20/496
f 676/20/500 816/58/744 817/59/745
f 675/20/499 818/60/746 816/58/744
f 819/58/747 676/20/500 817/59/745
f 820/60/748 677/20/501 819/58/747
f 810/51/739 678/20/502 820/60/748
f 681/20/505 821/61/749 682/20/506
f 680/20/504 822/57/750 681/20/505
f 742/11/395 823/62/52 824/11/52
f 743/45/395 825/63/52 823/62/52
f 744/46/395 570/17/52 825/63/52
f 821/61/749 746/48/563 682/20/506
f 826/64/751 745/47/562 746/48/563
f 737/43/395 827/65/52 752/8/573
f 738/42/395 828/66/52 737/43/395
f 739/41/395 829/67/52 738/42/395
f 830/68/52 742/11/395 824/11/52
f 831/69/52 741/39/395 830/68/52
f 832/8/752 833/70/52 834/71/52
f 835/8/753 836/72/52 833/70/52
f 837/8/754 808/54/52 836/72/52
f 827/65/52 838/8/737 752/8/573
f 839/73/52 840/8/755 838/8/737
f 841/70/52 832/8/752 834/71/52
f 842/72/52 843/8/756 841/70/52
f 805/54/52 844/8/757 842/72/52
f 845/8/737 846/65/52 720/8/552
f 847/8/758 848/73/52 845/8/737
f 846/65/52 733/43/554 720/8/552
f 849/66/52 732/42/554 733/43/554
f 850/67/52 731/41/556 732/42/554
f 728/11/556 851/68/52 852/11/52
f 729/39/554 853/69/52 851/68/52
f 852/11/52 727/38/556 728/11/556
f 854/62/52 726/37/554 727/38/556
f 855/63/52 725/36/554 726/37/554
f 812/56/740 722/34/554 856/61/759
f 722/34/554 857/64/52 856/61/759
f 722/34/554 858/15/52 857/64/52
f 713/31/760 782/24/761 784/25/762
f 775/19/763 859/74/764 701/9/765
f 775/19/763 701/9/765 705/14/766
f 713/31/760 860/12/302 859/74/764
f 714/10/301 470/3/302 860/12/302
f 861/75/767 697/1/768 696/2/769
f 774/18/770 718/30/771 716/23/772
f 774/18/770 716/23/772 781/22/773
f 862/7/302 718/30/771 861/75/767
f 701/9/765 747/32/774 475/8/305
f 859/74/764 748/33/303 747/32/774
f 860/12/302 473/11/303 748/33/303
f 736/44/686 696/2/769 787/26/775
f 787/26/775 696/2/769 750/27/776
f 736/44/686 862/7/302 861/75/767
f 706/30/536 694/2/777 773/18/778
f 773/18/778 694/2/777 695/1/779
f 706/30/536 863/7/346 864/75/780
f 707/4/345 517/3/346 863/7/346
f 865/74/781 776/14/782 523/9/350
f 777/19/783 712/31/784 709/25/785
f 777/19/783 709/25/785 783/24/786
f 519/12/346 712/31/784 865/74/781
f 864/75/780 749/27/787 694/2/777
f 785/26/788 735/44/789 723/20/790
f 785/26/788 723/20/790 778/21/791
f 863/7/346 735/44/789 864/75/780
f 517/3/346 734/6/347 863/7/346
f 522/8/349 865/74/781 523/9/350
f 721/33/347 865/74/781 719/32/792
f 715/30/546 686/23/511 866/23/793
f 717/4/394 867/30/794 715/30/546
f 567/5/394 711/4/541 717/4/394
f 708/31/538 690/25/516 868/25/795
f 710/10/540 869/31/796 708/31/538
f 870/8/797 871/8/798 762/8/615
f 871/8/798 872/8/799 762/8/615
f 768/8/667 872/8/799 873/8/800
f 873/8/800 874/8/801 768/8/667
f 875/8/802 609/8/434 876/8/430
f 877/8/803 874/8/801 878/8/804
f 769/8/669 878/8/804 879/8/805
f 879/8/805 880/8/806 769/8/669
f 760/8/602 880/8/806 881/8/807
f 881/8/807 882/8/808 760/8/602
f 883/8/809 882/8/808 884/8/810
f 884/8/810 885/8/811 883/8/809
f 886/8/812 634/8/457 887/8/813
f 633/8/456 885/8/811 888/8/814
f 633/8/456 889/8/815 634/8/457
f 634/8/457 889/8/815 887/8/813
f 604/8/429 890/8/816 763/8/623
f 890/8/816 891/8/402 763/8/623
f 764/8/626 891/8/402 892/8/817
f 759/8/595 892/8/817 893/8/818
f 893/8/818 894/8/819 759/8/595
f 767/8/639 894/8/819 895/8/820
f 766/8/635 895/8/820 896/8/817
f 896/8/817 897/8/444 766/8/635
f 765/8/628 897/8/444 898/8/52
f 898/8/52 899/8/402 765/8/628
f 758/8/584 899/8/402 900/8/400
f 900/8/400 901/8/821 758/8/584
f 758/8/584 902/8/822 903/8/823
f 845/8/737 904/8/824 574/8/399
f 574/8/399 838/8/737 806/8/737
f 838/8/737 840/8/755 806/8/737
f 806/8/737 835/8/753 843/8/756
f 835/8/753 832/8/752 843/8/756
f 843/8/756 804/8/736 845/8/737
f 804/8/736 847/8/758 845/8/737
f 574/8/399 843/8/756 845/8/737
f 903/8/823 845/8/737 720/8/552
f 758/8/584 903/8/823 720/8/552
f 569/15/825 131/17/826 570/17/826
f 575/8/827 467/8/828 135/8/829
f 575/8/827 137/8/830 576/8/831
f 577/8/832 137/8/830 138/8/833
f 584/8/834 147/8/835 146/8/836
f 588/8/837 148/8/838 589/8/839
f 587/8/840 148/8/841 150/8/842
f 645/8/843 158/8/844 599/8/845
f 603/8/846 158/8/844 163/8/847
f 603/8/846 165/8/848 605/8/849
f 608/8/850 442/8/40 876/8/40
f 608/8/850 171/8/851 169/8/852
f 614/8/853 171/8/851 611/8/854
f 584/8/834 174/8/855 614/8/853
f 615/8/856 138/8/833 175/8/857
f 619/8/858 175/8/857 179/8/859
f 619/8/858 180/8/860 620/8/861
f 624/8/862 180/8/860 184/8/863
f 624/8/862 147/8/835 586/8/864
f 886/8/865 200/8/866 641/8/867
f 588/8/837 200/8/866 202/8/868
f 646/8/869 206/8/870 647/8/871
f 645/8/872 206/8/873 208/8/874
f 655/8/875 211/8/876 652/8/877
f 646/8/869 211/8/876 213/8/878
f 587/8/840 215/8/879 654/8/880
f 655/8/875 215/8/879 216/8/881
f 786/27/882 253/27/882 693/27/882
f 26/2/883 253/27/884 13/2/885
f 29/2/886 359/27/887 786/27/888
f 818/60/889 372/51/890 391/60/889
f 831/69/891 373/52/892 801/52/892
f 802/52/893 425/69/894 853/69/894
f 805/54/895 376/53/896 803/53/896
f 807/53/897 380/54/898 808/54/898
f 810/51/899 381/55/900 809/55/900
f 811/17/901 384/15/902 858/15/902
f 856/61/903 387/57/904 814/57/904
f 814/57/904 388/55/905 815/55/905
f 815/55/905 372/51/890 800/51/906
f 816/58/907 390/59/36 817/59/36
f 816/58/907 391/60/889 389/58/908
f 817/59/36 392/58/909 819/58/910
f 819/58/910 393/60/911 820/60/912
f 820/60/912 382/51/899 810/51/899
f 822/57/913 394/61/914 821/61/914
f 809/55/900 395/57/913 822/57/913
f 823/62/915 403/11/40 824/11/40
f 825/63/916 396/62/915 823/62/915
f 570/17/826 397/63/916 825/63/916
f 821/61/914 398/64/917 826/64/917
f 826/64/917 129/15/825 569/15/825
f 828/66/918 399/65/919 827/65/919
f 829/67/920 400/66/918 828/66/918
f 801/52/892 401/67/921 829/67/920
f 824/11/40 402/68/922 830/68/922
f 830/68/922 404/69/923 831/69/891
f 833/70/924 407/71/49 834/71/49
f 836/72/925 405/70/924 833/70/924
f 808/54/898 408/72/925 836/72/925
f 827/65/919 413/73/926 839/73/926
f 839/73/926 378/53/897 807/53/897
f 834/71/49 414/70/927 841/70/927
f 841/70/927 416/72/928 842/72/928
f 842/72/928 377/54/895 805/54/895
f 848/73/929 418/65/930 846/65/930
f 803/53/896 420/73/929 848/73/929
f 846/65/930 422/66/931 849/66/931
f 849/66/931 423/67/932 850/67/932
f 850/67/932 374/52/893 802/52/893
f 851/68/933 426/11/37 852/11/37
f 853/69/894 424/68/933 851/68/933
f 852/11/37 427/62/934 854/62/934
f 854/62/934 428/63/935 855/63/935
f 855/63/935 383/17/901 811/17/901
f 857/64/936 429/61/903 856/61/903
f 858/15/902 430/64/936 857/64/936
f 26/2/937 16/2/938 29/2/938
f 871/8/939 441/8/40 437/8/940
f 872/8/941 437/8/940 438/8/942
f 872/8/941 440/8/943 873/8/944
f 874/8/945 440/8/943 439/8/946
f 876/8/40 441/8/40 875/8/40
f 878/8/947 439/8/946 443/8/948
f 878/8/947 445/8/949 879/8/950
f 880/8/951 445/8/949 444/8/952
f 880/8/951 447/8/953 881/8/954
f 882/8/955 447/8/953 446/8/956
f 882/8/955 449/8/957 884/8/958
f 885/8/959 449/8/957 448/8/960
f 885/8/959 905/8/961 888/8/962
f 888/8/962 452/8/963 889/8/964
f 887/8/965 452/8/963 451/8/966
f 886/8/865 451/8/966 450/8/967
f 605/8/849 453/8/968 890/8/969
f 890/8/969 454/8/970 891/8/971
f 892/8/972 454/8/970 455/8/973
f 892/8/972 457/8/974 893/8/975
f 893/8/975 456/8/976 894/8/977
f 894/8/977 458/8/978 895/8/979
f 895/8/979 460/8/980 896/8/981
f 897/8/982 460/8/980 459/8/983
f 897/8/982 462/8/984 898/8/985
f 898/8/985 461/8/986 899/8/987
f 900/8/988 461/8/986 464/8/989
f 900/8/988 463/8/990 901/8/991
f 901/8/991 465/8/992 902/8/993
f 902/8/993 466/8/994 903/8/994
f 906/8/995 467/8/828 904/8/996
f 906/8/995 466/8/994 468/8/997
f 32/3/37 36/7/37 33/4/37
f 32/3/37 313/11/37 35/6/37
f 37/8/37 300/8/37 38/9/37
f 40/9/37 333/8/37 37/8/37
f 41/9/37 54/9/37 42/8/37
f 44/9/37 67/9/37 45/8/37
f 47/8/37 327/9/37 48/9/37
f 50/9/37 327/9/37 47/8/37
f 52/9/37 50/9/37 51/8/37
f 54/9/37 52/9/37 53/8/37
f 55/8/37 333/8/37 40/9/37
f 57/8/37 55/8/37 56/9/37
f 43/8/37 57/8/37 58/9/37
f 59/9/37 75/8/37 60/8/37
f 62/9/37 76/8/37 63/8/37
f 64/9/37 63/8/37 65/8/37
f 67/9/37 66/9/37 65/8/37
f 68/8/37 49/8/37 48/9/37
f 70/8/37 68/8/37 69/9/37
f 70/8/37 71/9/37 44/9/37
f 74/9/37 73/8/39 75/8/37
f 76/8/37 62/9/37 61/9/37
f 77/3/40 81/12/40 78/10/40
f 80/11/40 284/33/40 81/12/40
f 82/9/41 316/8/270 83/8/42
f 85/9/44 84/9/43 83/8/42
f 87/8/44 100/9/44 88/9/46
f 90/9/44 117/8/46 91/8/44
f 93/8/44 114/8/44 94/9/46
f 93/8/44 95/9/46 96/9/44
f 97/8/44 96/9/44 98/9/44
f 99/8/44 98/9/44 100/9/44
f 85/9/44 86/8/45 101/8/45
f 102/9/44 101/8/45 103/8/46
f 104/9/44 103/8/46 89/8/46
f 105/8/46 121/8/47 106/9/47
f 108/8/44 122/8/45 109/9/46
f 111/8/44 108/8/44 110/9/45
f 92/9/44 91/8/44 111/8/44
f 113/8/44 116/9/44 94/9/46
f 115/8/46 339/9/44 116/9/44
f 90/9/44 339/9/44 115/8/46
f 118/8/45 341/8/998 119/9/48
f 121/8/47 118/8/45 120/9/46
f 107/9/46 109/9/46 122/8/45
f 9/1/49 10/1/49 14/2/49
f 123/13/36 266/13/36 124/14/50
f 126/5/52 271/10/52 127/10/52
f 129/15/53 309/47/53 130/16/53
f 132/9/54 141/9/54 133/9/55
f 135/8/57 467/8/293 136/8/58
f 138/8/60 137/8/59 136/8/58
f 140/9/62 178/9/62 141/9/54
f 142/9/63 172/9/87 143/9/64
f 145/8/66 173/8/88 146/8/67
f 148/8/69 202/8/114 149/8/70
f 152/9/73 203/9/115 153/9/74
f 155/9/76 205/9/117 156/9/77
f 158/8/78 208/8/120 159/8/79
f 157/9/77 156/9/77 161/9/81
f 163/8/66 158/8/78 160/8/80
f 162/9/82 161/9/81 166/9/84
f 168/8/83 442/8/276 169/8/66
f 167/9/85 166/9/84 172/9/87
f 173/8/88 170/8/61 171/8/86
f 175/8/53 138/8/60 139/8/61
f 177/9/91 183/9/96 178/9/92
f 179/8/90 175/8/53 176/8/90
f 182/9/95 185/9/97 183/9/96
f 184/8/68 180/8/53 181/8/94
f 144/9/65 143/9/64 185/9/97
f 186/8/98 227/8/139 187/8/99
f 189/9/101 225/9/137 190/9/102
f 192/8/104 336/8/204 193/8/105
f 195/9/107 226/9/138 196/9/108
f 197/9/109 196/9/108 198/9/110
f 200/8/112 450/8/284 201/8/113
f 199/9/111 198/9/110 203/9/115
f 204/9/116 210/9/122 205/9/117
f 206/8/118 213/8/125 207/8/119
f 209/9/121 214/9/126 210/9/122
f 211/8/123 216/8/128 212/8/124
f 154/9/75 153/9/74 214/9/126
f 215/8/127 150/8/71 151/8/72
f 217/8/129 224/8/136 218/8/130
f 220/9/132 217/8/129 219/8/131
f 220/9/132 221/9/133 222/9/134
f 224/8/136 186/8/98 188/8/100
f 223/9/135 222/9/134 225/9/137
f 191/9/103 190/9/102 226/9/138
f 227/8/139 192/8/104 194/8/106
f 228/18/140 245/18/140 11/1/141
f 229/19/142 249/19/142 125/14/51
f 230/20/143 386/20/146 231/21/144
f 233/20/146 232/20/145 231/21/144
f 235/20/146 234/20/147 231/21/144
f 237/20/146 236/20/148 231/21/144
f 239/20/150 238/20/149 231/21/144
f 241/20/146 240/20/148 231/21/144
f 244/22/152 247/22/152 245/18/152
f 246/23/153 352/23/230 247/22/154
f 248/24/155 251/24/155 249/19/155
f 250/25/156 356/25/233 251/24/157
f 252/26/158 254/26/158 243/21/158
f 253/27/159 359/27/159 254/26/160
f 255/1/161 12/1/141 13/2/49
f 257/2/49 16/2/49 11/1/141
f 259/9/36 125/14/51 260/14/50
f 261/28/36 123/13/36 125/14/51
f 263/29/36 320/9/36 38/9/36
f 265/14/50 266/13/36 264/28/36
f 246/23/153 351/23/228 267/30/52
f 269/25/162 356/25/233 270/31/52
f 269/25/162 271/10/52 126/5/52
f 269/25/162 272/4/52 273/30/52
f 274/31/52 269/25/162 246/23/153
f 79/5/52 78/10/52 246/23/153
f 250/25/156 355/25/156 275/31/52
f 277/23/163 352/23/230 278/30/52
f 277/23/163 279/4/52 128/5/52
f 277/23/163 127/10/52 280/31/52
f 281/30/52 277/23/163 250/25/156
f 34/5/52 33/4/52 250/25/156
f 282/8/164 316/8/167 283/32/53
f 285/20/146 907/76/53 286/34/53
f 285/20/146 287/35/53 288/36/53
f 285/20/146 289/37/53 290/38/53
f 285/20/146 291/11/53 292/39/53
f 285/20/146 293/40/53 294/41/53
f 285/20/146 295/42/53 296/43/53
f 297/44/53 285/20/146 282/8/164
f 80/11/53 298/6/53 282/8/164
f 242/20/146 347/20/143 299/44/53
f 300/8/164 317/8/164 301/43/53
f 300/8/164 302/42/53 303/41/53
f 300/8/164 304/40/53 305/39/53
f 300/8/164 306/11/53 307/45/53
f 300/8/164 308/46/53 130/16/53
f 300/8/164 309/47/53 310/48/53
f 311/32/53 300/8/164 242/20/146
f 313/11/53 312/33/53 242/20/146
f 256/2/49 13/2/49 253/27/159
f 315/27/165 359/27/159 16/2/49
f 282/8/164 323/8/58 83/8/166
f 300/8/164 37/8/58 136/8/58
f 318/9/168 259/9/168 82/9/169
f 134/9/56 319/9/170 82/9/169
f 320/9/55 141/9/54 39/9/54
f 321/9/173 133/9/55 141/9/54
f 323/8/58 332/8/61 86/8/61
f 37/8/58 333/8/61 139/8/61
f 85/9/62 140/9/62 132/9/54
f 39/9/54 141/9/54 178/9/62
f 100/9/174 142/9/63 144/9/65
f 41/9/176 143/9/64 172/9/87
f 324/8/66 331/8/88 87/8/86
f 43/8/66 42/8/88 173/8/88
f 151/8/72 149/8/70 91/8/178
f 46/8/180 45/8/181 325/8/181
f 92/9/182 152/9/73 154/9/75
f 44/9/184 153/9/74 203/9/115
f 94/9/185 155/9/76 157/9/77
f 327/9/77 156/9/77 205/9/117
f 160/8/80 159/8/79 114/8/187
f 47/8/189 49/8/190 328/8/190
f 95/9/186 157/9/77 162/9/82
f 50/9/81 161/9/81 156/9/77
f 164/8/83 160/8/80 93/8/188
f 51/8/83 47/8/189 329/8/189
f 96/9/191 162/9/82 167/9/85
f 52/9/84 166/9/84 161/9/81
f 330/8/61 164/8/83 97/8/83
f 53/8/61 51/8/83 168/8/83
f 98/9/192 167/9/85 142/9/63
f 54/9/87 172/9/87 166/9/84
f 331/8/88 330/8/61 99/8/86
f 42/8/88 53/8/61 170/8/61
f 332/8/61 334/8/90 101/8/90
f 333/8/61 55/8/90 176/8/90
f 102/9/193 177/9/91 140/9/93
f 40/9/195 178/9/92 183/9/96
f 334/8/90 335/8/94 103/8/94
f 55/8/90 57/8/94 181/8/94
f 104/9/197 182/9/95 177/9/91
f 56/9/196 183/9/96 185/9/97
f 335/8/94 324/8/66 89/8/177
f 57/8/94 43/8/66 145/8/66
f 88/9/175 144/9/65 182/9/95
f 58/9/198 185/9/97 143/9/64
f 227/8/139 186/8/98 121/8/199
f 60/8/99 75/8/224 188/8/100
f 106/9/201 189/9/101 191/9/103
f 61/9/203 190/9/102 225/9/137
f 336/8/204 192/8/104 122/8/205
f 63/8/105 76/8/225 194/8/106
f 109/9/207 195/9/107 197/9/109
f 64/9/108 196/9/108 226/9/138
f 201/8/113 336/8/204 108/8/206
f 65/8/210 63/8/105 193/8/105
f 110/9/208 197/9/109 199/9/111
f 66/9/110 198/9/110 196/9/108
f 149/8/70 201/8/113 111/8/209
f 45/8/181 65/8/210 337/8/211
f 112/9/212 199/9/111 152/9/73
f 67/9/115 203/9/115 198/9/110
f 116/9/213 204/9/116 155/9/76
f 48/9/117 205/9/117 210/9/122
f 159/8/79 207/8/119 113/8/214
f 49/8/190 68/8/215 338/8/215
f 339/9/216 209/9/121 204/9/116
f 69/9/122 210/9/122 214/9/126
f 207/8/119 212/8/124 115/8/217
f 68/8/215 70/8/218 340/8/218
f 90/9/183 154/9/75 209/9/121
f 71/9/126 214/9/126 153/9/74
f 212/8/124 151/8/72 117/8/179
f 70/8/218 46/8/180 326/8/180
f 224/8/136 217/8/129 341/8/219
f 119/9/221 341/8/219 217/8/129
f 119/9/221 220/9/132 223/9/135
f 74/9/223 222/9/134 221/9/133
f 186/8/98 224/8/136 118/8/220
f 75/8/224 73/8/39 218/8/130
f 120/9/222 223/9/135 189/9/101
f 59/9/137 225/9/137 222/9/134
f 107/9/202 191/9/103 195/9/107
f 62/9/138 226/9/138 190/9/102
f 192/8/104 227/8/139 105/8/200
f 76/8/225 60/8/99 187/8/99
f 342/18/226 228/18/140 12/1/141
f 258/1/161 11/1/141 245/18/140
f 344/19/142 229/19/142 124/14/50
f 260/14/50 125/14/51 249/19/142
f 347/20/143 242/20/146 243/21/151
f 349/22/152 244/22/152 228/18/152
f 343/18/152 245/18/152 247/22/152
f 351/23/228 246/23/153 244/22/154
f 350/22/154 247/22/154 352/23/230
f 353/24/155 248/24/155 229/19/155
f 345/19/232 249/19/155 251/24/155
f 355/25/156 250/25/156 248/24/157
f 354/24/157 251/24/157 356/25/233
f 357/26/158 252/26/158 231/21/158
f 348/21/158 243/21/158 254/26/158
f 314/27/165 253/27/159 252/26/160
f 358/26/160 254/26/160 359/27/159
f 362/49/241 367/49/258 266/13/242
f 364/9/246 321/9/248 322/9/245
f 365/50/247 133/9/999 321/9/248
f 360/9/236 366/9/249 364/9/246
f 366/9/249 367/49/237 365/50/247
f 263/29/235 264/28/236 366/9/249
f 264/28/236 266/13/1000 367/49/237
f 369/9/252 261/28/254 262/29/251
f 362/49/253 123/13/1001 261/28/254
f 361/9/239 370/9/255 369/9/252
f 370/9/255 371/50/257 362/49/253
f 318/9/238 319/9/256 370/9/255
f 319/9/256 134/9/256 371/50/257
f 371/50/241 365/50/260 367/49/258
f 134/9/259 133/9/1002 365/50/260
f 234/20/147 391/60/53 372/51/53
f 373/52/53 404/69/53 304/40/53
f 293/40/53 425/69/53 374/52/53
f 375/8/261 421/8/268 376/53/53
f 378/53/53 412/8/265 379/8/164
f 239/20/150 240/20/148 381/55/53
f 383/17/53 288/36/53 287/35/53
f 385/56/53 907/76/53 285/20/146
f 387/57/53 429/61/53 385/56/53
f 232/20/145 388/55/53 387/57/53
f 233/20/146 372/51/53 388/55/53
f 389/58/53 235/20/146 236/20/148
f 391/60/53 234/20/147 235/20/146
f 236/20/148 237/20/146 392/58/53
f 237/20/146 238/20/149 393/60/53
f 238/20/149 239/20/150 382/51/53
f 394/61/53 395/57/53 241/20/146
f 395/57/53 381/55/53 240/20/148
f 306/11/53 403/11/53 396/62/53
f 397/63/53 308/46/53 307/45/53
f 131/17/53 130/16/53 308/46/53
f 310/48/53 398/64/53 394/61/53
f 309/47/53 129/15/53 398/64/53
f 399/65/53 400/66/53 301/43/53
f 400/66/53 401/67/53 302/42/53
f 401/67/53 373/52/53 303/41/53
f 306/11/53 305/39/53 402/68/53
f 305/39/53 304/40/53 404/69/53
f 405/70/53 409/8/263 406/8/262
f 408/72/53 410/8/264 409/8/263
f 380/54/53 379/8/164 410/8/264
f 411/8/164 413/73/53 399/65/53
f 412/8/265 378/53/53 413/73/53
f 406/8/262 415/8/266 414/70/53
f 415/8/266 417/8/267 416/72/53
f 417/8/267 375/8/261 377/54/53
f 418/65/53 420/73/53 419/8/164
f 420/73/53 376/53/53 421/8/268
f 296/43/53 422/66/53 418/65/53
f 295/42/53 423/67/53 422/66/53
f 294/41/53 374/52/53 423/67/53
f 291/11/53 426/11/53 424/68/53
f 425/69/53 293/40/53 292/39/53
f 426/11/53 291/11/53 290/38/53
f 427/62/53 290/38/53 289/37/53
f 428/63/53 289/37/53 288/36/53
f 286/34/53 907/76/53 385/56/53
f 286/34/53 430/64/53 384/15/53
f 355/25/37 353/24/37 344/19/37
f 344/19/37 38/9/37 431/74/37
f 432/12/37 276/10/37 275/31/37
f 32/3/37 34/5/37 276/10/37
f 433/75/37 257/2/37 258/1/37
f 343/18/37 277/23/37 281/30/37
f 281/30/37 33/4/37 36/7/37
f 38/9/37 300/8/37 311/32/37
f 431/74/37 311/32/37 312/33/37
f 432/12/37 312/33/37 313/11/37
f 347/20/37 348/21/37 358/26/37
f 358/26/37 257/2/37 433/75/37
f 299/44/37 433/75/37 36/7/37
f 351/23/40 349/22/40 342/18/40
f 342/18/40 256/2/40 434/75/40
f 435/7/40 268/4/40 267/30/40
f 77/3/40 79/5/40 268/4/40
f 436/74/40 82/9/41 260/14/40
f 345/19/40 269/25/40 274/31/40
f 274/31/40 78/10/40 81/12/40
f 434/75/40 256/2/40 314/27/40
f 357/26/40 285/20/40 297/44/40
f 297/44/40 298/6/40 435/7/40
f 298/6/40 80/11/40 77/3/40
f 82/9/41 436/74/40 283/32/40
f 436/74/40 81/12/40 284/33/40
f 246/23/153 273/30/52 278/30/52
f 273/30/52 272/4/52 279/4/52
f 272/4/52 126/5/52 128/5/52
f 250/25/156 280/31/52 270/31/52
f 280/31/52 127/10/52 271/10/52
f 437/8/271 441/8/275 329/8/189
f 338/8/215 440/8/274 438/8/272
f 168/8/83 329/8/189 441/8/275
f 439/8/273 338/8/215 340/8/218
f 326/8/180 445/8/279 443/8/277
f 325/8/181 447/8/281 444/8/278
f 337/8/211 449/8/283 446/8/280
f 336/8/204 201/8/113 450/8/284
f 193/8/105 905/8/1003 448/8/282
f 452/8/286 905/8/1003 193/8/105
f 453/8/287 165/8/83 164/8/83
f 454/8/60 330/8/61 331/8/88
f 324/8/66 457/8/288 455/8/57
f 456/8/177 324/8/66 335/8/94
f 334/8/90 460/8/57 458/8/94
f 332/8/61 462/8/53 459/8/90
f 323/8/58 464/8/290 461/8/60
f 465/8/291 463/8/289 323/8/58
f 419/8/164 136/8/58 467/8/293
f 411/8/164 317/8/164 136/8/58
s 0
f 415/8/296 409/8/1004 410/8/297
f 419/8/298 375/8/1005 417/8/267
s 1
f 136/8/58 419/8/164 415/8/266
f 466/8/292 282/8/164 419/8/164
f 469/4/301 862/7/302 470/3/302
f 470/3/302 862/7/302 472/6/303
f 474/9/304 701/9/765 475/8/305
f 474/9/304 476/8/306 477/8/307
f 479/8/309 492/9/322 480/9/310
f 482/9/312 509/8/338 483/8/313
f 485/8/315 506/8/335 486/9/316
f 485/8/315 487/9/317 488/9/318
f 489/8/319 488/9/318 490/9/320
f 491/8/321 490/9/320 492/9/322
f 478/9/308 477/8/307 493/8/323
f 494/9/324 493/8/323 495/8/325
f 496/9/326 495/8/325 481/8/311
f 497/8/327 514/8/343 498/9/328
f 500/8/330 515/8/344 501/9/331
f 503/8/333 500/8/330 502/9/332
f 484/9/314 483/8/313 503/8/333
f 505/8/334 508/9/337 486/9/316
f 507/8/336 510/9/339 508/9/337
f 509/8/338 482/9/312 510/9/339
f 511/8/340 771/8/1006 512/9/341
f 514/8/343 511/8/340 513/9/342
f 499/9/329 501/9/331 515/8/344
f 516/10/345 519/12/346 517/3/346
f 519/12/346 721/33/347 520/11/347
f 521/9/348 751/8/1007 522/8/349
f 524/8/351 751/8/1007 521/9/348
f 526/9/353 539/9/366 527/8/354
f 529/9/356 552/9/379 530/8/357
f 532/8/359 761/9/1008 533/9/360
f 535/9/362 761/9/1008 532/8/359
f 537/9/364 535/9/362 536/8/363
f 539/9/366 537/9/364 538/8/365
f 540/8/367 524/8/351 525/9/352
f 542/8/369 540/8/367 541/9/368
f 528/8/355 542/8/369 543/9/370
f 544/9/371 560/8/387 545/8/372
f 547/9/374 561/8/388 548/8/375
f 549/9/376 548/8/375 550/8/377
f 552/9/379 551/9/378 550/8/377
f 553/8/380 534/8/361 533/9/360
f 555/8/382 553/8/380 554/9/381
f 531/8/358 555/8/382 556/9/383
f 557/9/384 770/8/1009 558/8/385
f 559/9/386 558/8/385 560/8/387
f 561/8/388 547/9/374 546/9/373
f 562/14/389 704/13/534 563/13/390
f 565/10/392 710/10/540 566/5/393
f 568/16/395 745/47/562 569/15/52
f 571/9/396 579/9/404 572/9/397
f 574/8/399 904/8/824 575/8/400
f 574/8/399 576/8/401 577/8/402
f 579/9/404 616/9/587 580/9/405
f 581/9/406 612/9/437 582/9/407
f 584/8/409 613/8/438 585/8/410
f 587/8/412 590/8/415 588/8/413
f 592/9/417 642/9/465 593/9/418
f 595/9/420 643/9/466 596/9/421
f 598/8/423 645/8/468 599/8/424
f 601/9/426 595/9/420 597/9/422
f 603/8/428 604/8/429 600/8/425
f 606/9/431 601/9/426 602/9/427
f 608/8/433 876/8/430 609/8/434
f 612/9/437 606/9/431 607/9/432
f 613/8/438 614/8/439 611/8/436
f 615/8/52 618/8/443 578/8/403
f 616/9/440 622/9/446 617/9/441
f 618/8/443 615/8/52 619/8/444
f 622/9/446 625/9/448 623/9/447
f 621/8/445 620/8/52 624/8/411
f 625/9/448 581/9/406 583/9/408
f 626/8/449 663/8/486 627/8/450
f 629/9/452 664/9/487 630/9/453
f 632/8/455 666/8/489 633/8/456
f 635/9/458 665/9/488 636/9/459
f 638/9/461 635/9/458 637/9/460
f 640/8/463 886/8/812 641/8/464
f 642/9/465 638/9/461 639/9/462
f 643/9/466 649/9/472 644/9/467
f 645/8/468 648/8/471 646/8/469
f 649/9/472 653/9/476 650/9/473
f 651/8/474 655/8/478 652/8/475
f 653/9/476 592/9/417 594/9/419
f 591/8/416 587/8/412 654/8/477
f 656/8/479 660/8/483 657/8/480
f 659/9/482 772/9/677 660/8/483
f 661/9/484 772/9/677 659/9/482
f 658/8/481 657/8/480 663/8/486
f 664/9/487 661/9/484 662/9/485
f 665/9/488 629/9/452 631/9/454
f 628/8/451 627/8/450 666/8/489
f 24/1/490 25/1/524 667/18/491
f 564/14/391 687/19/682 669/19/493
f 670/21/494 813/20/741 671/20/495
f 670/21/494 672/20/496 673/20/497
f 670/21/494 674/20/498 675/20/499
f 670/21/494 676/20/500 677/20/501
f 670/21/494 678/20/502 679/20/503
f 670/21/494 680/20/504 681/20/505
f 667/18/508 685/22/508 684/22/509
f 685/22/510 866/23/793 686/23/511
f 687/19/513 689/24/695 688/24/514
f 689/24/515 868/25/795 690/25/516
f 683/21/507 692/26/1010 691/26/518
f 692/26/519 786/27/702 693/27/520
f 694/2/522 26/2/568 24/1/490
f 25/1/524 29/2/569 696/2/525
f 523/9/527 776/14/683 564/14/391
f 699/29/529 564/14/391 563/13/390
f 701/9/531 755/9/1011 702/29/532
f 701/9/531 703/28/533 704/13/534
f 708/31/538 868/25/795 709/25/539
f 566/5/393 710/10/540 709/25/539
f 686/23/511 867/30/794 711/4/541
f 516/10/542 686/23/511 709/25/539
f 686/23/511 516/10/542 518/5/537
f 713/31/544 784/25/697 690/25/516
f 715/30/546 866/23/793 716/23/547
f 567/5/394 717/4/394 716/23/547
f 690/25/516 869/31/796 565/10/392
f 469/4/548 690/25/516 716/23/547
f 690/25/516 469/4/548 471/5/550
f 719/32/551 522/8/572 720/8/552
f 722/34/554 908/76/1012 723/20/555
f 725/36/554 724/35/556 723/20/555
f 727/38/556 726/37/554 723/20/555
f 729/39/554 728/11/556 723/20/555
f 731/41/556 730/40/554 723/20/555
f 733/43/554 732/42/554 723/20/555
f 734/6/557 720/8/552 723/20/555
f 720/8/552 734/6/557 520/11/553
f 736/44/559 779/20/687 682/20/506
f 737/43/395 752/8/573 475/8/561
f 739/41/395 738/42/395 475/8/561
f 741/39/395 740/40/395 475/8/561
f 743/45/395 742/11/395 475/8/561
f 568/16/395 744/46/395 475/8/561
f 746/48/563 745/47/562 475/8/561
f 682/20/506 475/8/561 747/32/564
f 682/20/506 748/33/565 473/11/566
f 749/27/567 693/27/520 26/2/568
f 29/2/569 786/27/702 750/27/570
f 751/8/571 758/8/584 720/8/552
f 752/8/573 574/8/399 476/8/574
f 523/9/575 698/9/1013 753/9/576
f 523/9/575 754/9/577 573/9/398
f 701/9/579 474/9/588 579/9/404
f 756/9/581 579/9/404 571/9/396
f 524/8/583 765/8/628 758/8/584
f 574/8/399 578/8/403 477/8/585
f 572/9/397 580/9/405 525/9/586
f 616/9/587 579/9/404 474/9/588
f 583/9/408 582/9/407 539/9/590
f 612/9/437 581/9/406 480/9/592
f 527/8/594 764/8/626 759/8/595
f 585/8/410 613/8/438 479/8/597
f 530/8/599 590/8/415 591/8/416
f 509/8/601 769/8/669 760/8/602
f 594/9/419 593/9/418 552/9/604
f 642/9/465 592/9/417 482/9/606
f 597/9/422 596/9/421 533/9/608
f 486/9/610 643/9/466 595/9/420
f 534/8/612 598/8/423 600/8/425
f 485/8/614 870/8/797 762/8/615
f 602/9/427 597/9/422 761/9/609
f 595/9/420 601/9/426 488/9/618
f 532/8/613 600/8/425 604/8/429
f 609/8/434 870/8/797 485/8/614
f 607/9/432 602/9/427 535/9/617
f 488/9/618 601/9/426 606/9/431
f 536/8/619 604/8/429 763/8/623
f 610/8/435 609/8/434 489/8/620
f 582/9/407 607/9/432 537/9/621
f 490/9/622 606/9/431 612/9/437
f 538/8/624 763/8/623 764/8/626
f 613/8/438 610/8/435 491/8/625
f 540/8/627 766/8/635 765/8/628
f 578/8/403 618/8/443 493/8/629
f 580/9/442 617/9/441 541/9/630
f 622/9/446 616/9/440 478/9/632
f 542/8/634 767/8/639 766/8/635
f 618/8/443 621/8/445 495/8/636
f 617/9/441 623/9/447 543/9/637
f 625/9/448 622/9/446 494/9/633
f 528/8/596 759/8/595 767/8/639
f 621/8/445 585/8/410 481/8/598
f 623/9/447 583/9/408 526/9/591
f 480/9/592 581/9/406 625/9/448
f 560/8/640 626/8/449 628/8/451
f 627/8/450 663/8/486 514/8/642
f 631/9/454 630/9/453 544/9/644
f 498/9/646 664/9/487 629/9/452
f 561/8/648 632/8/455 634/8/457
f 633/8/456 666/8/489 515/8/650
f 637/9/460 636/9/459 547/9/652
f 501/9/654 665/9/488 635/9/458
f 548/8/649 634/8/457 640/8/463
f 503/8/657 883/8/809 633/8/456
f 639/9/462 637/9/460 549/9/653
f 635/9/458 638/9/461 504/9/659
f 550/8/656 640/8/463 590/8/415
f 760/8/602 883/8/809 503/8/657
f 593/9/418 639/9/462 551/9/658
f 504/9/659 638/9/461 642/9/465
f 596/9/421 644/9/467 554/9/660
f 649/9/472 643/9/466 486/9/610
f 553/8/662 648/8/471 598/8/423
f 762/8/615 768/8/667 505/8/663
f 644/9/467 650/9/473 556/9/664
f 653/9/476 649/9/472 508/9/661
f 555/8/666 651/8/474 648/8/471
f 768/8/667 877/8/803 507/8/668
f 650/9/473 594/9/419 529/9/605
f 482/9/606 592/9/417 653/9/476
f 531/8/600 591/8/416 651/8/474
f 507/8/668 877/8/803 769/8/669
f 770/8/670 656/8/479 658/8/481
f 511/8/672 657/8/480 660/8/483
f 557/9/674 659/9/482 656/8/479
f 660/8/483 772/9/677 512/9/675
f 662/9/485 659/9/482 557/9/674
f 772/9/677 661/9/484 513/9/678
f 558/8/671 658/8/481 626/8/449
f 514/8/642 663/8/486 657/8/480
f 630/9/453 662/9/485 559/9/676
f 661/9/484 664/9/487 498/9/646
f 636/9/459 631/9/454 546/9/645
f 499/9/647 629/9/452 665/9/488
f 545/8/641 628/8/451 632/8/455
f 515/8/650 666/8/489 627/8/450
f 695/1/523 24/1/490 668/18/492
f 667/18/491 25/1/524 697/1/526
f 705/14/535 562/14/389 669/19/493
f 687/19/682 564/14/391 776/14/683
f 683/21/507 682/20/506 779/20/687
f 773/18/688 668/18/509 684/22/509
f 685/22/508 667/18/508 774/18/690
f 716/23/547 866/23/793 685/22/510
f 669/19/514 688/24/514 782/24/694
f 689/24/695 687/19/513 777/19/696
f 688/24/517 690/25/516 784/25/697
f 709/25/539 868/25/795 689/24/515
f 778/21/700 670/21/518 691/26/518
f 787/26/775 692/26/1010 683/21/507
f 785/26/701 691/26/521 693/27/520
f 786/27/702 692/26/519 787/26/703
f 704/13/710 795/49/731 790/49/711
f 791/9/714 756/9/713 757/9/715
f 757/9/715 571/9/1014 793/50/717
f 788/9/705 791/9/714 792/9/716
f 794/9/718 792/9/716 793/50/717
f 788/9/705 794/9/718 703/28/720
f 703/28/720 794/9/718 795/49/719
f 796/9/723 699/29/722 700/28/724
f 700/28/724 563/13/1015 790/49/726
f 789/9/708 796/9/723 797/9/725
f 798/9/727 797/9/725 790/49/726
f 789/9/708 798/9/727 754/9/729
f 754/9/729 798/9/727 799/50/728
f 795/49/731 793/50/733 799/50/732
f 793/50/733 571/9/1016 573/9/734
f 800/51/735 818/60/746 674/20/498
f 740/40/395 831/69/52 801/52/52
f 802/52/52 853/69/52 730/40/554
f 803/53/52 847/8/758 804/8/736
f 806/8/737 840/8/755 807/53/52
f 809/55/738 680/20/504 679/20/503
f 811/17/52 858/15/52 724/35/556
f 723/20/555 908/76/1012 812/56/740
f 812/56/740 856/61/759 814/57/742
f 814/57/742 815/55/743 672/20/496
f 815/55/743 800/51/735 673/20/497
f 676/20/500 675/20/499 816/58/744
f 675/20/499 674/20/498 818/60/746
f 819/58/747 677/20/501 676/20/500
f 820/60/748 678/20/502 677/20/501
f 810/51/739 679/20/503 678/20/502
f 681/20/505 822/57/750 821/61/749
f 680/20/504 809/55/738 822/57/750
f 742/11/395 743/45/395 823/62/52
f 743/45/395 744/46/395 825/63/52
f 744/46/395 568/16/395 570/17/52
f 821/61/749 826/64/751 746/48/563
f 826/64/751 569/15/52 745/47/562
f 737/43/395 828/66/52 827/65/52
f 738/42/395 829/67/52 828/66/52
f 739/41/395 801/52/52 829/67/52
f 830/68/52 741/39/395 742/11/395
f 831/69/52 740/40/395 741/39/395
f 832/8/752 835/8/753 833/70/52
f 835/8/753 837/8/754 836/72/52
f 837/8/754 806/8/737 808/54/52
f 827/65/52 839/73/52 838/8/737
f 839/73/52 807/53/52 840/8/755
f 841/70/52 843/8/756 832/8/752
f 842/72/52 844/8/757 843/8/756
f 805/54/52 804/8/736 844/8/757
f 845/8/737 848/73/52 846/65/52
f 847/8/758 803/53/52 848/73/52
f 846/65/52 849/66/52 733/43/554
f 849/66/52 850/67/52 732/42/554
f 850/67/52 802/52/52 731/41/556
f 728/11/556 729/39/554 851/68/52
f 729/39/554 730/40/554 853/69/52
f 852/11/52 854/62/52 727/38/556
f 854/62/52 855/63/52 726/37/554
f 855/63/52 811/17/52 725/36/554
f 812/56/740 908/76/1012 722/34/554
f 722/34/554 724/35/556 858/15/52
f 713/31/760 775/19/763 782/24/761
f 775/19/763 713/31/760 859/74/764
f 713/31/760 714/10/301 860/12/302
f 714/10/301 471/5/301 470/3/302
f 861/75/767 774/18/770 697/1/768
f 774/18/770 861/75/767 718/30/771
f 862/7/302 469/4/301 718/30/771
f 701/9/765 859/74/764 747/32/774
f 859/74/764 860/12/302 748/33/303
f 860/12/302 470/3/302 473/11/303
f 736/44/686 861/75/767 696/2/769
f 736/44/686 472/6/303 862/7/302
f 706/30/536 773/18/778 780/22/692
f 706/30/536 864/75/780 694/2/777
f 706/30/536 707/4/345 863/7/346
f 707/4/345 518/5/345 517/3/346
f 865/74/781 777/19/783 776/14/782
f 777/19/783 865/74/781 712/31/784
f 519/12/346 516/10/345 712/31/784
f 864/75/780 785/26/788 749/27/787
f 785/26/788 864/75/780 735/44/789
f 863/7/346 734/6/347 735/44/789
f 517/3/346 520/11/347 734/6/347
f 522/8/349 719/32/792 865/74/781
f 721/33/347 519/12/346 865/74/781
f 715/30/546 867/30/794 686/23/511
f 717/4/394 711/4/541 867/30/794
f 567/5/394 566/5/393 711/4/541
f 708/31/538 869/31/796 690/25/516
f 710/10/540 565/10/392 869/31/796
f 870/8/797 875/8/802 871/8/798
f 768/8/667 762/8/615 872/8/799
f 875/8/802 870/8/797 609/8/434
f 877/8/803 768/8/667 874/8/801
f 769/8/669 877/8/803 878/8/804
f 760/8/602 769/8/669 880/8/806
f 883/8/809 760/8/602 882/8/808
f 886/8/812 640/8/463 634/8/457
f 633/8/456 883/8/809 885/8/811
f 633/8/456 888/8/814 889/8/815
f 604/8/429 605/8/430 890/8/816
f 764/8/626 763/8/623 891/8/402
f 759/8/595 764/8/626 892/8/817
f 767/8/639 759/8/595 894/8/819
f 766/8/635 767/8/639 895/8/820
f 765/8/628 766/8/635 897/8/444
f 758/8/584 765/8/628 899/8/402
f 758/8/584 901/8/821 902/8/822
f 845/8/737 906/8/1017 904/8/824
f 574/8/399 752/8/573 838/8/737
f 806/8/737 837/8/754 835/8/753
f 843/8/756 844/8/757 804/8/736
f 574/8/399 806/8/737 843/8/756
f 903/8/823 906/8/1017 845/8/737
f 569/15/825 129/15/825 131/17/826
f 575/8/827 904/8/996 467/8/828
f 575/8/827 135/8/829 137/8/830
f 577/8/832 576/8/831 137/8/830
f 584/8/834 586/8/864 147/8/835
f 588/8/837 202/8/868 148/8/838
f 587/8/840 589/8/1018 148/8/841
f 645/8/843 208/8/1019 158/8/844
f 603/8/846 599/8/845 158/8/844
f 603/8/846 163/8/847 165/8/848
f 608/8/850 169/8/852 442/8/40
f 608/8/850 611/8/854 171/8/851
f 614/8/853 174/8/855 171/8/851
f 584/8/834 146/8/836 174/8/855
f 615/8/856 577/8/832 138/8/833
f 619/8/858 615/8/856 175/8/857
f 619/8/858 179/8/859 180/8/860
f 624/8/862 620/8/861 180/8/860
f 624/8/862 184/8/863 147/8/835
f 886/8/865 450/8/967 200/8/866
f 588/8/837 641/8/867 200/8/866
f 646/8/869 213/8/878 206/8/870
f 645/8/872 647/8/1020 206/8/873
f 655/8/875 216/8/881 211/8/876
f 646/8/869 652/8/877 211/8/876
f 587/8/840 150/8/842 215/8/879
f 655/8/875 654/8/880 215/8/879
f 786/27/882 359/27/882 253/27/882
f 26/2/883 693/27/1021 253/27/884
f 29/2/886 16/2/1022 359/27/887
f 818/60/889 800/51/906 372/51/890
f 831/69/891 404/69/923 373/52/892
f 802/52/893 374/52/893 425/69/894
f 805/54/895 377/54/895 376/53/896
f 807/53/897 378/53/897 380/54/898
f 810/51/899 382/51/899 381/55/900
f 811/17/901 383/17/901 384/15/902
f 856/61/903 429/61/903 387/57/904
f 814/57/904 387/57/904 388/55/905
f 815/55/905 388/55/905 372/51/890
f 816/58/907 389/58/908 390/59/36
f 816/58/907 818/60/889 391/60/889
f 817/59/36 390/59/36 392/58/909
f 819/58/910 392/58/909 393/60/911
f 820/60/912 393/60/911 382/51/899
f 822/57/913 395/57/913 394/61/914
f 809/55/900 381/55/900 395/57/913
f 823/62/915 396/62/915 403/11/40
f 825/63/916 397/63/916 396/62/915
f 570/17/826 131/17/826 397/63/916
f 821/61/914 394/61/914 398/64/917
f 826/64/917 398/64/917 129/15/825
f 828/66/918 400/66/918 399/65/919
f 829/67/920 401/67/921 400/66/918
f 801/52/892 373/52/892 401/67/921
f 824/11/40 403/11/40 402/68/922
f 830/68/922 402/68/922 404/69/923
f 833/70/924 405/70/924 407/71/49
f 836/72/925 408/72/925 405/70/924
f 808/54/898 380/54/898 408/72/925
f 827/65/919 399/65/919 413/73/926
f 839/73/926 413/73/926 378/53/897
f 834/71/49 407/71/49 414/70/927
f 841/70/927 414/70/927 416/72/928
f 842/72/928 416/72/928 377/54/895
f 848/73/929 420/73/929 418/65/930
f 803/53/896 376/53/896 420/73/929
f 846/65/930 418/65/930 422/66/931
f 849/66/931 422/66/931 423/67/932
f 850/67/932 423/67/932 374/52/893
f 851/68/933 424/68/933 426/11/37
f 853/69/894 425/69/894 424/68/933
f 852/11/37 426/11/37 427/62/934
f 854/62/934 427/62/934 428/63/935
f 855/63/935 428/63/935 383/17/901
f 857/64/936 430/64/936 429/61/903
f 858/15/902 384/15/902 430/64/936
f 26/2/937 13/2/937 16/2/938
f 871/8/939 875/8/40 441/8/40
f 872/8/941 871/8/939 437/8/940
f 872/8/941 438/8/942 440/8/943
f 874/8/945 873/8/944 440/8/943
f 876/8/40 442/8/40 441/8/40
f 878/8/947 874/8/945 439/8/946
f 878/8/947 443/8/948 445/8/949
f 880/8/951 879/8/950 445/8/949
f 880/8/951 444/8/952 447/8/953
f 882/8/955 881/8/954 447/8/953
f 882/8/955 446/8/956 449/8/957
f 885/8/959 884/8/958 449/8/957
f 885/8/959 448/8/960 905/8/961
f 888/8/962 905/8/961 452/8/963
f 887/8/965 889/8/964 452/8/963
f 886/8/865 887/8/965 451/8/966
f 605/8/849 165/8/848 453/8/968
f 890/8/969 453/8/968 454/8/970
f 892/8/972 891/8/971 454/8/970
f 892/8/972 455/8/973 457/8/974
f 893/8/975 457/8/974 456/8/976
f 894/8/977 456/8/976 458/8/978
f 895/8/979 458/8/978 460/8/980
f 897/8/982 896/8/981 460/8/980
f 897/8/982 459/8/983 462/8/984
f 898/8/985 462/8/984 461/8/986
f 900/8/988 899/8/987 461/8/986
f 900/8/988 464/8/989 463/8/990
f 901/8/991 463/8/990 465/8/992
f 902/8/993 465/8/992 466/8/994
f 906/8/995 468/8/997 467/8/828
f 906/8/995 903/8/994 466/8/994
f 30/1/34 18/1/1023 28/2/35
f 219/8/131 73/8/39 72/9/38
f 736/44/686 787/26/775 683/21/507
f 780/22/692 684/22/512 686/23/511
