# Blender 5.0.1
# www.blender.org
mtllib lego_leg_r.mtl
o lego_obj.010
v 0.203865 0.008762 0.389202
v 0.200597 0.035919 0.045680
v 0.203865 0.008762 0.042408
v 0.107441 0.008762 0.389202
v 0.200597 0.035919 0.385930
v 0.110708 0.035919 0.045680
v 0.110708 0.035919 0.385930
v 0.107441 0.008762 0.042408
v 0.200152 0.039594 0.046121
v 0.204306 0.005092 0.389643
v 0.200152 0.039594 0.385489
v 0.106999 0.005092 0.389643
v 0.111150 0.039594 0.385489
v 0.106996 0.005092 0.041967
v 0.111150 0.039594 0.046121
v 0.204306 0.005092 0.041967
v 0.217306 0.011998 0.402643
v 0.214035 0.039159 0.032238
v 0.214035 0.039159 0.399372
v 0.093999 0.011998 0.402643
v 0.097267 0.039159 0.399372
v 0.093999 0.011998 0.028967
v 0.097267 0.039159 0.032238
v 0.210635 0.051927 0.035642
v 0.210635 0.051927 0.395968
v 0.217306 0.011998 0.028967
v 0.207328 0.023389 0.394920
v 0.207328 0.023389 0.036690
v 0.100671 0.051927 0.395968
v 0.100117 0.021738 0.396522
v 0.100671 0.051927 0.035642
v 0.100117 0.021738 0.035088
v 0.209180 0.059363 0.026509
v 0.106996 0.103423 0.026509
v 0.209180 0.103423 0.026509
v -0.176414 0.060650 0.026509
v 0.106996 0.057067 0.026509
v 0.106996 0.201757 0.026509
v -0.174426 0.468394 0.026509
v 0.105176 0.468394 0.026509
v 0.105183 0.473811 0.026509
v -0.174426 0.548736 0.026509
v 0.147609 0.528089 0.026509
v -0.174412 0.532181 0.026509
v -0.147055 0.703551 0.026509
v 0.152482 0.682214 0.026509
v -0.158926 0.683034 0.026509
v 0.167887 0.625358 0.026509
v -0.174426 0.605234 0.026509
v -0.176284 0.625285 0.026509
v 0.166555 0.585401 0.026509
v -0.174412 0.585503 0.026509
v 0.162814 0.566069 0.026509
v -0.174391 0.566557 0.026509
v 0.156703 0.547067 0.026509
v -0.174408 0.503096 0.026509
v 0.121784 0.491775 0.026509
v -0.174405 0.517028 0.026509
v 0.136298 0.509736 0.026509
v -0.070121 0.769336 0.026509
v 0.041824 0.775819 0.026509
v 0.058137 0.770402 0.026509
v -0.110404 0.744497 0.026509
v 0.084218 0.757613 0.026509
v 0.105699 0.742926 0.026509
v -0.130658 0.724545 0.026509
v 0.126380 0.722455 0.026509
v 0.141911 0.701875 0.026509
v -0.173139 0.643831 0.026509
v 0.165401 0.643813 0.026509
v -0.167056 0.663264 0.026509
v 0.160475 0.662668 0.026509
v -0.046512 0.778094 0.026509
v 0.008689 0.782673 0.026509
v 0.025195 0.780029 0.026509
v -0.058383 0.774041 0.026509
v -0.090374 0.758338 0.026509
v 0.209180 0.147485 0.405101
v 0.106996 0.103423 0.405101
v 0.209180 0.103423 0.405101
v 0.106996 0.149782 0.405101
v -0.176414 0.105859 0.405101
v -0.174426 0.468857 0.388262
v 0.106996 0.201757 0.405101
v 0.105176 0.468857 0.388262
v 0.105183 0.474259 0.387866
v -0.174408 0.490699 0.386653
v 0.147609 0.528394 0.383876
v -0.174426 0.548985 0.382358
v -0.174412 0.532472 0.383574
v -0.147055 0.703379 0.370981
v 0.152482 0.682102 0.372552
v 0.141911 0.701707 0.371104
v 0.167887 0.625400 0.376727
v -0.174426 0.605329 0.378207
v 0.168514 0.605329 0.378207
v 0.166555 0.585552 0.379665
v -0.174412 0.585650 0.379658
v 0.162814 0.566269 0.381085
v -0.174391 0.566756 0.381050
v 0.156703 0.547320 0.382481
v -0.174408 0.503467 0.385713
v 0.121784 0.492175 0.386544
v -0.174405 0.517361 0.384689
v 0.136298 0.510090 0.385226
v 0.041824 0.775454 0.365673
v -0.070121 0.768986 0.366147
v 0.058137 0.770048 0.366069
v 0.084218 0.757293 0.367009
v -0.110404 0.744213 0.367973
v 0.105699 0.742649 0.368089
v -0.130658 0.724317 0.369439
v 0.126380 0.722231 0.369593
v -0.173139 0.643824 0.375371
v -0.176284 0.625323 0.376734
v 0.165401 0.643803 0.375371
v -0.167056 0.663201 0.373944
v -0.158926 0.682919 0.372489
v 0.008689 0.782287 0.365168
v -0.046512 0.777719 0.365505
v 0.025195 0.779651 0.365361
v -0.058383 0.773680 0.365803
v -0.090374 0.758019 0.366956
v 0.119649 0.201757 0.041967
v 0.204306 0.201757 0.389643
v 0.204306 0.201757 0.041967
v 0.209180 0.147485 0.389643
v 0.209180 0.103423 0.041967
v 0.209180 0.147485 0.041967
v -0.176414 0.057912 0.041967
v -0.176414 0.077724 0.135680
v -0.176414 0.084680 0.133566
v 0.106912 0.214406 0.041935
v 0.105176 0.468839 0.373491
v 0.106912 0.214385 0.388879
v -0.174426 0.468412 0.041279
v -0.174426 0.472040 0.152312
v -0.174412 0.485801 0.126358
v -0.174408 0.490401 0.120941
v -0.174408 0.490310 0.041213
v 0.105176 0.468411 0.041279
v 0.105183 0.474242 0.373109
v 0.147609 0.528103 0.041101
v 0.156703 0.547309 0.367945
v 0.147609 0.528380 0.369284
v -0.174426 0.548771 0.076672
v -0.174412 0.532191 0.041087
v -0.174412 0.532227 0.084329
v -0.147055 0.703386 0.356915
v -0.147998 0.701798 0.290555
v -0.158926 0.682940 0.308421
v -0.158926 0.682922 0.358363
v 0.152482 0.682210 0.040638
v 0.141911 0.701714 0.357035
v 0.152482 0.682105 0.358419
v 0.168514 0.605238 0.040869
v 0.167887 0.625397 0.362427
v 0.168514 0.605325 0.363847
v -0.176284 0.625323 0.362434
v -0.174426 0.605318 0.337692
v -0.174426 0.605325 0.363847
v 0.166555 0.585408 0.040929
v 0.166555 0.585545 0.365242
v -0.174422 0.598250 0.338460
v -0.174412 0.585643 0.365235
v -0.174412 0.585632 0.337089
v 0.162814 0.566076 0.040985
v 0.162814 0.566262 0.366606
v -0.174412 0.583560 0.067536
v -0.174412 0.585506 0.040929
v -0.174391 0.566564 0.040985
v -0.174391 0.566581 0.071273
v 0.156703 0.547078 0.041045
v -0.174426 0.548746 0.041038
v -0.174412 0.554871 0.073853
v -0.174408 0.503176 0.105897
v -0.174408 0.503110 0.041174
v 0.105183 0.473828 0.041262
v 0.121784 0.492161 0.371844
v -0.174408 0.504821 0.103966
v -0.174405 0.517091 0.094636
v -0.174405 0.517042 0.041132
v 0.121784 0.491789 0.041209
v 0.136298 0.510076 0.370578
v -0.174412 0.528209 0.086187
v 0.136298 0.509750 0.041157
v -0.070121 0.769322 0.040375
v -0.058383 0.773694 0.351947
v -0.058383 0.774027 0.040361
v 0.058137 0.770388 0.040375
v 0.041824 0.775468 0.351821
v 0.058137 0.770062 0.352203
v -0.110404 0.744486 0.040452
v -0.090374 0.758030 0.353055
v -0.090374 0.758324 0.040410
v 0.105699 0.742916 0.040456
v 0.084218 0.757307 0.353104
v 0.105699 0.742660 0.354142
v 0.126380 0.722444 0.040519
v 0.126380 0.722241 0.355583
v -0.130658 0.724327 0.355436
v -0.135433 0.718287 0.266238
v -0.147055 0.703421 0.288164
v 0.141911 0.701868 0.040578
v 0.167887 0.625362 0.040810
v 0.165401 0.643806 0.361126
v -0.173139 0.643824 0.361126
v -0.175919 0.627455 0.335284
v -0.176284 0.625320 0.335519
v 0.165401 0.643813 0.040754
v 0.160475 0.662612 0.359797
v -0.167056 0.663205 0.359755
v -0.169538 0.655295 0.325905
v -0.173139 0.643824 0.329769
v 0.160475 0.662668 0.040698
v -0.159946 0.680471 0.310760
v -0.167056 0.663212 0.321141
v -0.046512 0.778080 0.040350
v -0.034784 0.780773 0.351446
v -0.034784 0.781123 0.040340
v 0.008689 0.782301 0.351341
v 0.008689 0.782655 0.040336
v 0.025195 0.780012 0.040343
v 0.025195 0.779665 0.351527
v -0.046512 0.777737 0.351663
v 0.041824 0.775805 0.040358
v 0.084218 0.757598 0.040410
v -0.070121 0.769000 0.352280
v 0.207013 0.005632 0.041967
v 0.207013 0.201217 0.389643
v -0.175870 0.007255 0.389643
v -0.176414 0.009961 0.331452
v -0.176414 0.009961 0.308323
v -0.176414 0.009961 0.285194
v -0.176414 0.009961 0.262066
v -0.176414 0.009961 0.238934
v -0.176414 0.009961 0.215805
v -0.176414 0.009961 0.186832
v -0.176414 0.009961 0.157859
v -0.176414 0.009961 0.128886
v -0.176414 0.009961 0.099913
v -0.176414 0.009961 0.070940
v -0.176414 0.009961 0.041967
v -0.175870 0.007255 0.041967
v 0.208636 0.007255 0.041967
v 0.207013 0.005632 0.389643
v 0.209180 0.009961 0.041967
v 0.208636 0.007255 0.389643
v 0.208636 0.199590 0.389643
v 0.207013 0.201217 0.041967
v 0.209180 0.196884 0.389643
v 0.208636 0.199590 0.041967
v -0.174247 0.005632 0.041967
v -0.171540 0.005092 0.041967
v -0.174247 0.005632 0.389643
v 0.106999 0.005092 0.405101
v 0.204306 0.005092 0.026509
v 0.204306 0.201757 0.405101
v 0.106996 0.201757 0.402293
v 0.115431 0.201757 0.393861
v 0.111213 0.201757 0.398075
v 0.111213 0.201757 0.033531
v 0.115431 0.201757 0.037749
v 0.204306 0.201757 0.026509
v 0.209180 0.015304 0.405101
v 0.209180 0.009961 0.389643
v 0.209180 0.059363 0.405101
v 0.209180 0.191544 0.389643
v 0.209180 0.196884 0.405101
v 0.209180 0.103423 0.389643
v 0.209180 0.059363 0.389643
v 0.209180 0.015304 0.389643
v 0.209180 0.191544 0.405101
v 0.209180 0.191544 0.026509
v 0.209180 0.196884 0.041967
v 0.209180 0.147485 0.026509
v 0.209180 0.015304 0.041967
v 0.209180 0.009961 0.026509
v 0.209180 0.059363 0.041967
v 0.209180 0.191544 0.041967
v 0.209180 0.015304 0.026509
v -0.176414 0.196277 0.405101
v -0.176414 0.201757 0.389643
v -0.176414 0.151068 0.405101
v -0.176414 0.055160 0.389643
v -0.176414 0.009961 0.405101
v -0.176414 0.065299 0.389643
v -0.176414 0.075442 0.389643
v -0.176414 0.085581 0.389643
v -0.176414 0.095720 0.389643
v -0.176414 0.105859 0.389643
v -0.176414 0.121843 0.389643
v -0.176414 0.137826 0.389643
v -0.176414 0.153806 0.389643
v -0.176414 0.169790 0.389643
v -0.176414 0.185774 0.389643
v -0.176414 0.015441 0.405101
v -0.176414 0.060650 0.405101
v -0.176414 0.015441 0.026509
v -0.176414 0.185774 0.041967
v -0.176414 0.201757 0.026509
v -0.176414 0.169790 0.041967
v -0.176414 0.153806 0.041967
v -0.176414 0.137826 0.041967
v -0.176414 0.121843 0.041967
v -0.176414 0.105859 0.041967
v -0.176414 0.089876 0.041967
v -0.176414 0.073892 0.041967
v -0.176414 0.041929 0.041967
v -0.176414 0.025945 0.041967
v -0.176414 0.196277 0.026509
v -0.176414 0.151068 0.026509
v -0.176414 0.105859 0.026509
v -0.171540 0.005092 0.405101
v -0.171540 0.005092 0.389643
v 0.106996 0.005092 0.026509
v -0.176414 0.201757 0.405101
v -0.176414 0.201757 0.041967
v 0.106968 0.205968 0.397823
v 0.106940 0.210175 0.393349
v 0.106996 0.201757 0.029317
v 0.106940 0.210192 0.037728
v 0.106968 0.205975 0.033521
v -0.174426 0.468839 0.373491
v -0.174412 0.532461 0.368993
v -0.147055 0.703544 0.040575
v -0.158926 0.683027 0.040634
v 0.168514 0.605234 0.026509
v -0.176284 0.625285 0.040810
v -0.174426 0.605238 0.040869
v -0.174391 0.566746 0.366571
v -0.174426 0.548974 0.367829
v -0.174408 0.490685 0.371949
v -0.174408 0.490296 0.026509
v -0.174408 0.503450 0.371044
v -0.174405 0.517347 0.370063
v -0.110404 0.744227 0.354030
v -0.130658 0.724534 0.040512
v -0.173139 0.643831 0.040754
v 0.160475 0.662609 0.373986
v -0.167056 0.663261 0.040694
v -0.034784 0.780755 0.365281
v 0.204306 0.005092 0.405101
v 0.207013 0.005632 0.026509
v 0.207013 0.201217 0.405101
v -0.175870 0.007255 0.405101
v -0.175870 0.007255 0.026509
v 0.207013 0.005632 0.405101
v 0.208636 0.007255 0.026509
v 0.208636 0.007255 0.405101
v 0.207013 0.201217 0.026509
v 0.208636 0.199590 0.405101
v 0.208636 0.199590 0.026509
v -0.174247 0.005632 0.026509
v -0.174247 0.005632 0.405101
v -0.171540 0.005092 0.026509
v 0.109800 0.203163 0.033528
v 0.108384 0.204562 0.397907
v 0.115403 0.205968 0.389387
v 0.119649 0.201757 0.389643
v 0.108384 0.204569 0.033524
v 0.109769 0.207381 0.037735
v 0.111157 0.210192 0.041946
v 0.112602 0.204569 0.037742
v 0.115403 0.205975 0.041956
v 0.109800 0.203159 0.397991
v 0.112602 0.204562 0.393689
v 0.109769 0.207370 0.393521
v 0.111157 0.210175 0.389131
v -0.176414 0.032732 0.258981
v -0.176414 0.127039 0.133566
v -0.176414 0.127039 0.298044
v -0.176414 0.169271 0.272289
v -0.176414 0.201757 0.302724
v -0.176414 0.178986 0.258981
v -0.176414 0.201757 0.128886
v -0.176414 0.169271 0.159321
v -0.176414 0.178986 0.172629
v -0.176414 0.042447 0.159321
v -0.176414 0.032732 0.172629
v -0.176414 0.084680 0.298044
v -0.176414 0.077724 0.295930
v -0.176414 0.026895 0.358945
v -0.176414 0.009961 0.354584
v -0.176414 0.053628 0.282765
v -0.176414 0.042447 0.272289
v -0.176414 0.022001 0.229198
v -0.176414 0.020939 0.215805
v -0.176414 0.025770 0.244045
v -0.176414 0.022001 0.202412
v -0.176414 0.025770 0.187561
v -0.176414 0.064840 0.141448
v -0.176414 0.053628 0.148845
v -0.176414 0.098900 0.131168
v -0.176414 0.091793 0.132055
v -0.176414 0.071070 0.138334
v -0.176414 0.146879 0.141448
v -0.176414 0.140649 0.138334
v -0.176414 0.133994 0.135680
v -0.176414 0.112819 0.131168
v -0.176414 0.105859 0.130884
v -0.176414 0.119929 0.132055
v -0.176414 0.201757 0.215805
v -0.176414 0.189718 0.202412
v -0.176414 0.190780 0.215805
v -0.176414 0.201757 0.186832
v -0.176414 0.185949 0.187561
v -0.176414 0.201757 0.157859
v -0.176414 0.201757 0.070940
v -0.176414 0.158091 0.148845
v -0.176414 0.201757 0.099913
v -0.176414 0.189718 0.229198
v -0.176414 0.185949 0.244045
v -0.176414 0.201757 0.244778
v -0.176414 0.201757 0.273751
v -0.176414 0.201757 0.360670
v -0.176414 0.146879 0.290162
v -0.176414 0.201757 0.331697
v -0.176414 0.158091 0.282765
v -0.176414 0.140649 0.293272
v -0.176414 0.133994 0.295930
v -0.176414 0.112819 0.300442
v -0.176414 0.119929 0.299555
v -0.176414 0.105859 0.300726
v -0.176414 0.098900 0.300442
v -0.176414 0.091793 0.299555
v -0.176414 0.064840 0.290162
v -0.176414 0.071070 0.293272
v 0.106996 0.196137 0.026509
v 0.106996 0.149782 0.026509
v 0.106996 0.010708 0.026509
v 0.106999 0.010708 0.405101
v 0.106996 0.057067 0.405101
v 0.106996 0.196137 0.405101
v -0.175137 0.612940 0.067536
v -0.176284 0.625288 0.070256
v -0.173511 0.641629 0.073853
v -0.173139 0.643831 0.074870
v -0.174426 0.605245 0.067536
v -0.174412 0.585517 0.067536
v -0.167056 0.663254 0.083856
v -0.164984 0.668295 0.086187
v -0.158926 0.683010 0.097374
v -0.153905 0.691680 0.103966
v -0.147055 0.703505 0.117884
v -0.141428 0.710700 0.126358
v -0.130658 0.724460 0.152309
v -0.130658 0.724394 0.250903
v -0.125819 0.729158 0.238948
v -0.121009 0.733912 0.209957
v -0.174394 0.569046 0.335284
v -0.174391 0.566728 0.334505
v -0.174426 0.548946 0.328514
v -0.174419 0.541205 0.325905
v -0.174412 0.532419 0.320618
v -0.174405 0.517291 0.311517
v -0.174405 0.516033 0.310760
v -0.174408 0.503376 0.298769
v -0.174408 0.494703 0.290555
v -0.174408 0.490583 0.284483
v -0.174419 0.478218 0.266238
v -0.174426 0.468671 0.242282
v -0.174436 0.467342 0.238948
v -0.174471 0.462588 0.209957
v -0.174426 0.468569 0.164804
v -0.174461 0.464180 0.180619
v 0.106996 0.103423 0.045792
v 0.195545 0.059363 0.040144
v 0.195545 0.103423 0.040144
v -0.162775 0.060650 0.040144
v -0.162775 0.105859 0.040144
v -0.162761 0.201704 0.040126
v 0.091559 0.468355 0.040161
v -0.160805 0.468338 0.040158
v -0.160774 0.490288 0.040144
v 0.094381 0.478046 0.041907
v 0.135443 0.534730 0.039916
v -0.160784 0.548729 0.040137
v -0.160777 0.532188 0.040144
v -0.135513 0.695757 0.039846
v 0.139948 0.676303 0.039916
v 0.130163 0.694344 0.039818
v 0.154080 0.624215 0.039923
v -0.161008 0.605858 0.040343
v 0.154617 0.605700 0.039867
v 0.152871 0.587399 0.039944
v -0.160777 0.585513 0.040140
v 0.149365 0.569523 0.039888
v -0.160763 0.566553 0.040151
v 0.143773 0.552221 0.039853
v -0.160774 0.503096 0.040144
v 0.111361 0.500785 0.039996
v -0.160774 0.517028 0.040144
v 0.124950 0.517771 0.039867
v 0.037953 0.762577 0.039979
v -0.064213 0.756771 0.039888
v 0.052868 0.757514 0.039849
v 0.077199 0.745570 0.039832
v -0.101481 0.733713 0.039772
v 0.096783 0.732121 0.039758
v -0.120273 0.715289 0.039863
v 0.115890 0.713280 0.039835
v -0.159606 0.640584 0.039856
v -0.162137 0.624748 0.039600
v 0.151774 0.641128 0.039884
v -0.154060 0.658570 0.039958
v 0.147275 0.658268 0.039860
v -0.146441 0.676888 0.039856
v 0.007823 0.768660 0.039726
v -0.042550 0.764873 0.039975
v 0.022401 0.766483 0.039944
v -0.053601 0.761147 0.040024
v -0.083117 0.746523 0.039909
v 0.106996 0.103423 0.385818
v 0.195545 0.147485 0.391466
v 0.195545 0.103423 0.391466
v -0.162775 0.105859 0.391466
v 0.106996 0.149782 0.385818
v -0.162898 0.201277 0.391358
v 0.091584 0.467886 0.374620
v 0.101425 0.195548 0.387718
v -0.160774 0.489693 0.373053
v 0.094146 0.477257 0.372342
v -0.160784 0.547975 0.368765
v 0.135257 0.534183 0.370248
v -0.160777 0.531476 0.369975
v -0.135724 0.694793 0.357953
v 0.140130 0.675321 0.359387
v -0.146620 0.675924 0.359394
v 0.154119 0.623307 0.363391
v -0.160987 0.604908 0.364386
v -0.162151 0.623914 0.363692
v 0.152804 0.586600 0.366189
v -0.160777 0.584658 0.366059
v 0.149256 0.568804 0.367612
v -0.160763 0.565747 0.367444
v 0.143622 0.551593 0.368972
v -0.160774 0.502465 0.372114
v 0.111133 0.500410 0.372741
v -0.160774 0.516359 0.371090
v 0.124746 0.517326 0.371588
v -0.064395 0.755867 0.353231
v 0.038087 0.761700 0.352684
v 0.053029 0.756627 0.353203
v -0.101702 0.732780 0.355117
v 0.077399 0.744665 0.354132
v 0.097000 0.731192 0.355247
v -0.120504 0.714328 0.356442
v 0.116115 0.712323 0.356621
v 0.130366 0.693380 0.358097
v -0.159708 0.639659 0.362174
v 0.151858 0.640192 0.362129
v -0.154210 0.657599 0.360698
v 0.147412 0.657315 0.360828
v -0.042687 0.763990 0.352519
v 0.007851 0.767811 0.352456
v 0.022499 0.765617 0.352417
v -0.053765 0.760249 0.352761
v -0.083327 0.745601 0.353995
v 0.114179 0.183372 0.387666
v 0.202406 0.182569 0.041967
v 0.202406 0.182569 0.389643
v 0.189897 0.147485 0.389643
v 0.189897 0.103423 0.041967
v 0.189897 0.103423 0.389643
v -0.157131 0.077724 0.135680
v -0.157131 0.057912 0.041967
v -0.157131 0.084680 0.133566
v 0.085894 0.468787 0.373491
v 0.088586 0.208734 0.043895
v 0.088632 0.208548 0.386989
v -0.155143 0.472023 0.152312
v -0.155143 0.468331 0.041279
v -0.155129 0.485783 0.126358
v -0.155125 0.490387 0.120941
v -0.155125 0.490303 0.041213
v 0.087236 0.481292 0.373099
v 0.085894 0.468362 0.041279
v 0.138795 0.554461 0.367941
v 0.130682 0.537342 0.041094
v 0.130692 0.537636 0.369274
v -0.155129 0.532202 0.041087
v -0.155143 0.548768 0.076672
v -0.155129 0.532237 0.084329
v -0.131327 0.692104 0.290548
v -0.131085 0.692577 0.356912
v -0.141905 0.673880 0.308414
v -0.141635 0.674389 0.358360
v 0.125689 0.691291 0.357031
v 0.135043 0.673982 0.040634
v 0.135050 0.673863 0.358416
v 0.148667 0.623801 0.362427
v 0.149242 0.605886 0.040869
v 0.149242 0.605974 0.363847
v -0.155168 0.606279 0.337692
v -0.157015 0.624590 0.362434
v -0.155164 0.606226 0.363847
v 0.147475 0.588192 0.040929
v 0.147475 0.588335 0.365242
v -0.155139 0.598261 0.338460
v -0.155129 0.585650 0.337089
v -0.155129 0.585660 0.365235
v 0.144138 0.570872 0.040985
v 0.144141 0.571065 0.366602
v -0.155129 0.585524 0.040929
v -0.155129 0.583585 0.067536
v -0.155108 0.566557 0.040985
v -0.155108 0.566571 0.071273
v 0.138788 0.554216 0.041038
v -0.155143 0.548736 0.041038
v -0.155129 0.554833 0.073853
v -0.155125 0.503176 0.105897
v 0.107213 0.504786 0.371830
v 0.087233 0.480872 0.041255
v -0.155125 0.504817 0.103966
v -0.155125 0.503110 0.041174
v -0.155122 0.517091 0.094636
v -0.155122 0.517042 0.041132
v 0.120571 0.521235 0.370564
v 0.107199 0.504400 0.041195
v -0.155129 0.528212 0.086187
v 0.120560 0.520892 0.041146
v -0.061917 0.751870 0.040358
v -0.051693 0.755611 0.351930
v -0.061934 0.751540 0.352263
v 0.036428 0.756957 0.351804
v 0.050838 0.752539 0.040354
v 0.050852 0.752210 0.352186
v -0.098112 0.729628 0.040438
v -0.080298 0.741590 0.353038
v -0.098129 0.729355 0.354019
v 0.074524 0.740637 0.353090
v 0.093428 0.728040 0.040442
v 0.093445 0.727773 0.354128
v 0.111866 0.709749 0.040508
v 0.111880 0.709529 0.355576
v -0.120248 0.706398 0.266231
v -0.116276 0.711478 0.355429
v -0.131527 0.691985 0.288153
v 0.125679 0.691463 0.040575
v 0.146483 0.640065 0.361126
v 0.148667 0.623770 0.040810
v -0.154452 0.639056 0.329769
v -0.157022 0.624412 0.335519
v -0.156910 0.624219 0.335291
v -0.154389 0.639308 0.361126
v 0.142185 0.656498 0.359797
v 0.146483 0.640083 0.040754
v -0.151139 0.649525 0.325902
v -0.148927 0.656638 0.359755
v 0.142181 0.656568 0.040694
v -0.142122 0.673109 0.310756
v -0.149022 0.656386 0.321141
v -0.040976 0.759607 0.040329
v -0.032011 0.761690 0.351425
v -0.040986 0.759264 0.351642
v -0.032004 0.762040 0.040319
v 0.007501 0.763057 0.351316
v 0.021300 0.761129 0.040322
v 0.021311 0.760778 0.351506
v -0.051679 0.755947 0.040343
v 0.036414 0.757297 0.040336
v 0.074506 0.740938 0.040396
v -0.080281 0.741895 0.040396
v 0.197915 0.022632 0.041967
v 0.197915 0.022632 0.389643
v 0.197915 0.184213 0.389643
v 0.197915 0.184213 0.041967
v -0.157222 0.011862 0.331452
v -0.158870 0.016353 0.389643
v -0.157222 0.011862 0.308323
v -0.157222 0.011862 0.285194
v -0.157222 0.011862 0.262066
v -0.157222 0.011862 0.238934
v -0.157222 0.011862 0.215805
v -0.157222 0.011862 0.186832
v -0.157222 0.011862 0.157859
v -0.157222 0.011862 0.128886
v -0.157222 0.011862 0.099913
v -0.157222 0.011862 0.070940
v -0.157222 0.011862 0.041967
v -0.158870 0.016353 0.041967
v 0.191636 0.016353 0.041967
v 0.191636 0.016353 0.389643
v 0.189992 0.011862 0.041967
v 0.189992 0.011862 0.389643
v 0.191636 0.190492 0.389643
v 0.191636 0.190492 0.041967
v 0.189992 0.194984 0.389643
v 0.189992 0.194984 0.041967
v -0.165149 0.022632 0.041967
v -0.165149 0.022632 0.389643
v -0.169009 0.024206 0.041967
v -0.169009 0.024206 0.389643
v 0.106999 0.018726 0.391466
v 0.202925 0.019059 0.391880
v 0.106996 0.018726 0.040144
v 0.202925 0.019059 0.039726
v 0.093550 0.188189 0.399653
v 0.105141 0.184494 0.392003
v 0.109359 0.184494 0.387785
v 0.104959 0.184624 0.039789
v 0.101179 0.195899 0.043934
v 0.109176 0.184624 0.044007
v 0.114088 0.183396 0.043923
v 0.202925 0.187786 0.039726
v 0.195545 0.015304 0.391466
v 0.195545 0.059363 0.391466
v 0.195209 0.195502 0.391880
v 0.189897 0.191544 0.389643
v 0.189897 0.059363 0.389643
v 0.195545 0.191544 0.391466
v 0.195545 0.191544 0.040144
v 0.195545 0.147485 0.040144
v 0.195208 0.011346 0.039726
v 0.189897 0.015304 0.041967
v 0.189897 0.059363 0.041967
v 0.189897 0.147485 0.041967
v 0.195545 0.015304 0.040144
v -0.157131 0.201687 0.389643
v -0.162775 0.196277 0.391466
v -0.162775 0.151068 0.391466
v -0.162442 0.011346 0.391880
v -0.157131 0.055160 0.389643
v -0.157131 0.065299 0.389643
v -0.157131 0.075442 0.389643
v -0.157131 0.085581 0.389643
v -0.157131 0.095720 0.389643
v -0.157131 0.105859 0.389643
v -0.157131 0.121843 0.389643
v -0.157131 0.137826 0.389643
v -0.157131 0.153806 0.389643
v -0.157131 0.169790 0.389643
v -0.157131 0.185774 0.389643
v -0.162775 0.060650 0.391466
v -0.162775 0.015441 0.391466
v -0.162775 0.015441 0.040144
v -0.157131 0.185774 0.041967
v -0.157131 0.169790 0.041967
v -0.157131 0.153806 0.041967
v -0.157131 0.137826 0.041967
v -0.157131 0.121843 0.041967
v -0.157131 0.105859 0.041967
v -0.157131 0.089876 0.041967
v -0.157131 0.073892 0.041967
v -0.157131 0.041929 0.041967
v -0.157131 0.025945 0.041967
v -0.162775 0.196277 0.040144
v -0.162775 0.151068 0.040144
v -0.170155 0.019059 0.391880
v -0.170155 0.019059 0.039726
v -0.160833 0.467868 0.374624
v -0.157131 0.201683 0.041967
v 0.089939 0.199324 0.391680
v 0.089911 0.203535 0.387210
v 0.093547 0.188217 0.032069
v 0.089869 0.199618 0.039775
v 0.089841 0.203836 0.043983
v -0.155143 0.468759 0.373491
v -0.155129 0.532472 0.368993
v -0.131071 0.692753 0.040568
v 0.154603 0.604855 0.364867
v -0.157015 0.624555 0.040810
v -0.155108 0.566742 0.366571
v -0.155143 0.548964 0.367829
v -0.155125 0.490674 0.371949
v -0.155125 0.503450 0.371044
v -0.155122 0.517351 0.370063
v -0.154389 0.639329 0.040754
v -0.141628 0.674511 0.040634
v -0.032817 0.766349 0.352617
v -0.032754 0.767198 0.039677
v 0.007501 0.763411 0.040315
v 0.200078 0.018589 0.392620
v 0.200078 0.018589 0.038990
v 0.200078 0.188256 0.038990
v 0.202925 0.187786 0.391880
v 0.200078 0.188256 0.392620
v -0.162912 0.014190 0.392620
v -0.162442 0.011346 0.039726
v -0.162912 0.014190 0.038990
v 0.195678 0.014190 0.392620
v 0.195678 0.014190 0.038990
v 0.195678 0.192656 0.038990
v 0.195678 0.192656 0.392620
v 0.195209 0.195502 0.039726
v -0.167312 0.018590 0.392620
v -0.167312 0.018590 0.038990
v 0.098683 0.191997 0.044645
v 0.097509 0.192936 0.387031
v 0.102606 0.192712 0.383694
v 0.097267 0.193402 0.044642
v 0.098655 0.196214 0.048852
v 0.098196 0.197157 0.047776
v 0.101484 0.193402 0.048859
v 0.102441 0.192940 0.047787
v 0.098922 0.191530 0.387115
v 0.101723 0.192936 0.382814
v 0.098893 0.195741 0.382642
v 0.098361 0.196922 0.383441
v -0.157131 0.032732 0.258981
v -0.157131 0.127039 0.133566
v -0.157131 0.127039 0.298044
v -0.157131 0.201757 0.302724
v -0.157131 0.169271 0.272289
v -0.157131 0.178986 0.258981
v -0.157131 0.169271 0.159321
v -0.157131 0.201683 0.128886
v -0.157131 0.178986 0.172629
v -0.157131 0.042447 0.159321
v -0.157131 0.032732 0.172629
v -0.157131 0.084680 0.298044
v -0.157131 0.026895 0.358945
v -0.157222 0.011862 0.354584
v -0.157131 0.053628 0.282765
v -0.157131 0.042447 0.272289
v -0.157131 0.022001 0.229198
v -0.157131 0.020939 0.215805
v -0.157131 0.025773 0.244045
v -0.157131 0.022001 0.202412
v -0.157131 0.025773 0.187561
v -0.157131 0.064840 0.141448
v -0.157131 0.053628 0.148845
v -0.157131 0.098900 0.131168
v -0.157131 0.105859 0.130884
v -0.157131 0.091793 0.132055
v -0.157131 0.071070 0.138334
v -0.157131 0.146879 0.141448
v -0.157131 0.140649 0.138334
v -0.157131 0.133994 0.135680
v -0.157131 0.112819 0.131168
v -0.157131 0.119929 0.132055
v -0.157131 0.189718 0.202412
v -0.157131 0.201757 0.215805
v -0.157131 0.190780 0.215805
v -0.157131 0.185949 0.187561
v -0.157131 0.201757 0.186832
v -0.157131 0.201757 0.157859
v -0.157131 0.201683 0.070940
v -0.157131 0.201733 0.099913
v -0.157131 0.158091 0.148845
v -0.157131 0.189718 0.229198
v -0.157131 0.201733 0.244778
v -0.157131 0.185949 0.244045
v -0.157131 0.201757 0.273751
v -0.157131 0.146879 0.290162
v -0.157131 0.201683 0.360670
v -0.157131 0.158091 0.282765
v -0.157131 0.201757 0.331697
v -0.157131 0.140649 0.293272
v -0.157131 0.133994 0.295930
v -0.157131 0.112819 0.300442
v -0.157131 0.105859 0.300726
v -0.157131 0.119929 0.299555
v -0.157131 0.098900 0.300442
v -0.157131 0.091793 0.299555
v -0.157131 0.064840 0.290162
v -0.157131 0.071070 0.293272
v -0.157131 0.077724 0.295930
v 0.106996 0.196137 0.045792
v 0.106996 0.149782 0.045792
v 0.106996 0.010708 0.045792
v 0.106996 0.057067 0.045792
v 0.106996 0.057067 0.385818
v 0.106999 0.010708 0.385818
v 0.106996 0.196137 0.385818
v 0.189897 0.015304 0.389643
v 0.189897 0.191544 0.041967
v -0.155939 0.614721 0.067536
v -0.155164 0.606135 0.040869
v -0.157033 0.624215 0.070256
v -0.154498 0.638411 0.073853
v -0.154473 0.638989 0.074870
v -0.155164 0.606142 0.067536
v -0.155129 0.585534 0.067536
v -0.148920 0.656708 0.040694
v -0.148997 0.656498 0.083856
v -0.147153 0.660957 0.086187
v -0.141852 0.674045 0.097371
v -0.137217 0.682021 0.103962
v -0.131457 0.692167 0.117881
v -0.116262 0.711706 0.040501
v -0.126233 0.698825 0.126351
v -0.116820 0.711029 0.152302
v -0.116872 0.710910 0.250892
v -0.112300 0.715412 0.238937
v -0.109121 0.718581 0.180609
v -0.107487 0.720166 0.209943
v -0.155111 0.569067 0.335284
v -0.155108 0.566718 0.334505
v -0.155143 0.548943 0.328514
v -0.155136 0.541219 0.325905
v -0.155129 0.532430 0.320618
v -0.155122 0.517295 0.311517
v -0.155122 0.516029 0.310760
v -0.155125 0.503376 0.298769
v -0.155125 0.494703 0.290555
v -0.155125 0.490569 0.284483
v -0.155136 0.478200 0.266238
v -0.155147 0.468545 0.242282
v -0.155154 0.467198 0.238948
v -0.155189 0.462444 0.209957
v -0.155147 0.468436 0.164804
v -0.122650 0.732321 0.180619
v -0.155178 0.464036 0.180619
v -0.176414 0.045021 0.389643
v -0.157131 0.045021 0.389643
vn -0.9928 -0.1194 -0.0000
vn -0.9928 -0.1198 -0.0000
vn -0.0000 -0.1195 -0.9928
vn -0.0000 -0.1194 -0.9928
vn 0.9928 -0.1195 -0.0000
vn 0.9928 -0.1194 -0.0000
vn -0.0000 -0.1195 0.9928
vn -0.0000 -0.1194 0.9928
vn -0.9928 -0.1197 -0.0005
vn -0.9928 -0.1198 0.0006
vn -0.9929 -0.1193 -0.0000
vn -0.0003 -0.1193 -0.9929
vn -0.0000 -0.1193 -0.9929
vn 0.9928 -0.1199 -0.0000
vn -0.0000 -0.1193 0.9929
vn 0.9928 0.1196 -0.0000
vn -0.0000 0.1196 0.9928
vn -0.9928 0.1195 -0.0000
vn -0.0000 0.1196 -0.9928
vn 0.9663 0.2573 -0.0000
vn -0.7522 -0.6589 -0.0000
vn -0.0000 0.2576 0.9662
vn -0.0045 -0.5300 -0.8480
vn -0.9663 0.2576 -0.0000
vn -0.9663 0.2573 -0.0003
vn -0.9664 0.2571 -0.0000
vn 0.8468 -0.5319 -0.0000
vn -0.0000 0.2573 -0.9663
vn -0.0000 0.2576 -0.9662
vn -0.0000 0.2571 -0.9664
vn -0.0045 -0.5300 0.8480
vn -0.9928 -0.1195 -0.0000
vn -0.0000 -0.1192 -0.9929
vn 0.9928 -0.1196 -0.0000
vn -0.0000 -0.5612 -0.8277
vn -0.0000 -0.5612 0.8277
vn -0.0000 -0.0000 -1.0000
vn -0.1745 0.6980 -0.6946
vn 0.0416 0.7269 -0.6855
vn -0.0000 -0.0000 1.0000
vn -0.0000 0.0682 0.9977
vn -0.0000 0.0209 0.9998
vn -0.0000 0.0680 0.9977
vn -0.0000 0.0734 0.9973
vn -0.0000 0.0735 0.9973
vn -0.0000 0.0736 0.9973
vn -0.0000 0.0731 0.9973
vn -0.0000 0.0732 0.9973
vn -0.0000 0.0740 0.9973
vn -0.0000 -1.0000 -0.0000
vn -0.0000 1.0000 -0.0000
vn 0.0983 0.9952 -0.0000
vn 1.0000 -0.0000 -0.0000
vn -1.0000 -0.0000 -0.0000
vn 1.0000 0.0068 -0.0001
vn 1.0000 0.0028 -0.0000
vn 1.0000 0.0068 0.0001
vn -1.0000 0.0041 -0.0000
vn -1.0000 0.0001 -0.0000
vn -1.0000 0.0009 -0.0000
vn -1.0000 0.0007 -0.0000
vn -1.0000 0.0004 -0.0000
vn 1.0000 -0.0013 -0.0000
vn 0.8778 -0.4791 0.0004
vn 0.9287 -0.3708 0.0003
vn 0.8773 -0.4800 0.0004
vn -1.0000 0.0003 -0.0000
vn -1.0000 -0.0007 -0.0000
vn -1.0000 -0.0004 -0.0001
vn -0.8282 0.5605 0.0003
vn -0.8641 0.5033 0.0003
vn -0.8828 0.4697 0.0002
vn -0.8968 0.4425 0.0001
vn 0.9044 0.4267 0.0001
vn 0.8413 0.5405 0.0003
vn 0.9040 0.4276 0.0001
vn 0.9994 -0.0337 -0.0000
vn 0.9966 0.0826 -0.0000
vn -0.9993 0.0379 -0.0000
vn -0.9988 -0.0497 -0.0000
vn -0.9989 -0.0467 -0.0000
vn 0.9895 -0.1443 0.0001
vn 0.9895 -0.1447 0.0001
vn -1.0000 -0.0009 -0.0000
vn 0.9686 -0.2485 0.0001
vn 0.9685 -0.2491 0.0001
vn -1.0000 0.0005 -0.0000
vn 0.9290 -0.3701 0.0003
vn -1.0000 0.0006 -0.0000
vn -1.0000 0.0017 -0.0000
vn 0.7343 -0.6788 0.0008
vn 0.7557 -0.6549 0.0007
vn 0.7336 -0.6796 0.0008
vn -1.0000 -0.0001 -0.0000
vn 0.7565 -0.6540 0.0007
vn 0.8155 -0.5787 0.0006
vn 0.8162 -0.5778 0.0005
vn -0.4253 0.9050 0.0009
vn -0.3469 0.9379 0.0010
vn -0.3477 0.9376 0.0010
vn 0.3786 0.9256 0.0010
vn 0.2798 0.9601 0.0010
vn 0.3778 0.9259 0.0009
vn -0.6375 0.7705 0.0006
vn -0.5223 0.8528 0.0008
vn -0.5236 0.8520 0.0008
vn 0.6365 0.7713 0.0006
vn 0.5026 0.8645 0.0008
vn 0.6355 0.7721 0.0006
vn 0.7528 0.6583 -0.0002
vn 0.7520 0.6592 0.0004
vn -0.7457 0.6663 0.0005
vn -0.7874 0.6165 0.0004
vn -0.8053 0.5929 0.0004
vn 0.8419 0.5396 0.0003
vn 0.9966 0.0824 -0.0000
vn 0.9810 0.1940 -0.0000
vn -0.9722 0.2341 -0.0000
vn -0.9858 0.1680 -0.0004
vn -0.9989 0.0472 -0.0002
vn 0.9811 0.1935 -0.0000
vn 0.9484 0.3171 0.0001
vn -0.9402 0.3406 0.0001
vn -0.9542 0.2993 -0.0000
vn -0.9689 0.2473 -0.0000
vn 0.9486 0.3164 -0.0000
vn -0.9241 0.3821 0.0001
vn -0.9353 0.3539 0.0001
vn -0.2873 0.9578 0.0010
vn -0.1437 0.9896 0.0012
vn -0.1342 0.9899 -0.0455
vn 0.0616 0.9981 0.0011
vn 0.0617 0.9981 0.0012
vn 0.2019 0.9794 0.0011
vn 0.2014 0.9795 0.0010
vn -0.2867 0.9580 0.0011
vn 0.2804 0.9599 0.0010
vn 0.5036 0.8639 0.0009
vn -0.4245 0.9054 0.0009
vn 0.1956 -0.9807 -0.0000
vn 0.1310 -0.9914 -0.0000
vn 0.1313 -0.9913 -0.0000
vn 0.1960 0.9806 -0.0000
vn -0.9806 -0.1962 -0.0000
vn -0.9951 -0.0990 -0.0000
vn -0.9951 -0.0984 -0.0000
vn -0.9951 -0.0991 -0.0000
vn -0.9951 -0.0989 -0.0019
vn -0.9806 -0.1960 -0.0000
vn 0.7071 -0.7071 -0.0000
vn 0.9951 -0.0990 -0.0000
vn 0.9806 -0.1962 -0.0000
vn 0.9806 -0.1961 -0.0000
vn 0.7075 0.7067 -0.0000
vn 0.7072 0.7070 -0.0000
vn 0.7073 0.7069 -0.0000
vn 0.9951 0.0990 -0.0000
vn 0.9806 0.1962 -0.0000
vn -0.7071 -0.7071 -0.0000
vn -0.1310 -0.9914 -0.0000
vn -0.1956 -0.9807 -0.0000
vn 0.0983 -0.9952 -0.0000
vn 0.7111 -0.0189 0.7028
vn 0.9951 -0.0989 0.0019
vn 0.9951 0.0987 -0.0000
vn 0.7111 0.0189 -0.7028
vn 0.9952 0.0982 -0.0019
vn -1.0000 0.0037 -0.0000
vn -0.7110 -0.0185 -0.7030
vn -0.0983 -0.9952 -0.0000
vn -0.1315 -0.9913 -0.0000
vn -1.0000 0.0043 -0.0000
vn -1.0000 0.0036 -0.0000
vn 1.0000 0.0067 0.0001
vn 1.0000 0.0067 -0.0000
vn 1.0000 0.0066 -0.0000
vn 1.0000 0.0029 -0.0000
vn 1.0000 0.0068 -0.0000
vn 1.0000 0.0068 -0.0002
vn 0.9276 -0.3736 0.0003
vn 0.8762 -0.4819 0.0005
vn 0.9290 -0.3700 0.0003
vn -1.0000 -0.0006 -0.0000
vn -0.8296 0.5583 0.0003
vn -0.8980 0.4400 0.0001
vn -0.8288 0.5596 0.0003
vn -0.8972 0.4416 0.0002
vn 0.8429 0.5380 0.0002
vn 0.9049 0.4256 0.0001
vn 0.9044 0.4266 0.0001
vn 0.9968 0.0803 -0.0000
vn 0.9993 -0.0368 -0.0000
vn -0.9995 0.0318 -0.0000
vn -0.9990 -0.0445 -0.0000
vn -0.9993 0.0378 -0.0000
vn -0.9989 -0.0465 -0.0000
vn 0.9892 -0.1468 0.0001
vn 0.9678 -0.2517 0.0001
vn 0.7550 -0.6558 0.0006
vn 0.7335 -0.6796 0.0008
vn 0.7344 -0.6787 0.0007
vn 0.7565 -0.6540 0.0006
vn 0.8141 -0.5807 0.0006
vn 0.8162 -0.5778 0.0006
vn -0.3472 0.9378 0.0009
vn -0.4255 0.9050 0.0009
vn 0.2803 0.9599 0.0010
vn 0.3789 0.9254 0.0009
vn 0.3786 0.9256 0.0009
vn -0.5237 0.8519 0.0007
vn -0.6365 0.7713 0.0007
vn -0.6385 0.7696 0.0007
vn 0.5041 0.8637 0.0008
vn 0.6376 0.7704 0.0006
vn -0.7471 0.6647 0.0005
vn -0.7465 0.6654 0.0005
vn -0.7465 0.6654 0.0004
vn 0.7536 0.6573 0.0004
vn 0.7528 0.6583 0.0005
vn 0.9815 0.1912 -0.0000
vn -0.9729 0.2311 -0.0000
vn -0.9724 0.2335 -0.0000
vn 0.9493 0.3143 0.0001
vn -0.9408 0.3389 0.0001
vn -0.9405 0.3399 -0.0000
vn -0.9405 0.3399 0.0001
vn -0.1445 0.9895 0.0013
vn -0.2871 0.9579 0.0012
vn 0.0618 0.9981 0.0010
vn 0.2018 0.9794 0.0010
vn 0.2020 0.9794 0.0012
vn -0.3477 0.9376 0.0009
vn -0.5236 0.8520 0.0009
vn 0.1961 -0.9806 -0.0000
vn 0.1956 0.9807 -0.0000
vn -0.9806 -0.1963 -0.0000
vn -0.5363 -0.0447 -0.8428
vn 0.5362 -0.0452 0.8429
vn 0.7076 0.7066 -0.0000
vn 0.5363 0.0448 -0.8428
vn 0.5763 0.5787 -0.5770
vn 0.5766 0.5787 -0.5768
vn 0.5768 0.5785 -0.5768
vn 0.5644 0.6027 0.5641
vn 0.5646 0.6026 0.5640
vn 0.7052 0.7090 -0.0000
vn 0.7040 0.7102 -0.0000
vn 0.7038 0.7104 -0.0000
vn 0.5764 0.5791 -0.5766
vn 0.5763 0.5790 -0.5767
vn 0.5765 0.5791 -0.5765
vn 0.5766 0.5790 -0.5764
vn 0.5765 0.5791 -0.5764
vn 0.5766 0.5790 -0.5765
vn 0.5767 0.5788 -0.5766
vn 0.5642 0.6027 0.5642
vn 0.5642 0.6028 0.5641
vn 0.5640 0.6030 0.5642
vn 0.5639 0.6031 0.5642
vn 0.5639 0.6031 0.5641
vn 0.5640 0.6032 0.5640
vn 0.5640 0.6032 0.5639
vn 0.5641 0.6032 0.5639
vn 0.7047 0.7095 -0.0000
vn 0.7046 0.7096 -0.0000
vn 0.7042 0.7100 -0.0000
vn 0.7208 -0.3903 0.5728
vn 0.3007 -0.2847 -0.9102
vn -0.3899 -0.4979 0.7747
vn 0.4056 -0.7275 0.5534
vn -0.3505 -0.9050 0.2409
vn -1.0000 0.0009 0.0023
vn -0.7455 0.5979 -0.2945
vn 0.7954 0.6045 -0.0436
vn -0.0000 0.0314 0.9995
vn -0.9957 -0.0923 -0.0000
vn -0.9985 0.0556 -0.0000
vn -0.9860 0.1669 -0.0000
vn -0.9680 0.2511 -0.0000
vn -0.9989 -0.0464 -0.0000
vn -1.0000 -0.0004 -0.0000
vn -0.9366 0.3505 -0.0000
vn -0.9248 0.3804 -0.0000
vn -0.8854 0.4648 0.0002
vn -0.8654 0.5010 0.0003
vn -0.8088 0.5880 0.0003
vn -0.7879 0.6158 0.0004
vn -0.7177 0.6964 0.0005
vn -0.7148 0.6994 0.0005
vn -0.7012 0.7130 0.0006
vn -0.7013 0.7128 0.0006
vn -1.0000 -0.0012 -0.0000
vn -1.0000 0.0002 -0.0000
vn -1.0000 -0.0008 -0.0000
vn -1.0000 0.0008 -0.0000
vn -1.0000 0.0067 -0.0000
vn -1.0000 0.0074 -0.0000
vn -1.0000 0.0075 -0.0000
vn -1.0000 0.0068 -0.0000
vn -1.0000 0.0074 -0.0001
vn -0.0000 -0.0000 -0.0000
vn -0.3898 -0.4979 0.7747
vn 0.3007 -0.2849 -0.9102
vn 0.7954 0.6045 -0.0435
vn -1.0000 0.0009 0.0024
vn 0.0214 -0.0000 0.9998
vn 0.0637 -0.0000 0.9980
vn -0.0209 -0.0000 0.9998
vn -0.0210 -0.1567 0.9874
vn -0.0128 -0.1422 0.9898
vn 0.0024 0.0276 0.9996
vn -0.0044 -0.0054 1.0000
vn -0.0075 -0.0451 0.9990
vn 0.0009 0.0009 1.0000
vn 0.0009 -0.0001 1.0000
vn 0.0009 0.0001 1.0000
vn -0.0000 -0.0015 1.0000
vn -0.0000 -0.0019 1.0000
vn -0.0000 0.0052 1.0000
vn -0.0002 -0.0071 1.0000
vn 0.0003 0.0225 0.9997
vn 0.0011 -0.0061 1.0000
vn 0.0013 0.0032 1.0000
vn 0.0006 -0.0073 1.0000
vn 0.0006 -0.0041 1.0000
vn 0.0010 0.0011 1.0000
vn 0.0009 -0.0002 1.0000
vn -0.0054 -0.0242 0.9997
vn 0.0020 0.0396 0.9992
vn 0.0008 0.0001 1.0000
vn 0.0008 -0.0003 1.0000
vn 0.0003 -0.0183 0.9998
vn 0.0004 -0.0028 1.0000
vn 0.0005 -0.0030 1.0000
vn -0.0000 -0.0034 1.0000
vn 0.0002 0.0016 1.0000
vn 0.0001 0.0023 1.0000
vn 0.0001 0.0005 1.0000
vn -0.0002 -0.0181 0.9998
vn -0.0002 0.0184 0.9998
vn -0.0003 0.0080 1.0000
vn 0.0001 -0.0017 1.0000
vn 0.0001 -0.0002 1.0000
vn -0.0000 0.0056 1.0000
vn -0.0002 0.0678 0.9977
vn -0.0004 0.0246 0.9997
vn 0.0004 0.0127 0.9999
vn 0.0012 -0.0334 0.9994
vn 0.0006 -0.0118 0.9999
vn 0.0214 -0.0000 -0.9998
vn 0.0637 -0.0000 -0.9980
vn -0.0209 -0.0000 -0.9998
vn -0.0152 -0.2335 -0.9722
vn -0.0118 -0.1984 -0.9800
vn -0.2569 0.6336 0.7298
vn -0.0045 -0.0822 -0.9966
vn -0.0061 -0.1079 -0.9941
vn 0.0017 -0.0725 -0.9974
vn 0.0015 -0.0771 -0.9970
vn 0.0019 -0.0715 -0.9974
vn -0.0000 -0.0780 -0.9970
vn 0.0001 -0.0784 -0.9969
vn -0.0000 -0.0711 -0.9975
vn -0.0002 -0.0834 -0.9965
vn 0.0005 -0.0508 -0.9987
vn -0.0003 -0.0600 -0.9982
vn 0.0013 -0.0753 -0.9972
vn 0.0011 -0.0778 -0.9970
vn 0.0010 -0.0824 -0.9966
vn 0.0015 -0.0711 -0.9975
vn 0.0013 -0.0786 -0.9969
vn -0.0047 -0.0985 -0.9951
vn 0.0031 -0.0343 -0.9994
vn 0.0019 -0.0728 -0.9973
vn 0.0016 -0.0784 -0.9969
vn 0.0003 -0.0789 -0.9969
vn 0.0002 -0.0951 -0.9955
vn 0.0004 -0.0792 -0.9969
vn 0.0001 -0.0749 -0.9972
vn -0.0000 -0.0801 -0.9968
vn 0.0001 -0.0745 -0.9972
vn 0.0001 -0.0758 -0.9971
vn 0.0001 -0.0763 -0.9971
vn -0.0000 -0.0721 -0.9974
vn -0.0003 -0.0972 -0.9953
vn -0.0002 -0.0683 -0.9977
vn 0.0002 -0.0780 -0.9970
vn 0.0002 -0.0771 -0.9970
vn -0.0005 -0.0528 -0.9986
vn -0.0003 -0.0124 -0.9999
vn 0.0002 -0.0643 -0.9979
vn 0.0010 -0.1085 -0.9941
vn 0.0004 -0.0877 -0.9962
vn -0.0353 -0.6362 0.7707
vn 0.8876 -0.2641 -0.3774
vn 0.0680 0.0658 -0.9955
vn -0.8331 -0.0000 0.5531
vn -0.8333 -0.0000 -0.5528
vn 0.8096 -0.0000 -0.5870
vn -0.7705 0.1096 0.6279
vn -0.5031 -0.0300 -0.8637
vn -0.4723 0.0347 0.8808
vn 1.0000 -0.0010 -0.0000
vn 0.7638 -0.0045 -0.6455
vn 1.0000 -0.0009 -0.0000
vn 1.0000 -0.0007 -0.0000
vn 0.7698 -0.0015 -0.6382
vn -0.7611 0.0492 0.6467
vn -0.7892 0.2308 -0.5691
vn -0.6814 0.3270 0.6548
vn -0.6753 0.3670 -0.6398
vn -0.6375 0.3997 0.6587
vn 0.7629 -0.0008 -0.6465
vn 1.0000 -0.0003 -0.0000
vn 1.0000 0.0004 0.0001
vn -0.2409 -0.9253 -0.2928
vn 0.6543 -0.3908 0.6474
vn 0.8849 -0.4658 -0.0003
vn 0.7027 -0.2937 0.6480
vn -0.6663 -0.3745 0.6449
vn -0.6692 -0.3162 -0.6725
vn -0.7018 -0.2830 0.6537
vn -0.7543 -0.0116 0.6564
vn -0.7587 0.0233 -0.6510
vn -0.7532 0.0804 0.6529
vn 0.9984 0.0562 -0.0001
vn 0.7726 0.0403 0.6336
vn 0.7343 0.0645 0.6758
vn -0.7500 0.1082 -0.6525
vn -0.7360 0.1576 0.6584
vn 1.0000 0.0029 0.0008
vn 1.0000 0.0009 -0.0000
vn 0.7533 0.0504 0.6557
vn -0.7409 0.1883 -0.6447
vn -0.7164 0.2378 0.6559
vn 0.7550 0.0038 -0.6557
vn 1.0000 0.0007 -0.0000
vn 0.7570 -0.0016 -0.6534
vn 1.0000 -0.0005 -0.0000
vn -0.7134 0.2862 -0.6396
vn 0.7602 -0.0013 -0.6497
vn 1.0000 -0.0017 -0.0000
vn -0.5721 0.5216 0.6330
vn -0.5440 0.4851 -0.6846
vn -0.5378 0.4445 0.7164
vn 1.0000 -0.0001 -0.0000
vn 0.7676 -0.0013 -0.6409
vn 0.7653 -0.0011 -0.6436
vn -0.5894 0.4732 0.6548
vn -0.5933 0.5001 -0.6307
vn -0.6306 0.4496 -0.6326
vn 0.3087 -0.6548 -0.6899
vn 0.2749 -0.7044 0.6544
vn 0.3469 -0.6791 0.6469
vn -0.2229 -0.7244 0.6524
vn -0.2743 -0.6721 -0.6878
vn -0.3091 -0.6999 0.6439
vn 0.4643 -0.5667 -0.6806
vn 0.4175 -0.6346 0.6504
vn 0.5168 -0.5693 0.6394
vn -0.4059 -0.6483 0.6441
vn -0.4668 -0.5677 -0.6781
vn -0.5152 -0.5713 0.6389
vn -0.5525 -0.4843 -0.6784
vn -0.5971 -0.4736 0.6475
vn 0.8019 -0.5974 -0.0017
vn 0.5909 -0.4786 0.6494
vn 0.8003 -0.5996 -0.0000
vn -0.6242 -0.3982 -0.6722
vn -0.7513 -0.0959 0.6530
vn -0.7497 -0.0661 -0.6584
vn 0.9686 -0.2486 0.0014
vn 0.3529 -0.7597 0.5462
vn 0.8008 -0.2329 0.5519
vn 0.7479 -0.1258 0.6518
vn -0.7356 -0.1919 0.6497
vn -0.7359 -0.1469 -0.6610
vn 0.9548 -0.2972 -0.0000
vn 0.7241 -0.2140 0.6557
vn -0.7098 -0.2342 -0.6644
vn 0.9713 -0.2380 -0.0036
vn 0.9351 -0.3544 0.0001
vn 0.2110 -0.6901 -0.6923
vn 0.1320 -0.7690 0.6255
vn 0.2274 -0.7280 0.6468
vn 0.1086 -0.7193 -0.6861
vn -0.0575 -0.7729 0.6319
vn -0.1492 -0.7026 -0.6958
vn -0.1597 -0.7450 0.6477
vn 0.2458 -0.6756 -0.6951
vn -0.1983 -0.6931 -0.6930
vn -0.3651 -0.6301 -0.6853
vn 0.3758 -0.6189 -0.6897
vn 0.1333 -0.9222 0.3629
vn 0.2458 -0.9537 0.1732
vn 0.2042 -0.9323 -0.2987
vn 0.2538 0.8253 -0.5045
vn 0.3122 0.8287 0.4645
vn 0.1739 -0.9848 -0.0000
vn -0.8615 0.4427 -0.2488
vn 0.1734 -0.9849 -0.0009
vn 0.1727 -0.9850 -0.0006
vn 0.1724 -0.9850 0.0007
vn 0.1713 -0.9852 0.0018
vn 0.1703 -0.9854 -0.0000
vn 0.1715 -0.9852 -0.0014
vn 0.1723 -0.9850 0.0003
vn 0.1731 -0.9849 0.0010
vn 0.1733 -0.9849 0.0010
vn 0.1738 -0.9848 0.0008
vn 0.4367 -0.8353 -0.3339
vn -0.8251 -0.2541 0.5047
vn 0.6390 -0.6390 0.4281
vn 0.6390 -0.6390 -0.4281
vn 0.6390 -0.6390 -0.4282
vn -0.3025 -0.8711 -0.3868
vn 0.8127 -0.2432 -0.5295
vn -0.4066 -0.8434 0.3512
vn 0.6390 0.6390 -0.4282
vn 0.6390 0.6390 0.4282
vn -0.3020 0.8708 0.3880
vn 0.8253 0.2539 0.5045
vn -0.4052 0.8440 -0.3514
vn -0.6390 -0.6390 0.4281
vn -0.6390 -0.6390 -0.4281
vn -0.6451 -0.7059 -0.2926
vn -0.3485 -0.8098 -0.4720
vn -0.6901 -0.6725 0.2673
vn 0.0051 -0.9711 0.2388
vn -0.7417 0.3890 0.5463
vn 0.0258 -0.9647 -0.2622
vn 0.3150 -0.9252 -0.2115
vn 0.4419 -0.8485 0.2912
vn 0.1179 0.9530 0.2790
vn 0.1102 0.6454 0.7559
vn -0.0321 -0.9565 0.2901
vn -0.2109 -0.9036 -0.3729
vn 0.6251 0.4452 -0.6412
vn 0.4028 0.2919 -0.8675
vn 0.2314 0.1561 -0.9603
vn -0.0365 -0.5107 -0.8590
vn -0.9354 0.2464 0.2536
vn -0.5410 0.0542 0.8393
vn -0.3119 -0.0000 0.9501
vn 0.4473 -0.8616 -0.2400
vn -0.8355 0.0117 0.5493
vn -0.8348 -0.0000 0.5506
vn -0.3646 -0.0003 0.9312
vn 0.9981 -0.0039 -0.0608
vn -0.3516 -0.0728 -0.9333
vn -0.3119 -0.0000 -0.9501
vn 0.4465 0.8618 0.2409
vn -0.8355 -0.0118 -0.5493
vn -0.8347 -0.0004 -0.5507
vn -0.3652 0.0003 -0.9309
vn 0.9980 0.0037 0.0630
vn 0.7994 0.0297 0.6000
vn 0.2969 0.0121 0.9548
vn 0.3074 -0.0000 0.9516
vn -0.3115 0.6801 -0.6637
vn 0.8331 -0.0000 0.5531
vn 0.3594 0.0003 0.9332
vn -0.9982 0.0040 -0.0605
vn 0.3511 0.0689 -0.9338
vn 0.3119 -0.0000 -0.9501
vn 0.3365 -0.0007 -0.9417
vn 0.8173 0.0010 -0.5763
vn 0.7878 -0.0051 -0.6159
vn 0.1050 -0.0067 -0.9944
vn 0.3243 0.0004 -0.9460
vn -0.0041 -1.0000 -0.0018
vn 0.7233 -0.3247 -0.6094
vn 0.9157 0.0577 0.3977
vn 0.0143 -0.9997 -0.0199
vn 0.1607 0.0635 0.9850
vn 0.2920 0.0553 0.9548
vn 0.1680 -0.0023 -0.9858
vn 0.8091 -0.0167 -0.5875
vn 0.4300 0.6492 0.6274
vn 0.2817 0.4370 0.8542
vn 0.1322 0.2655 0.9550
vn -0.2432 0.2281 0.9428
vn 0.9613 0.0500 -0.2710
vn 0.5950 0.0254 -0.8033
vn -0.9615 -0.0383 -0.2720
vn -0.8812 -0.2157 0.4207
vn 0.7693 0.0499 0.6369
vn 0.1806 0.0708 0.9810
vn 0.1866 -0.0014 -0.9824
vn 0.0752 0.0618 0.9953
vn -0.5170 -0.0197 -0.8558
vn -0.7386 0.1589 -0.6551
vn 0.3123 0.1893 -0.9309
vn -0.1325 0.1325 0.9823
vn -0.1049 0.1318 0.9857
vn -0.1837 0.0991 -0.9780
vn -0.2042 0.0792 -0.9757
vn 0.7609 0.0470 0.6472
vn 0.1532 0.0719 0.9856
vn 0.1601 0.0712 0.9845
vn 0.1600 -0.0003 -0.9871
vn 0.1664 -0.0011 -0.9861
vn 0.1954 -0.0528 0.9793
vn 0.1982 -0.0190 0.9800
vn 0.6126 -0.4139 -0.6734
vn 0.1301 -0.0674 -0.9892
vn 0.1123 -0.0757 -0.9908
vn -0.2034 -0.0498 0.9778
vn -0.1777 -0.0099 0.9840
vn -0.1143 -0.0548 -0.9919
vn -0.1207 -0.0817 -0.9893
vn -0.1643 0.0625 0.9844
vn -0.1714 0.0864 0.9814
vn -0.1568 -0.0142 -0.9875
vn -0.1878 0.0040 -0.9822
vn 0.2463 0.0859 0.9654
vn 0.0447 0.0427 0.9981
vn 0.7699 -0.0313 -0.6374
vn 0.0647 -0.0148 -0.9978
vn 0.2671 -0.0110 -0.9636
vn -0.1387 0.0943 0.9858
vn -0.1722 0.0243 -0.9848
vn 0.1418 0.0791 0.9867
vn 0.1499 0.0079 -0.9887
vn -0.1433 0.1175 0.9827
vn -0.1936 0.0503 -0.9798
vn 0.7546 0.0463 0.6545
vn 0.1411 0.0712 0.9874
vn 0.1474 -0.0014 -0.9891
vn 0.7580 0.0467 0.6506
vn 0.7677 0.0455 0.6392
vn 0.1751 0.0714 0.9820
vn 0.1815 -0.0007 -0.9834
vn -0.1037 0.1531 0.9828
vn 0.1409 -0.1578 0.9774
vn 0.1288 -0.0890 -0.9877
vn -0.2705 0.1431 -0.9520
vn 0.7657 0.0461 0.6415
vn 0.1677 0.0714 0.9832
vn 0.1745 -0.0007 -0.9847
vn -0.1028 0.1522 0.9830
vn -0.1968 0.1345 -0.9712
vn 0.7634 0.0465 0.6443
vn 0.0775 -0.1398 0.9871
vn 0.1214 -0.1587 0.9798
vn 0.0183 -0.0552 -0.9983
vn 0.0475 -0.0806 -0.9956
vn -0.0658 -0.1561 0.9855
vn -0.1112 -0.1775 0.9778
vn -0.0193 -0.0576 -0.9982
vn -0.0385 -0.0876 -0.9954
vn 0.1273 -0.1323 0.9830
vn 0.1837 -0.1350 0.9737
vn 0.0429 -0.0751 -0.9963
vn 0.0885 -0.1019 -0.9908
vn -0.1359 -0.1544 0.9786
vn -0.1827 -0.1374 0.9735
vn -0.0518 -0.0887 -0.9947
vn -0.0841 -0.1041 -0.9910
vn 0.1737 -0.0805 0.9815
vn 0.0835 -0.0790 -0.9934
vn -0.1812 -0.0825 0.9800
vn -0.0907 -0.0814 -0.9925
vn -0.1826 0.0416 0.9823
vn -0.1551 -0.0334 -0.9873
vn 0.1976 0.0379 0.9795
vn 0.1662 -0.0385 -0.9853
vn -0.1980 0.0155 0.9801
vn -0.1476 -0.0493 -0.9878
vn 0.1707 0.0113 0.9853
vn 0.1208 -0.0486 -0.9915
vn 0.7279 -0.1716 -0.6639
vn 0.6660 -0.3286 -0.6697
vn 0.0470 -0.2383 0.9701
vn 0.0436 -0.1488 0.9879
vn 0.0037 -0.0620 -0.9981
vn 0.0070 -0.1304 -0.9914
vn -0.0211 -0.2310 0.9727
vn 0.0030 -0.1204 -0.9927
vn -0.0379 -0.1637 0.9858
vn -0.0128 -0.0683 -0.9976
vn -0.0425 -0.7211 -0.6916
vn -0.1246 -0.5638 -0.8164
vn -0.5928 -0.8036 -0.0529
vn -0.1632 0.5990 0.7839
vn -0.5618 0.7939 -0.2325
vn -0.2553 0.7446 -0.6168
vn -0.6238 0.0986 -0.7753
vn -0.5274 0.8273 0.1934
vn -0.7444 0.2553 0.6170
vn 0.3970 -0.3970 -0.8275
vn 0.3970 -0.3971 -0.8275
vn 0.3970 -0.3970 0.8275
vn 0.3969 -0.3970 0.8276
vn 0.8287 -0.3122 0.4645
vn 0.5990 0.1633 0.7839
vn 0.3970 0.3970 0.8275
vn 0.3970 0.3970 -0.8275
vn 0.5097 -0.8394 0.1889
vn 0.7442 -0.2550 0.6173
vn 0.8287 0.3122 -0.4645
vn 0.5994 -0.1635 -0.7836
vn -0.3970 -0.3967 -0.8277
vn -0.3970 -0.3970 -0.8275
vn -0.3970 -0.3970 0.8275
vn 0.1699 -0.6096 -0.7743
vn 0.0860 -0.4458 0.8910
vn -0.5064 -0.7382 0.4456
vn -0.5495 -0.6612 0.5108
vn -0.6333 -0.6370 0.4395
vn -0.7279 -0.5274 -0.4383
vn -0.6480 -0.5733 -0.5014
vn -0.6268 -0.6494 -0.4305
vn -0.6620 -0.7495 0.0001
vn -0.6364 -0.7714 -0.0004
vn -0.6252 -0.7805 0.0003
vn -0.6631 -0.5450 0.5132
vn -0.7270 -0.5106 0.4591
vn -0.6289 -0.3484 0.6951
vn 0.1380 0.3384 0.9308
vn 0.5730 0.7266 -0.3791
vn 0.3049 0.1512 0.9403
vn 0.4703 0.6450 -0.6023
vn -0.3569 -0.6803 0.6402
vn -0.2347 -0.5996 0.7651
vn -0.5306 -0.6844 -0.5001
vn -0.4962 -0.7444 -0.4468
vn -0.3523 -0.6566 -0.6669
vn 0.2835 0.0379 -0.9582
vn 0.7992 0.5882 0.1235
vn 0.0464 0.1538 -0.9870
vn 0.7007 0.6943 0.1643
vn -0.6615 -0.3684 -0.6532
vn -0.5845 -0.2519 -0.7713
vn -0.7375 -0.6754 -0.0001
vn -0.6691 -0.7432 -0.0003
vn -0.7659 -0.6429 -0.0000
vn -0.7409 -0.6717 -0.0002
vn 1.0000 -0.0033 0.0019
vn 0.1803 0.6767 -0.7139
vn 1.0000 -0.0037 -0.0000
vn 1.0000 -0.0012 -0.0014
vn 1.0000 -0.0024 -0.0019
vn 0.9979 -0.0338 0.0545
vn 0.2074 -0.9598 0.1894
vn 1.0000 -0.0002 0.0011
vn 1.0000 -0.0016 0.0022
vn 1.0000 -0.0091 0.0011
vn 0.9999 -0.0105 -0.0000
vn 1.0000 -0.0059 0.0012
vn 1.0000 -0.0085 -0.0005
vn 1.0000 -0.0056 -0.0011
vn 1.0000 0.0015 -0.0012
vn 1.0000 -0.0004 -0.0013
vn 1.0000 0.0021 -0.0008
vn 0.0267 0.9996 -0.0000
vn -0.0372 0.7884 0.6140
vn -0.2884 -0.8913 -0.3499
vn -0.1169 -0.8231 -0.5558
vn 0.0065 0.6465 -0.7629
vn -0.2548 -0.9668 -0.0188
vn 0.1341 0.8680 -0.4781
vn 1.0000 0.0016 0.0006
vn -0.2553 -0.2945 0.9209
vn -0.1816 -0.1937 -0.9641
vn -0.9615 -0.2272 0.1546
vn 0.0787 0.7431 0.6646
vn -0.1258 -0.8673 -0.4815
vn -0.0948 0.7976 -0.5957
vn -0.0877 -0.9582 -0.2723
vn -0.0014 -0.6322 -0.7748
vn -0.1211 0.6644 0.7375
vn 0.0278 -0.9357 0.3517
vn -0.1983 0.6950 -0.6911
vn -0.9545 0.0576 -0.2926
vn -0.2842 0.2842 0.9157
vn -0.0241 -0.1627 0.9864
vn 0.2335 0.2968 0.9259
vn 0.2428 -0.0013 -0.9701
vn 0.9534 0.2423 0.1798
vn 0.0410 0.7188 -0.6940
vn 0.0018 0.8467 -0.5320
vn -0.0104 -0.6327 0.7743
vn -0.0442 0.7274 0.6848
vn -0.0052 0.8527 0.5224
vn -0.0195 -0.9496 -0.3128
vn -0.0740 0.1229 -0.9897
vn 0.0721 0.8522 -0.5182
vn -0.1980 -0.6949 0.6913
vn -0.9544 -0.0542 0.2935
vn -0.2842 -0.2842 -0.9157
vn 0.1207 0.6667 -0.7355
vn 0.1560 0.7635 0.6267
vn 0.9481 0.1089 0.2987
vn 0.2844 0.2844 -0.9156
vn -0.0177 -0.2042 -0.9788
vn -0.7094 -0.0968 0.6981
vn -0.7092 0.0971 -0.6983
vn 0.9949 0.1007 0.0008
vn 0.7407 0.0518 -0.6698
vn 0.9985 -0.0544 -0.0001
vn 0.9959 -0.0910 0.0008
vn 0.9688 -0.2480 0.0004
vn 0.9991 0.0424 0.0011
vn 0.6993 -0.2604 -0.6657
vn 0.9355 -0.3532 -0.0004
vn 0.9257 -0.3783 -0.0003
vn 0.8848 -0.4660 -0.0005
vn 0.8678 -0.4968 -0.0000
vn 0.8077 -0.5896 -0.0006
vn 0.5491 -0.4913 -0.6761
vn 0.7904 -0.6126 -0.0001
vn 0.7173 -0.6968 -0.0007
vn 0.7146 -0.6996 -0.0002
vn 0.7020 -0.7121 -0.0002
vn 0.7020 -0.7122 -0.0009
vn 0.7048 -0.7094 -0.0006
vn 1.0000 0.0012 -0.0000
vn 1.0000 -0.0002 -0.0000
vn 1.0000 0.0008 -0.0000
vn 1.0000 0.0006 -0.0000
vn 1.0000 0.0001 -0.0000
vn 1.0000 -0.0047 -0.0000
vn 1.0000 -0.0075 -0.0000
vn 1.0000 -0.0069 -0.0000
vn -0.0000 0.3309 0.9437
vn -0.0000 0.2495 0.9684
vn 0.0064 0.9636 0.2673
vn 0.0011 0.9272 0.3746
vn 0.0010 0.9291 0.3698
vn 0.0007 0.8277 0.5612
vn 0.0008 0.8276 0.5613
vn 0.0006 0.7620 0.6476
vn 0.0004 0.7622 0.6474
vn -0.0001 0.4199 0.9076
vn 0.0003 0.4206 0.9072
vn 0.0001 0.4198 0.9076
vn -0.4133 -0.5060 -0.7571
vn -0.5173 -0.8402 -0.1627
vn -0.3702 -0.7511 0.5466
vn -0.3220 -0.5478 -0.7722
vn -0.3519 -0.8053 -0.4772
vn -0.2814 -0.4898 -0.8252
vn 0.0023 -0.1125 -0.9937
vn 0.0003 -0.1133 -0.9936
vn 0.0075 -0.1079 -0.9941
vn 0.0006 0.0081 -1.0000
vn 0.0008 -0.0018 -1.0000
vn -0.0001 0.1081 -0.9941
vn -0.0000 0.1080 0.9942
vn 0.0001 0.2149 0.9766
vn -0.0001 0.1082 0.9941
vn 0.0005 0.3201 0.9474
vn 0.0001 0.2146 0.9767
vn 0.0003 0.3194 0.9476
vn 0.0001 0.7620 0.6475
vn 0.0001 0.7618 0.6478
vn -0.0000 0.6876 0.7261
vn 0.0001 0.6877 0.7260
vn -0.0000 0.6051 0.7961
vn -0.0000 0.6051 0.7962
vn -0.0001 0.5151 0.8571
vn -0.0001 0.5154 0.8569
vn -0.0002 0.4197 0.9077
vn -0.5449 -0.6457 -0.5348
vn -0.6098 -0.6658 -0.4298
vn -0.5232 -0.7075 -0.4751
vn -0.4123 -0.5181 -0.7494
vn -0.0445 -0.2136 -0.9759
vn -0.0759 -0.3256 -0.9425
vn -0.0717 -0.8747 -0.4793
vn -0.0122 -0.0056 -0.9999
vn -0.5808 -0.4986 0.6435
vn 0.6644 0.6551 -0.3597
vn -0.1330 -0.3820 -0.9146
vn -0.1711 -0.4954 -0.8517
vn -0.1301 -0.4442 -0.8864
vn -0.0825 -0.2916 -0.9530
vn -0.2355 -0.4647 -0.8536
vn -0.3096 -0.7999 -0.5141
vn -0.1766 -0.4459 -0.8775
vn 0.9913 -0.1313 -0.0000
vn 0.0102 -0.1877 -0.9822
vn 0.0156 0.5655 -0.8246
vn 0.0127 0.5382 -0.8427
vn 0.0361 -0.1727 0.9843
vn -0.0122 0.5441 0.8389
vn 0.0368 -0.1853 0.9820
vn -0.0000 0.8611 -0.5084
vn -0.0001 0.9419 -0.3358
vn -0.0000 -0.1660 0.9861
vn -0.0000 -0.2496 0.9684
vn -0.0000 -0.2496 -0.9684
vn -0.0000 -0.1660 -0.9861
vn -0.0000 -0.8611 -0.5085
vn -0.0000 -0.7490 -0.6626
vn -0.0000 -0.7490 0.6626
vn -0.0000 -0.8610 0.5085
vn -0.0000 -0.8611 0.5085
vn -0.0000 0.8611 0.5085
vn -0.0000 0.7490 0.6626
vn -0.0000 0.2495 -0.9684
vn -0.0000 0.3312 -0.9436
vn -0.0000 0.4996 -0.8663
vn -0.0000 0.6194 -0.7850
vn -0.0000 0.7490 -0.6626
vn -0.0000 0.9866 -0.1631
vn -0.0000 0.9866 -0.1632
vn -0.0000 0.9866 0.1632
vn -0.0000 0.9866 0.1631
vn -0.0001 0.9419 0.3358
vn -0.0000 0.8611 0.5084
vn -0.0000 0.6194 0.7850
vn -0.0000 0.4998 0.8661
vn -0.0000 0.0824 0.9966
vn -0.0000 0.1660 0.9861
vn -0.0000 0.4091 0.9125
vn -0.0000 0.4092 0.9125
vn -0.0000 -0.4091 0.9125
vn -0.0000 -0.4998 0.8661
vn -0.0000 -0.3309 0.9437
vn -0.0000 -0.0824 0.9966
vn -0.0000 -0.9866 0.1631
vn -0.0000 -0.9419 0.3358
vn -0.0000 -0.6195 0.7850
vn -0.0000 -0.9866 -0.1631
vn -0.0000 -0.9419 -0.3358
vn -0.0000 -0.6195 -0.7850
vn -0.0000 -0.4996 -0.8663
vn -0.0000 -0.4091 -0.9125
vn -0.0000 -0.3312 -0.9436
vn -0.0000 -0.0824 -0.9966
vn -0.0000 0.0824 -0.9966
vn -0.0000 0.1660 -0.9861
vn -0.0000 0.4091 -0.9125
vn -0.0000 0.4092 -0.9125
vn -0.9242 -0.3819 -0.0000
vn -0.9241 -0.3821 -0.0000
vn 0.0093 -0.1429 0.9897
vn 0.0074 -0.1033 0.9946
vn -0.0187 -0.2590 0.9657
vn -0.0030 -0.2044 0.9789
vn -0.0361 -0.2320 0.9720
vn -0.1553 -0.7283 0.6675
vn -0.1817 -0.7953 0.5784
vn -0.0775 -0.3204 0.9441
vn -0.1623 -0.4093 0.8979
vn -0.1341 -0.3659 0.9209
vn -0.1775 -0.4505 0.8749
vn -0.2095 -0.4994 0.8407
vn -0.2868 -0.5270 0.8000
vn -0.2528 -0.4946 0.8315
vn -0.3116 -0.5568 0.7700
vn -0.3496 -0.5913 0.7267
vn -0.4401 -0.5907 0.6764
vn -0.4012 -0.5626 0.7228
vn -0.4586 -0.6127 0.6437
vn -0.4879 -0.6253 0.6090
vn -0.6306 -0.6373 0.4429
vn -0.6181 -0.6356 0.4626
vn -0.6932 -0.6862 0.2205
vn -0.6994 -0.6814 0.2157
vn -0.7108 -0.6993 -0.0757
vn -0.7109 -0.6992 -0.0757
vn -0.6669 -0.6567 -0.3521
vn -0.6632 -0.6532 -0.3654
vn -0.6256 -0.6019 -0.4963
vn -0.0003 0.2160 -0.9764
vn -0.0000 0.2128 -0.9771
vn -0.0002 0.3198 -0.9475
vn 0.0002 0.3171 -0.9484
vn -0.0001 0.3200 -0.9474
vn 0.0001 0.3193 -0.9476
vn -0.0002 0.4200 -0.9075
vn -0.0003 0.4202 -0.9074
vn -0.0003 0.5155 -0.8569
vn -0.0002 0.5154 -0.8569
vn -0.0001 0.5154 -0.8569
vn -0.0001 0.5143 -0.8576
vn -0.0000 0.6042 -0.7968
vn 0.0001 0.6052 -0.7960
vn -0.0000 0.6877 -0.7260
vn 0.0002 0.7616 -0.6480
vn -0.0000 0.7620 -0.6476
vn 0.0003 0.8277 -0.5612
vn 0.0006 0.8272 -0.5620
vn 0.0019 0.8832 -0.4691
vn -0.0004 0.8840 -0.4675
vn 0.0050 0.9288 -0.3705
vn 0.0079 0.9268 -0.3755
vn 0.0068 0.9634 -0.2679
vn 0.0073 0.9627 -0.2703
vn 0.0075 0.9985 -0.0541
vn 0.0072 0.9868 0.1619
vn 0.0061 0.9621 0.2727
vn 0.0074 0.9868 0.1617
vn 0.9806 -0.1960 -0.0000
vn 0.5765 0.5792 -0.5763
vn 0.5766 0.5789 -0.5766
vn 0.5641 0.6030 0.5641
vn 0.5643 0.6027 0.5642
vn 0.7049 0.7094 -0.0000
vn -0.7014 0.7127 0.0006
vn 0.7209 -0.3903 0.5727
vn -0.0102 0.1999 0.9798
vn 0.0023 -0.0419 -0.9991
vn 0.0010 -0.0839 -0.9965
vn -0.0096 0.1099 -0.9939
vn -0.4095 -0.8078 0.4239
vn 0.5811 0.4452 -0.6813
vn 0.8385 -0.0394 0.5434
vn 0.4301 0.5989 0.6755
vn -0.5753 -0.2778 0.7693
vn -0.2920 -0.6092 -0.7373
vn -0.7705 -0.6374 -0.0003
vn -0.9670 -0.2260 -0.1178
vn -0.0094 0.8877 -0.4603
vn -0.7344 0.6785 -0.0192
vn 0.9689 -0.2127 0.1266
vn 1.0000 -0.0075 -0.0001
vn -0.3269 -0.5564 -0.7639
vn -0.0103 -0.1038 -0.9945
vn -0.0380 -0.0941 -0.9948
vn 0.0139 -0.1682 -0.9857
vn -0.0114 0.5479 0.8365
vt 0.064277 0.350790
vt 0.132470 0.348375
vt 0.062208 0.388945
vt 0.134910 0.417289
vt 0.063302 0.419824
vt 0.332464 0.380282
vt 0.133760 0.384800
vt 0.137350 0.486200
vt 0.335965 0.479168
vt 0.064395 0.450701
vt 0.136061 0.449775
vt 0.333586 0.411962
vt 0.128485 0.486513
vt 0.069157 0.488614
vt 0.332396 0.378360
vt 0.333305 0.404050
vt 0.333375 0.406028
vt 0.062394 0.351235
vt 0.067247 0.488303
vt 0.330761 0.342875
vt 0.331206 0.344759
vt 0.061294 0.352416
vt 0.060983 0.354326
vt 0.066066 0.487206
vt 0.065621 0.485322
vt 0.329583 0.341775
vt 0.327673 0.341464
vt 0.133412 0.486339
vt 0.136365 0.486234
vt 0.061115 0.358068
vt 0.065488 0.481578
vt 0.335829 0.475327
vt 0.334707 0.443645
vt 0.332328 0.376434
vt 0.332579 0.383539
vt 0.332831 0.390645
vt 0.333082 0.397751
vt 0.333334 0.404856
vt 0.333982 0.423163
vt 0.334379 0.434365
vt 0.334775 0.445566
vt 0.335172 0.456767
vt 0.335568 0.467969
vt 0.331342 0.348599
vt 0.333189 0.400763
vt 0.332792 0.389562
vt 0.331999 0.367159
vt 0.331603 0.355957
vt 0.131441 0.486409
vt 0.134397 0.486304
vt 0.332941 0.393743
vt 0.333796 0.417898
vt 0.334156 0.428065
vt 0.334231 0.430183
vt 0.333016 0.395861
vt 0.331626 0.356626
vt 0.333090 0.397979
vt 0.332791 0.389510
vt 0.332716 0.387392
vt 0.332866 0.391628
vt 0.333165 0.400095
vt 0.333516 0.409984
vt 0.333445 0.408006
vt 0.333235 0.402072
vt 0.334006 0.423831
vt 0.333936 0.421854
vt 0.333866 0.419876
vt 0.333656 0.413942
vt 0.333726 0.415920
vt 0.334381 0.434416
vt 0.334455 0.436532
vt 0.334306 0.432298
vt 0.334081 0.425947
vt 0.137211 0.482261
vt 0.132610 0.352314
vt 0.332076 0.369328
s 1
f 1/1/1 2/1/2 3/1/1
f 4/2/3 5/1/4 1/1/3
f 4/2/5 6/2/6 7/2/6
f 8/2/7 2/1/8 6/2/8
f 5/1/9 9/1/10 2/1/2
f 3/1/1 10/1/11 1/1/1
f 7/2/4 11/1/12 5/1/4
f 1/1/3 12/2/13 4/2/3
f 6/2/6 13/2/6 7/2/6
f 4/2/5 14/2/14 8/2/14
f 6/2/8 9/1/7 15/2/7
f 8/2/7 16/1/15 3/1/7
f 17/1/16 18/1/16 19/1/16
f 20/2/17 19/1/17 21/2/17
f 22/2/18 21/2/18 23/2/18
f 18/1/19 22/2/19 23/2/19
f 19/1/20 24/1/20 25/1/20
f 26/1/21 27/1/21 28/1/21
f 29/2/22 19/1/22 25/1/22
f 27/1/23 20/2/23 30/2/23
f 23/2/24 29/2/25 31/2/26
f 20/2/27 32/2/27 30/2/27
f 18/1/28 31/2/29 24/1/30
f 22/2/31 28/1/31 32/2/31
f 1/1/1 5/1/9 2/1/2
f 4/2/3 7/2/4 5/1/4
f 4/2/5 8/2/14 6/2/6
f 8/2/7 3/1/7 2/1/8
f 5/1/9 11/1/32 9/1/10
f 3/1/1 16/1/11 10/1/11
f 7/2/4 13/2/33 11/1/12
f 1/1/3 10/1/13 12/2/13
f 6/2/6 15/2/6 13/2/6
f 4/2/5 12/2/34 14/2/14
f 6/2/8 2/1/8 9/1/7
f 8/2/7 14/2/15 16/1/15
f 17/1/16 26/1/16 18/1/16
f 20/2/17 17/1/17 19/1/17
f 22/2/18 20/2/18 21/2/18
f 18/1/19 26/1/19 22/2/19
f 19/1/20 18/1/20 24/1/20
f 26/1/21 17/1/21 27/1/21
f 29/2/22 21/2/22 19/1/22
f 27/1/35 17/1/35 20/2/35
f 23/2/24 21/2/24 29/2/25
f 20/2/27 22/2/27 32/2/27
f 18/1/28 23/2/29 31/2/29
f 22/2/36 26/1/36 28/1/36
f 33/3/37 34/4/37 35/5/37
f 36/6/37 34/4/37 37/7/37
f 38/8/37 39/9/37 40/8/37
f 39/9/37 41/8/37 40/8/37
f 42/9/37 43/8/37 44/9/37
f 45/9/37 46/8/37 47/9/37
f 48/8/37 49/9/37 50/9/37
f 49/9/37 51/8/37 52/9/37
f 52/9/37 53/8/37 54/9/37
f 54/9/37 55/8/37 42/9/37
f 41/8/37 56/9/37 57/8/37
f 57/8/37 58/9/37 59/8/37
f 59/8/37 44/9/37 43/8/37
f 60/9/37 61/8/37 62/8/37
f 63/9/37 64/8/37 65/8/37
f 66/9/37 65/8/37 67/8/37
f 66/9/37 68/8/37 45/9/37
f 48/8/37 69/9/37 70/8/37
f 70/8/37 71/9/37 72/8/37
f 46/8/37 71/9/37 47/9/37
f 73/9/38 74/8/39 75/8/37
f 76/9/37 75/8/37 61/8/37
f 62/8/37 77/9/37 60/9/37
f 78/10/40 79/4/40 80/5/40
f 81/11/40 82/12/40 79/4/40
f 83/9/41 84/8/42 85/8/43
f 83/9/41 86/8/44 87/9/44
f 88/8/45 89/9/44 90/9/45
f 91/9/45 92/8/45 93/8/46
f 94/8/45 95/9/45 96/8/45
f 97/8/45 95/9/45 98/9/45
f 99/8/45 98/9/45 100/9/44
f 101/8/45 100/9/44 89/9/44
f 102/9/45 86/8/44 103/8/44
f 104/9/45 103/8/44 105/8/45
f 90/9/45 105/8/45 88/8/45
f 106/8/47 107/9/45 108/8/45
f 109/8/45 110/9/45 111/8/45
f 111/8/45 112/9/45 113/8/44
f 112/9/45 93/8/46 113/8/44
f 94/8/45 114/9/45 115/9/45
f 116/8/45 117/9/45 114/9/45
f 117/9/45 92/8/45 118/9/46
f 119/8/48 120/9/45 121/8/49
f 121/8/49 122/9/47 106/8/47
f 123/9/45 108/8/45 107/9/45
f 9/1/50 13/2/50 15/2/50
f 124/13/51 125/14/52 126/14/52
f 127/10/53 128/5/53 129/10/53
f 130/15/54 131/16/54 132/17/54
f 133/8/55 134/8/56 135/8/57
f 136/9/58 137/9/59 138/9/60
f 136/9/58 139/9/61 140/9/62
f 141/8/56 142/8/63 134/8/56
f 143/8/64 144/8/65 145/8/66
f 146/9/67 147/9/68 148/9/69
f 149/9/70 150/9/71 151/9/72
f 149/9/70 151/9/72 152/9/73
f 153/8/74 154/8/75 155/8/76
f 156/8/77 157/8/78 158/8/77
f 159/9/79 160/9/80 161/9/81
f 162/8/82 158/8/77 163/8/83
f 161/9/81 164/9/68 165/9/84
f 165/9/84 164/9/68 166/9/84
f 167/8/85 163/8/83 168/8/86
f 169/9/68 170/9/84 171/9/62
f 169/9/68 171/9/62 172/9/87
f 173/8/88 168/8/86 144/8/65
f 172/9/87 174/9/89 175/9/90
f 175/9/90 174/9/89 146/9/67
f 140/9/62 176/9/54 177/9/59
f 178/8/91 179/8/92 142/8/93
f 177/9/59 180/9/54 181/9/54
f 177/9/59 181/9/54 182/9/94
f 183/8/95 184/8/96 179/8/92
f 182/9/94 185/9/69 148/9/69
f 182/9/94 148/9/69 147/9/68
f 186/8/97 145/8/66 184/8/96
f 187/9/98 188/9/99 189/9/100
f 190/8/101 191/8/102 192/8/103
f 193/9/104 194/9/105 195/9/106
f 196/8/107 197/8/108 198/8/109
f 199/8/110 198/8/109 200/8/111
f 201/9/112 202/9/113 203/9/114
f 201/9/112 203/9/114 149/9/70
f 204/8/115 200/8/111 154/8/75
f 205/8/116 206/8/117 157/8/78
f 207/9/118 208/9/119 209/9/120
f 207/9/118 209/9/120 159/9/79
f 210/8/121 211/8/122 206/8/117
f 212/9/123 213/9/124 214/9/125
f 212/9/123 214/9/125 207/9/118
f 215/8/126 155/8/76 211/8/122
f 152/9/73 216/9/127 217/9/128
f 152/9/73 217/9/128 212/9/123
f 218/9/129 219/9/130 220/9/131
f 220/9/131 221/8/132 222/8/133
f 223/8/134 221/8/132 224/8/135
f 189/9/100 225/9/136 218/9/129
f 226/8/137 224/8/135 191/8/102
f 227/8/138 192/8/103 197/8/108
f 195/9/106 228/9/139 187/9/98
f 229/18/140 10/1/141 16/1/142
f 230/19/143 126/14/52 125/14/52
f 231/20/144 232/21/145 233/21/145
f 231/20/144 234/21/145 235/21/145
f 231/20/144 236/21/145 237/21/145
f 231/20/144 238/21/145 239/21/145
f 231/20/144 240/21/146 241/21/147
f 231/20/144 242/21/145 243/21/148
f 231/20/144 243/21/148 244/20/149
f 245/22/150 246/18/150 229/18/150
f 247/23/151 248/22/152 245/22/153
f 249/24/154 250/19/155 230/19/156
f 251/25/157 252/24/158 249/24/158
f 253/26/159 231/20/159 244/20/159
f 254/27/160 255/26/161 253/26/161
f 10/1/141 256/2/50 12/2/50
f 14/2/50 257/1/162 16/1/142
f 258/14/52 259/8/51 84/8/51
f 125/14/52 260/28/51 261/29/51
f 125/14/52 261/29/51 259/8/51
f 38/8/51 262/29/51 263/28/51
f 263/28/51 264/14/52 38/8/51
f 124/13/51 126/14/52 264/14/52
f 265/30/163 266/23/164 267/3/53
f 268/31/53 269/25/165 127/10/53
f 270/5/53 269/25/165 271/3/53
f 272/30/53 269/25/165 266/23/164
f 266/23/164 273/31/53 78/10/53
f 266/23/164 80/5/53 267/3/53
f 274/31/166 275/25/167 276/10/53
f 277/30/53 278/23/151 279/3/53
f 128/5/53 278/23/151 129/10/53
f 280/31/53 278/23/151 275/25/167
f 275/25/167 281/30/53 33/3/53
f 275/25/167 35/5/53 276/10/53
f 282/32/54 283/9/168 284/33/54
f 285/34/54 286/21/146 287/35/54
f 288/36/54 286/21/146 289/37/54
f 290/38/54 286/21/146 291/12/54
f 292/39/54 286/21/146 293/40/54
f 294/41/54 286/21/146 295/42/54
f 296/43/54 286/21/146 283/9/168
f 283/9/168 297/44/54 298/6/54
f 283/9/168 82/12/54 284/33/54
f 299/44/169 243/21/148 36/6/54
f 300/43/54 301/9/168 302/42/54
f 303/41/54 301/9/168 304/40/54
f 305/39/54 301/9/168 306/12/54
f 307/45/54 301/9/168 308/46/54
f 130/15/54 301/9/168 309/47/54
f 310/48/54 301/9/168 243/21/148
f 243/21/148 311/32/54 312/33/54
f 243/21/148 313/12/54 36/6/54
f 12/2/50 314/27/170 315/27/171
f 254/27/160 316/2/50 14/2/50
f 83/9/172 283/9/168 317/9/173
f 136/9/58 301/9/168 318/9/168
f 84/8/174 319/8/175 320/8/176
f 84/8/174 135/8/57 85/8/177
f 135/8/57 134/8/56 85/8/177
f 40/8/56 321/8/55 38/8/178
f 141/8/56 322/8/179 323/8/179
f 141/8/56 323/8/179 321/8/55
f 87/9/62 324/9/58 83/9/172
f 140/9/62 39/9/58 136/9/58
f 134/8/56 86/8/63 85/8/177
f 178/8/63 40/8/56 41/8/63
f 145/8/66 101/8/180 88/8/181
f 173/8/88 43/8/64 55/8/182
f 89/9/87 325/9/68 90/9/183
f 174/9/89 44/9/68 147/9/68
f 91/9/184 152/9/73 118/9/185
f 326/9/186 47/9/187 327/9/187
f 155/8/76 93/8/188 92/8/189
f 204/8/115 46/8/190 68/8/115
f 158/8/77 94/8/191 96/8/192
f 205/8/116 328/8/77 48/8/116
f 115/9/193 161/9/81 95/9/194
f 329/9/195 49/9/196 330/9/196
f 163/8/83 96/8/192 97/8/197
f 156/8/77 51/8/82 328/8/77
f 95/9/194 165/9/84 98/9/84
f 330/9/196 52/9/84 170/9/84
f 168/8/86 97/8/197 99/8/198
f 162/8/82 53/8/85 51/8/82
f 98/9/84 331/9/62 100/9/87
f 170/9/84 54/9/62 171/9/62
f 144/8/65 99/8/198 101/8/180
f 167/8/85 55/8/182 53/8/85
f 100/9/87 332/9/89 89/9/87
f 171/9/62 42/9/89 174/9/89
f 102/9/59 333/9/62 87/9/62
f 177/9/59 334/9/62 140/9/62
f 142/8/93 103/8/199 86/8/200
f 183/8/95 41/8/201 57/8/202
f 104/9/94 335/9/59 102/9/59
f 182/9/94 56/9/59 177/9/59
f 179/8/92 105/8/203 103/8/199
f 186/8/97 57/8/202 59/8/204
f 90/9/183 336/9/94 104/9/94
f 147/9/68 58/9/94 182/9/94
f 184/8/96 88/8/181 105/8/203
f 143/8/64 59/8/204 43/8/64
f 122/9/205 228/9/139 107/9/206
f 189/9/100 60/9/98 187/9/98
f 192/8/103 106/8/207 108/8/208
f 226/8/137 62/8/209 61/8/137
f 123/9/210 337/9/211 110/9/212
f 195/9/106 63/9/104 193/9/104
f 198/8/109 109/8/213 111/8/214
f 227/8/138 65/8/107 64/8/138
f 110/9/212 201/9/112 112/9/215
f 193/9/104 66/9/216 338/9/217
f 200/8/111 111/8/214 113/8/218
f 196/8/107 67/8/219 65/8/107
f 112/9/215 149/9/70 91/9/184
f 338/9/217 45/9/186 326/9/186
f 154/8/75 113/8/218 93/8/188
f 199/8/110 68/8/115 67/8/219
f 157/8/78 116/8/220 94/8/191
f 210/8/121 48/8/116 70/8/121
f 114/9/221 159/9/79 115/9/193
f 339/9/222 50/9/195 329/9/195
f 206/8/117 340/8/223 116/8/220
f 215/8/126 70/8/121 72/8/126
f 117/9/224 207/9/118 114/9/221
f 341/9/225 69/9/222 339/9/222
f 211/8/122 92/8/189 340/8/223
f 153/8/74 72/8/126 46/8/190
f 118/9/185 212/9/123 117/9/224
f 327/9/187 71/9/226 341/9/225
f 342/9/227 225/9/136 120/9/228
f 220/9/131 73/9/38 218/9/129
f 219/9/130 119/8/229 221/8/132
f 220/9/131 74/8/39 73/9/38
f 224/8/135 119/8/229 121/8/230
f 222/8/133 75/8/231 74/8/39
f 120/9/228 188/9/99 122/9/205
f 218/9/129 76/9/232 189/9/100
f 191/8/102 121/8/230 106/8/207
f 223/8/134 61/8/137 75/8/231
f 197/8/108 108/8/208 109/8/213
f 190/8/101 64/8/138 62/8/209
f 107/9/206 194/9/105 123/9/210
f 187/9/98 77/9/233 195/9/106
f 246/18/140 343/1/162 10/1/141
f 16/1/142 344/18/234 229/18/140
f 250/19/235 264/14/52 126/14/52
f 125/14/52 345/19/235 230/19/143
f 231/20/144 346/20/236 286/21/146
f 243/21/148 347/20/237 244/20/149
f 248/22/150 348/18/150 246/18/150
f 229/18/150 349/22/150 245/22/150
f 266/23/164 350/22/238 248/22/152
f 245/22/153 278/23/151 247/23/151
f 252/24/239 351/19/156 250/19/155
f 230/19/156 352/24/156 249/24/154
f 275/25/167 353/24/240 252/24/158
f 249/24/158 269/25/165 251/25/157
f 255/26/159 346/20/159 231/20/159
f 244/20/159 354/26/159 253/26/159
f 315/27/171 355/26/161 255/26/161
f 253/26/161 356/27/170 254/27/160
f 321/8/241 357/8/242 262/29/243
f 259/8/244 358/8/244 319/8/245
f 124/13/246 359/49/247 360/13/248
f 321/8/241 323/8/249 361/8/250
f 323/8/249 362/8/251 361/8/250
f 322/8/252 363/50/253 362/8/251
f 321/8/241 361/8/250 357/8/242
f 362/8/251 357/8/242 361/8/250
f 363/50/253 364/8/254 362/8/251
f 364/8/254 262/29/243 357/8/242
f 365/49/254 263/28/255 364/8/254
f 259/8/244 261/29/256 366/8/257
f 261/29/256 367/8/258 366/8/257
f 260/28/259 359/49/260 367/8/258
f 259/8/244 366/8/257 358/8/244
f 367/8/258 358/8/244 366/8/257
f 359/49/260 368/8/261 367/8/258
f 368/8/261 319/8/245 358/8/244
f 369/50/262 320/8/263 368/8/261
f 365/49/264 369/50/247 359/49/247
f 363/50/265 135/8/266 369/50/247
f 370/51/54 235/21/145 234/21/145
f 304/40/54 371/52/54 303/41/54
f 372/52/54 293/40/54 294/41/54
f 373/53/54 374/9/267 375/54/54
f 376/9/168 377/53/54 378/54/54
f 379/55/54 240/21/146 380/51/54
f 287/35/54 381/17/54 382/16/54
f 286/21/146 383/56/54 384/21/145
f 286/21/146 384/21/145 231/20/144
f 383/56/54 385/57/54 384/21/145
f 385/57/54 232/21/145 384/21/145
f 385/57/54 233/21/145 232/21/145
f 386/55/54 234/21/145 233/21/145
f 237/21/145 387/58/54 388/59/54
f 236/21/145 389/60/54 387/58/54
f 390/58/54 237/21/145 388/59/54
f 391/60/54 238/21/145 390/58/54
f 380/51/54 239/21/145 391/60/54
f 242/21/145 392/61/54 243/21/148
f 241/21/147 393/57/54 242/21/145
f 394/62/54 306/12/54 307/45/54
f 307/45/54 395/63/54 394/62/54
f 308/46/54 132/17/54 395/63/54
f 392/61/54 310/48/54 243/21/148
f 396/64/54 309/47/54 310/48/54
f 300/43/54 397/65/54 318/9/168
f 302/42/54 398/66/54 300/43/54
f 303/41/54 399/67/54 302/42/54
f 400/68/54 306/12/54 401/12/54
f 402/69/54 305/39/54 400/68/54
f 403/9/268 404/70/54 405/71/54
f 406/9/269 407/72/54 404/70/54
f 408/9/270 378/54/54 407/72/54
f 397/65/54 409/9/168 318/9/168
f 410/73/54 411/9/271 409/9/168
f 412/70/54 403/9/268 405/71/54
f 413/72/54 414/9/272 412/70/54
f 375/54/54 415/9/273 413/72/54
f 416/9/168 417/65/54 283/9/168
f 418/9/274 419/73/54 416/9/168
f 417/65/54 296/43/54 283/9/168
f 420/66/54 295/42/54 296/43/54
f 421/67/54 294/41/54 295/42/54
f 422/68/54 291/12/54 292/39/54
f 292/39/54 423/69/54 422/68/54
f 290/38/54 424/12/54 425/62/54
f 289/37/54 425/62/54 426/63/54
f 288/36/54 426/63/54 381/17/54
f 383/56/54 285/34/54 427/61/54
f 285/34/54 428/64/54 427/61/54
f 382/16/54 285/34/54 287/35/54
f 274/31/166 353/24/240 275/25/167
f 429/74/37 351/19/37 274/31/166
f 351/19/37 38/8/37 264/14/37
f 274/31/166 430/11/37 429/74/37
f 276/10/37 34/4/37 430/11/37
f 257/1/37 431/75/37 344/18/37
f 281/30/37 344/18/37 431/75/37
f 344/18/37 278/23/37 349/22/37
f 37/7/37 281/30/37 431/75/37
f 311/32/37 38/8/37 429/74/37
f 312/33/37 429/74/37 430/11/37
f 313/12/37 430/11/37 34/4/37
f 299/44/169 347/20/237 243/21/148
f 431/75/37 354/26/37 299/44/169
f 354/26/37 316/2/37 356/27/37
f 37/7/37 299/44/169 36/6/37
f 265/30/163 350/22/238 266/23/164
f 432/75/40 348/18/40 265/30/163
f 348/18/40 256/2/40 343/1/40
f 265/30/163 433/7/40 432/75/40
f 267/3/40 79/4/40 433/7/40
f 258/14/40 434/74/40 345/19/40
f 273/31/40 345/19/40 434/74/40
f 345/19/40 269/25/40 352/24/40
f 81/11/40 273/31/40 434/74/40
f 314/27/40 432/75/40 355/26/40
f 297/44/40 355/26/40 432/75/40
f 355/26/40 286/21/40 346/20/40
f 433/7/40 297/44/40 432/75/40
f 79/4/40 298/6/40 433/7/40
f 282/32/40 84/8/42 317/9/275
f 284/33/40 434/74/40 282/32/40
f 272/30/53 247/23/151 277/30/53
f 271/3/53 277/30/53 279/3/53
f 270/5/53 279/3/53 128/5/53
f 280/31/53 251/25/157 268/31/53
f 129/10/53 268/31/53 127/10/53
f 330/9/196 435/9/276 329/9/195
f 435/9/276 436/9/277 329/9/195
f 436/9/277 339/9/222 329/9/195
f 437/9/278 438/9/279 339/9/222
f 439/9/280 170/9/84 440/9/281
f 341/9/225 438/9/279 441/9/282
f 441/9/282 327/9/187 341/9/225
f 442/9/283 443/9/284 327/9/187
f 443/9/284 326/9/186 327/9/187
f 444/9/285 445/9/286 326/9/186
f 445/9/286 338/9/217 326/9/186
f 446/9/287 447/9/288 338/9/217
f 448/9/289 337/9/211 449/9/290
f 447/9/288 193/9/104 338/9/217
f 193/9/104 450/9/291 337/9/211
f 337/9/211 450/9/291 449/9/290
f 165/9/84 451/9/292 331/9/62
f 451/9/292 452/9/61 331/9/62
f 332/9/89 452/9/61 453/9/293
f 453/9/293 325/9/68 332/9/89
f 454/9/294 455/9/183 325/9/68
f 336/9/94 455/9/183 456/9/94
f 456/9/94 335/9/59 336/9/94
f 457/9/293 458/9/59 335/9/59
f 458/9/59 333/9/62 335/9/59
f 459/9/54 460/9/61 333/9/62
f 460/9/61 324/9/58 333/9/62
f 461/9/295 462/9/296 324/9/58
f 324/9/58 463/9/297 464/9/298
f 465/9/299 416/9/168 466/9/300
f 136/9/58 409/9/168 376/9/168
s 0
f 409/9/301 411/9/301 376/9/301
f 376/9/301 406/9/301 414/9/301
f 406/9/302 403/9/303 414/9/272
f 414/9/51 374/9/51 416/9/51
f 374/9/267 418/9/304 416/9/168
s 1
f 414/9/305 136/9/58 376/9/168
f 416/9/168 464/9/298 466/9/300
f 324/9/58 464/9/298 283/9/168
f 467/4/306 468/3/307 469/5/307
f 470/6/308 467/4/306 471/12/308
f 472/9/309 473/8/310 474/9/311
f 475/9/312 473/8/310 476/8/313
f 477/8/314 478/9/315 479/9/316
f 480/9/317 481/8/318 482/8/319
f 483/8/320 484/9/321 485/8/322
f 486/8/323 484/9/321 487/9/324
f 488/8/325 487/9/324 489/9/326
f 490/8/327 489/9/326 478/9/315
f 491/9/328 476/8/313 492/8/329
f 493/9/330 492/8/329 494/8/331
f 479/9/316 494/8/331 477/8/314
f 495/8/332 496/9/333 497/8/334
f 498/8/335 499/9/336 500/8/337
f 500/8/337 501/9/338 502/8/338
f 501/9/338 482/8/319 502/8/338
f 483/8/320 503/9/339 504/9/340
f 505/8/341 506/9/342 503/9/339
f 507/8/343 508/9/344 506/9/342
f 509/8/345 510/9/346 511/8/347
f 511/8/347 512/9/348 495/8/332
f 513/9/349 497/8/334 496/9/333
f 514/4/350 515/10/351 516/5/351
f 517/12/352 518/11/350 514/4/350
f 519/9/353 520/8/354 521/8/355
f 520/8/354 522/9/356 523/8/357
f 524/9/358 525/8/359 526/9/360
f 527/9/361 528/8/362 529/9/363
f 530/8/364 531/9/365 532/9/366
f 531/9/365 533/8/367 534/9/368
f 534/9/368 535/8/369 536/9/370
f 536/9/370 537/8/371 524/9/358
f 523/8/357 538/9/372 539/8/373
f 539/8/373 540/9/374 541/8/375
f 541/8/375 526/9/360 525/8/359
f 542/9/376 543/8/377 544/8/378
f 545/9/379 546/8/380 547/8/381
f 548/9/382 547/8/381 549/8/383
f 548/9/382 550/8/384 527/9/361
f 530/8/364 551/9/385 552/8/386
f 552/8/386 553/9/387 554/8/388
f 554/8/388 529/9/363 528/8/362
f 555/9/389 556/8/390 557/8/391
f 558/9/392 557/8/391 543/8/377
f 544/8/378 559/9/393 542/9/376
f 24/1/51 29/2/51 25/1/51
f 560/13/394 561/14/395 562/14/396
f 563/10/397 564/5/398 565/5/397
f 566/16/53 567/15/399 568/17/53
f 569/8/400 570/8/401 571/8/402
f 572/9/403 573/9/404 574/9/405
f 575/9/406 573/9/404 576/9/407
f 577/8/408 578/8/409 569/8/400
f 579/8/410 580/8/411 581/8/412
f 582/9/413 583/9/414 584/9/415
f 585/9/416 586/9/417 587/9/418
f 588/9/419 587/9/418 586/9/417
f 589/8/420 590/8/421 591/8/422
f 592/8/423 593/8/424 594/8/425
f 595/9/426 596/9/427 597/9/428
f 594/8/425 598/8/429 599/8/430
f 597/9/428 600/9/431 595/9/426
f 601/9/432 600/9/431 602/9/433
f 599/8/430 603/8/434 604/8/435
f 605/9/436 606/9/437 607/9/438
f 608/9/439 607/9/438 606/9/437
f 604/8/435 609/8/440 579/8/410
f 608/9/439 610/9/441 607/9/438
f 583/9/414 610/9/441 611/9/442
f 576/9/407 612/9/53 575/9/406
f 613/8/443 614/8/444 577/8/445
f 615/9/446 616/9/447 617/9/53
f 618/9/448 617/9/53 616/9/447
f 619/8/449 620/8/450 613/8/443
f 621/9/415 618/9/448 584/9/415
f 582/9/413 584/9/415 618/9/448
f 581/8/412 622/8/451 619/8/449
f 623/9/452 624/9/453 625/9/454
f 626/8/455 627/8/456 628/8/457
f 629/9/458 630/9/459 631/9/460
f 632/8/461 633/8/462 634/8/463
f 634/8/463 635/8/464 636/8/465
f 637/9/466 638/9/467 639/9/468
f 586/9/417 639/9/468 638/9/467
f 636/8/465 640/8/469 589/8/420
f 641/8/470 642/8/471 592/8/423
f 643/9/472 644/9/473 645/9/474
f 596/9/427 644/9/473 646/9/475
f 647/8/476 648/8/477 641/8/470
f 649/9/478 650/9/479 643/9/472
f 646/9/475 643/9/472 650/9/479
f 591/8/422 651/8/480 647/8/476
f 652/9/481 588/9/419 653/9/482
f 650/9/479 653/9/482 588/9/419
f 654/9/483 655/9/484 656/9/485
f 657/9/486 658/8/487 655/9/484
f 658/8/487 659/8/488 660/8/489
f 661/9/490 656/9/485 624/9/453
f 660/8/489 662/8/491 626/8/455
f 628/8/457 663/8/492 632/8/461
f 664/9/493 625/9/454 630/9/459
f 665/18/494 27/1/495 666/18/496
f 667/19/497 561/14/395 668/19/498
f 669/21/499 670/20/500 671/21/501
f 672/21/502 670/20/500 673/21/503
f 674/21/504 670/20/500 675/21/505
f 676/21/506 670/20/500 677/21/507
f 678/21/508 670/20/500 679/21/509
f 680/21/510 670/20/500 681/21/511
f 682/20/512 681/21/511 670/20/500
f 683/22/513 666/18/514 684/22/515
f 685/23/516 684/22/517 686/23/518
f 687/24/519 668/19/520 688/24/520
f 689/25/521 688/24/522 690/25/523
f 691/26/524 670/20/525 692/26/525
f 693/27/526 692/26/527 694/27/528
f 27/1/495 695/2/529 696/1/530
f 697/2/531 28/1/532 698/1/533
f 562/14/396 521/8/534 699/8/535
f 560/13/394 700/29/536 701/28/537
f 699/8/535 700/29/536 562/14/396
f 702/29/538 703/8/539 704/28/540
f 705/13/541 703/8/539 706/14/542
f 706/14/542 561/14/395 705/13/541
f 686/23/518 707/30/543 708/3/544
f 709/25/545 710/31/546 563/10/397
f 709/25/545 565/5/397 711/3/547
f 711/3/547 686/23/518 709/25/545
f 709/25/545 515/10/548 712/31/549
f 516/5/544 686/23/518 708/3/544
f 690/25/523 713/31/550 714/10/551
f 715/23/552 716/30/553 717/3/398
f 715/23/552 564/5/398 718/10/554
f 718/10/554 690/25/523 715/23/552
f 715/23/552 468/3/555 719/30/556
f 469/5/551 690/25/523 714/10/551
f 720/9/557 721/32/558 722/33/559
f 723/21/560 724/34/561 725/35/561
f 723/21/560 726/36/561 727/37/561
f 723/21/560 728/38/561 729/12/561
f 723/21/560 730/39/561 731/40/561
f 723/21/560 732/41/561 733/42/561
f 723/21/560 734/43/561 720/9/557
f 723/21/560 735/6/562 736/44/563
f 517/12/559 720/9/557 722/33/559
f 681/21/511 737/44/564 470/6/565
f 472/9/566 738/43/399 739/42/399
f 472/9/566 740/41/399 741/40/399
f 472/9/566 742/39/399 743/12/399
f 472/9/566 744/45/399 745/46/399
f 472/9/566 567/15/399 746/47/567
f 472/9/566 747/48/568 681/21/511
f 748/32/569 681/21/511 749/33/570
f 471/12/565 681/21/511 470/6/565
f 30/2/571 750/27/572 695/2/529
f 751/27/573 32/2/574 697/2/531
f 720/9/557 752/9/575 519/9/576
f 474/9/577 753/9/578 472/9/566
f 754/8/579 521/8/580 755/8/581
f 571/8/402 521/8/580 520/8/582
f 520/8/582 569/8/400 571/8/402
f 578/8/409 703/8/583 756/8/584
f 570/8/401 757/8/585 758/8/586
f 756/8/584 757/8/585 578/8/409
f 759/9/587 522/9/588 752/9/575
f 475/9/589 573/9/404 474/9/577
f 523/8/590 569/8/400 520/8/582
f 473/8/591 614/8/592 476/8/593
f 537/8/594 581/8/412 525/8/595
f 477/8/596 609/8/440 490/8/597
f 760/9/598 524/9/599 526/9/600
f 478/9/601 582/9/413 479/9/602
f 588/9/419 527/9/603 529/9/604
f 761/9/605 508/9/606 480/9/607
f 550/8/608 591/8/422 528/8/609
f 481/8/610 640/8/469 482/8/611
f 530/8/612 594/8/425 762/8/613
f 593/8/424 483/8/614 485/8/615
f 597/9/428 532/9/616 531/9/617
f 763/9/618 484/9/619 504/9/620
f 762/8/613 599/8/430 533/8/621
f 486/8/622 593/8/424 485/8/615
f 602/9/433 531/9/617 534/9/623
f 484/9/619 605/9/436 487/9/624
f 533/8/621 604/8/435 535/8/625
f 603/8/434 486/8/622 488/8/626
f 764/9/627 534/9/623 536/9/628
f 487/9/624 607/9/438 489/9/629
f 535/8/625 579/8/410 537/8/594
f 609/8/440 488/8/626 490/8/597
f 765/9/630 536/9/628 524/9/599
f 489/9/629 610/9/441 478/9/601
f 766/9/631 538/9/632 522/9/588
f 491/9/633 576/9/407 475/9/589
f 539/8/634 577/8/445 523/8/635
f 476/8/636 620/8/450 492/8/637
f 767/9/638 540/9/639 538/9/632
f 493/9/640 616/9/447 491/9/633
f 541/8/641 613/8/443 539/8/634
f 492/8/637 622/8/451 494/8/642
f 768/9/643 526/9/600 540/9/639
f 479/9/602 618/9/448 493/9/640
f 525/8/595 619/8/449 541/8/641
f 622/8/451 477/8/596 494/8/642
f 625/9/454 558/9/644 542/9/645
f 512/9/646 623/9/452 496/9/647
f 543/8/648 628/8/457 544/8/649
f 627/8/456 495/8/650 497/8/651
f 631/9/460 559/9/652 545/9/653
f 513/9/654 629/9/458 499/9/655
f 546/8/656 634/8/463 547/8/657
f 633/8/462 498/8/658 500/8/659
f 638/9/467 545/9/653 548/9/660
f 629/9/458 501/9/661 499/9/655
f 547/8/657 636/8/465 549/8/662
f 502/8/663 633/8/462 500/8/659
f 586/9/417 548/9/660 527/9/603
f 501/9/661 761/9/605 480/9/607
f 549/8/662 589/8/420 550/8/608
f 640/8/469 502/8/663 482/8/611
f 552/8/664 592/8/423 530/8/612
f 483/8/614 648/8/477 505/8/665
f 596/9/427 551/9/666 532/9/616
f 503/9/667 763/9/618 504/9/620
f 554/8/668 641/8/470 552/8/664
f 505/8/665 651/8/480 507/8/669
f 646/9/475 553/9/670 551/9/666
f 506/9/671 769/9/672 503/9/667
f 528/8/609 647/8/476 554/8/668
f 651/8/480 481/8/610 507/8/669
f 650/9/479 529/9/604 553/9/670
f 770/9/673 506/9/671 508/9/606
f 656/9/485 771/9/674 555/9/675
f 657/9/486 510/9/676 772/9/677
f 655/9/484 556/8/678 771/9/674
f 509/8/679 657/9/486 772/9/677
f 556/8/678 660/8/489 557/8/680
f 511/8/681 773/8/682 509/8/679
f 624/9/453 555/9/675 558/9/644
f 654/9/483 512/9/646 510/9/676
f 557/8/680 626/8/455 543/8/648
f 495/8/650 659/8/488 511/8/681
f 544/8/649 632/8/461 546/8/656
f 663/8/492 497/8/651 498/8/658
f 630/9/459 542/9/645 559/9/652
f 623/9/452 513/9/654 496/9/647
f 666/18/496 696/1/530 774/18/683
f 698/1/533 665/18/494 775/18/684
f 668/19/498 706/14/542 776/19/685
f 777/14/686 667/19/497 778/19/687
f 723/21/560 779/20/688 670/20/500
f 780/21/689 682/20/512 781/20/690
f 684/22/515 774/18/691 782/22/692
f 665/18/513 783/22/693 775/18/694
f 684/22/517 707/30/543 686/23/518
f 683/22/695 715/23/552 783/22/696
f 784/24/697 668/19/520 776/19/697
f 667/19/519 785/24/698 778/19/698
f 786/25/699 688/24/522 784/24/700
f 687/24/701 709/25/545 785/24/702
f 787/26/703 670/20/525 779/20/704
f 781/20/705 691/26/524 788/26/705
f 694/27/528 787/26/706 750/27/572
f 788/26/707 693/27/526 751/27/573
f 702/29/708 789/8/709 756/8/710
f 754/8/711 790/8/712 699/8/713
f 791/49/714 705/13/715 560/13/716
f 792/8/717 757/8/718 756/8/710
f 758/8/719 792/8/717 793/8/720
f 794/50/721 758/8/719 793/8/720
f 789/8/709 792/8/717 756/8/710
f 793/8/720 789/8/709 795/8/722
f 794/50/721 795/8/722 796/49/723
f 704/28/724 789/8/709 702/29/708
f 796/49/723 704/28/724 705/13/725
f 797/8/726 700/29/727 699/8/713
f 701/28/728 797/8/726 798/8/729
f 791/49/730 701/28/728 798/8/729
f 790/8/712 797/8/726 699/8/713
f 798/8/729 790/8/712 799/8/731
f 791/49/730 799/8/731 800/50/732
f 755/8/733 790/8/712 754/8/711
f 800/50/732 755/8/733 571/8/734
f 800/50/735 796/49/736 791/49/714
f 571/8/737 794/50/738 800/50/735
f 673/21/503 801/51/739 672/21/502
f 802/52/53 741/40/399 740/41/399
f 731/40/561 803/52/53 732/41/561
f 804/9/740 805/53/53 806/54/53
f 807/53/53 808/9/741 809/54/53
f 678/21/508 810/55/742 811/51/743
f 725/35/561 812/17/53 726/36/561
f 813/56/744 723/21/560 814/21/745
f 670/20/500 814/21/745 723/21/560
f 815/57/746 813/56/744 814/21/745
f 814/21/745 669/21/499 815/57/746
f 671/21/501 815/57/746 669/21/499
f 672/21/502 816/55/747 671/21/501
f 817/58/748 675/21/505 818/59/749
f 819/60/750 674/21/504 817/58/748
f 675/21/505 820/58/751 818/59/749
f 676/21/506 821/60/752 820/58/751
f 677/21/507 811/51/743 821/60/752
f 822/61/753 680/21/510 681/21/511
f 823/57/754 679/21/509 680/21/510
f 824/62/53 743/12/399 825/12/53
f 826/63/53 744/45/399 824/62/53
f 568/17/53 745/46/399 826/63/53
f 747/48/568 822/61/753 681/21/511
f 746/47/567 827/64/755 747/48/568
f 828/65/53 738/43/399 753/9/578
f 829/66/53 739/42/399 738/43/399
f 830/67/53 740/41/399 739/42/399
f 743/12/399 831/68/53 825/12/53
f 742/39/399 832/69/53 831/68/53
f 833/70/53 834/9/756 835/71/53
f 836/72/53 837/9/757 833/70/53
f 809/54/53 838/9/758 836/72/53
f 839/9/741 828/65/53 753/9/578
f 840/9/759 841/73/53 839/9/741
f 834/9/756 842/70/53 835/71/53
f 843/9/760 844/72/53 842/70/53
f 845/9/761 806/54/53 844/72/53
f 846/65/53 847/9/741 720/9/557
f 848/73/53 849/9/762 847/9/741
f 734/43/561 846/65/53 720/9/557
f 733/42/561 850/66/53 734/43/561
f 732/41/561 851/67/53 733/42/561
f 852/68/53 729/12/561 853/12/53
f 854/69/53 730/39/561 852/68/53
f 728/38/561 853/12/53 729/12/561
f 727/37/561 855/62/53 728/38/561
f 726/36/561 856/63/53 727/37/561
f 724/34/561 813/56/744 857/61/763
f 857/61/763 858/64/53 724/34/561
f 859/16/53 724/34/561 858/64/53
f 784/24/764 713/31/765 786/25/766
f 860/74/767 776/19/768 703/8/769
f 706/14/770 703/8/769 776/19/768
f 861/11/306 713/31/765 860/74/767
f 467/4/306 714/10/307 861/11/306
f 697/2/771 775/18/772 862/75/773
f 719/30/774 775/18/772 715/23/775
f 783/22/776 715/23/775 775/18/772
f 719/30/774 863/7/306 862/75/773
f 472/9/309 860/74/767 703/8/769
f 749/33/308 860/74/767 748/32/777
f 471/12/308 861/11/306 749/33/308
f 781/20/778 737/44/779 780/21/780
f 697/2/771 737/44/779 788/26/781
f 751/27/782 697/2/771 788/26/781
f 863/7/306 737/44/779 862/75/773
f 695/2/783 707/30/543 774/18/784
f 696/1/785 695/2/783 774/18/784
f 864/7/350 707/30/543 865/75/786
f 514/4/350 708/3/351 864/7/350
f 521/8/355 778/19/787 866/74/788
f 712/31/789 778/19/787 709/25/790
f 785/24/791 709/25/790 778/19/787
f 712/31/789 518/11/350 866/74/788
f 695/2/783 787/26/792 865/75/786
f 736/44/793 787/26/792 723/21/794
f 779/20/795 723/21/794 787/26/792
f 736/44/793 864/7/350 865/75/786
f 735/6/352 514/4/350 864/7/350
f 521/8/355 721/32/796 519/9/353
f 866/74/788 722/33/352 721/32/796
f 867/30/797 685/23/516 686/23/518
f 711/3/547 716/30/553 867/30/797
f 565/5/397 717/3/398 711/3/547
f 868/31/798 689/25/521 690/25/523
f 718/10/554 710/31/546 868/31/798
f 869/9/799 870/9/800 763/9/618
f 763/9/618 871/9/801 869/9/799
f 871/9/801 769/9/672 872/9/802
f 769/9/672 873/9/803 872/9/802
f 605/9/436 874/9/804 875/9/432
f 873/9/803 876/9/805 877/9/806
f 877/9/806 770/9/673 878/9/807
f 770/9/673 879/9/808 878/9/807
f 879/9/808 761/9/605 880/9/809
f 761/9/605 881/9/810 880/9/809
f 881/9/810 882/9/811 883/9/812
f 882/9/811 884/9/813 883/9/812
f 631/9/460 885/9/814 886/9/815
f 884/9/813 629/9/458 887/9/816
f 888/9/817 629/9/458 631/9/460
f 886/9/815 888/9/817 631/9/460
f 889/9/818 602/9/433 764/9/627
f 764/9/627 890/9/406 889/9/818
f 890/9/406 765/9/630 891/9/819
f 891/9/819 760/9/598 892/9/820
f 760/9/598 893/9/821 892/9/820
f 893/9/821 768/9/643 894/9/822
f 894/9/822 767/9/638 895/9/819
f 767/9/638 896/9/446 895/9/819
f 896/9/446 766/9/631 897/9/53
f 766/9/631 898/9/406 897/9/53
f 898/9/406 759/9/587 899/9/403
f 759/9/587 900/9/823 899/9/403
f 901/9/824 759/9/587 902/9/824
f 903/9/825 847/9/741 573/9/404
f 839/9/741 573/9/404 808/9/741
f 808/9/741 840/9/759 839/9/741
f 837/9/757 808/9/741 843/9/760
f 843/9/760 834/9/756 837/9/757
f 804/9/740 843/9/760 847/9/741
f 847/9/741 849/9/762 804/9/740
f 843/9/760 573/9/404 847/9/741
f 847/9/741 902/9/824 720/9/557
f 720/9/557 902/9/824 759/9/587
f 131/16/826 568/17/827 132/17/827
f 465/9/828 572/9/829 137/9/830
f 138/9/831 572/9/829 574/9/832
f 138/9/831 575/9/833 139/9/834
f 148/9/835 583/9/836 146/9/837
f 150/9/838 639/9/839 585/9/840
f 150/9/841 587/9/842 151/9/843
f 160/9/844 644/9/845 595/9/846
f 160/9/844 600/9/847 164/9/848
f 166/9/849 600/9/847 601/9/849
f 440/9/40 606/9/850 875/9/40
f 172/9/851 606/9/850 169/9/852
f 172/9/851 611/9/853 608/9/854
f 175/9/855 583/9/836 611/9/853
f 139/9/834 612/9/856 176/9/857
f 176/9/857 615/9/858 180/9/859
f 181/9/860 615/9/858 617/9/861
f 181/9/860 621/9/862 185/9/863
f 148/9/835 621/9/862 584/9/864
f 202/9/865 885/9/866 637/9/867
f 202/9/865 639/9/839 203/9/868
f 208/9/869 643/9/870 645/9/871
f 209/9/872 645/9/873 644/9/874
f 213/9/875 653/9/876 649/9/877
f 213/9/875 643/9/870 214/9/878
f 216/9/879 587/9/842 652/9/880
f 216/9/879 653/9/876 217/9/881
f 254/27/882 694/27/882 315/27/882
f 315/27/883 30/2/884 12/2/885
f 254/27/886 32/2/887 693/27/888
f 370/51/889 819/60/890 389/60/890
f 402/69/891 802/52/892 371/52/892
f 372/52/893 854/69/894 423/69/894
f 375/54/895 805/53/896 373/53/896
f 377/53/897 809/54/898 378/54/899
f 380/51/900 810/55/901 379/55/901
f 381/17/902 859/16/903 382/16/903
f 427/61/904 815/57/905 385/57/905
f 385/57/905 816/55/906 386/55/906
f 386/55/906 801/51/889 370/51/889
f 387/58/907 818/59/51 388/59/51
f 389/60/890 817/58/908 387/58/907
f 388/59/51 820/58/909 390/58/910
f 391/60/911 820/58/909 821/60/911
f 380/51/900 821/60/911 811/51/912
f 393/57/913 822/61/914 392/61/914
f 379/55/901 823/57/913 393/57/913
f 394/62/915 825/12/40 401/12/40
f 395/63/916 824/62/915 394/62/915
f 132/17/827 826/63/916 395/63/916
f 392/61/914 827/64/917 396/64/918
f 396/64/918 566/16/826 131/16/826
f 398/66/919 828/65/920 397/65/920
f 399/67/921 829/66/919 398/66/919
f 371/52/892 830/67/921 399/67/921
f 401/12/40 831/68/922 400/68/922
f 400/68/922 832/69/891 402/69/891
f 404/70/923 835/71/50 405/71/50
f 407/72/924 833/70/923 404/70/923
f 378/54/899 836/72/924 407/72/924
f 397/65/920 841/73/925 410/73/925
f 410/73/925 807/53/897 377/53/897
f 405/71/50 842/70/926 412/70/926
f 412/70/926 844/72/927 413/72/927
f 413/72/927 806/54/895 375/54/895
f 419/73/928 846/65/929 417/65/929
f 373/53/896 848/73/928 419/73/928
f 417/65/929 850/66/930 420/66/930
f 420/66/930 851/67/931 421/67/931
f 421/67/931 803/52/893 372/52/893
f 422/68/932 853/12/37 424/12/37
f 423/69/894 852/68/932 422/68/932
f 424/12/37 855/62/933 425/62/933
f 425/62/933 856/63/934 426/63/934
f 426/63/934 812/17/902 381/17/902
f 428/64/935 857/61/904 427/61/904
f 382/16/903 858/64/936 428/64/935
f 14/2/937 30/2/938 32/2/937
f 439/9/40 869/9/939 435/9/940
f 435/9/940 871/9/941 436/9/942
f 437/9/943 871/9/941 872/9/944
f 437/9/943 873/9/945 438/9/946
f 439/9/40 875/9/40 874/9/40
f 438/9/946 877/9/947 441/9/948
f 442/9/949 877/9/947 878/9/950
f 442/9/949 879/9/951 443/9/952
f 444/9/953 879/9/951 880/9/954
f 444/9/953 881/9/955 445/9/956
f 446/9/957 881/9/955 883/9/958
f 446/9/957 884/9/959 447/9/960
f 904/9/961 884/9/959 887/9/962
f 904/9/961 888/9/963 450/9/964
f 450/9/964 886/9/965 449/9/966
f 449/9/966 885/9/866 448/9/967
f 451/9/968 601/9/849 889/9/969
f 452/9/970 889/9/969 890/9/971
f 452/9/970 891/9/972 453/9/973
f 454/9/974 891/9/972 892/9/975
f 455/9/976 892/9/975 893/9/977
f 456/9/978 893/9/977 894/9/979
f 456/9/978 895/9/980 457/9/981
f 457/9/981 896/9/982 458/9/982
f 458/9/982 897/9/983 459/9/984
f 460/9/985 897/9/983 898/9/986
f 460/9/985 899/9/987 461/9/988
f 462/9/989 899/9/987 900/9/990
f 463/9/991 900/9/990 901/9/992
f 464/9/993 901/9/992 902/9/993
f 465/9/828 905/9/994 903/9/995
f 464/9/993 905/9/994 466/9/996
f 33/3/37 37/7/37 34/4/37
f 36/6/37 313/12/37 34/4/37
f 38/8/37 301/9/37 39/9/37
f 39/9/37 334/9/37 41/8/37
f 42/9/37 55/8/37 43/8/37
f 45/9/37 68/8/37 46/8/37
f 48/8/37 328/8/37 49/9/37
f 49/9/37 328/8/37 51/8/37
f 52/9/37 51/8/37 53/8/37
f 54/9/37 53/8/37 55/8/37
f 41/8/37 334/9/37 56/9/37
f 57/8/37 56/9/37 58/9/37
f 59/8/37 58/9/37 44/9/37
f 60/9/37 76/9/37 61/8/37
f 63/9/37 77/9/37 64/8/37
f 66/9/37 63/9/37 65/8/37
f 66/9/37 67/8/37 68/8/37
f 48/8/37 50/9/37 69/9/37
f 70/8/37 69/9/37 71/9/37
f 46/8/37 72/8/37 71/9/37
f 76/9/37 73/9/38 75/8/37
f 62/8/37 64/8/37 77/9/37
f 78/10/40 81/11/40 79/4/40
f 81/11/40 284/33/40 82/12/40
f 83/9/41 317/9/275 84/8/42
f 83/9/41 85/8/43 86/8/44
f 88/8/45 101/8/45 89/9/44
f 91/9/45 118/9/46 92/8/45
f 94/8/45 115/9/45 95/9/45
f 97/8/45 96/8/45 95/9/45
f 99/8/45 97/8/45 98/9/45
f 101/8/45 99/8/45 100/9/44
f 102/9/45 87/9/44 86/8/44
f 104/9/45 102/9/45 103/8/44
f 90/9/45 104/9/45 105/8/45
f 106/8/47 122/9/47 107/9/45
f 109/8/45 123/9/45 110/9/45
f 111/8/45 110/9/45 112/9/45
f 112/9/45 91/9/45 93/8/46
f 94/8/45 116/8/45 114/9/45
f 116/8/45 340/8/44 117/9/45
f 117/9/45 340/8/44 92/8/45
f 119/8/48 342/9/46 120/9/45
f 121/8/49 120/9/45 122/9/47
f 123/9/45 109/8/45 108/8/45
f 9/1/50 11/1/50 13/2/50
f 124/13/51 360/13/51 125/14/52
f 127/10/53 270/5/53 128/5/53
f 130/15/54 309/47/54 131/16/54
f 133/8/55 141/8/56 134/8/56
f 136/9/58 465/9/299 137/9/59
f 136/9/58 138/9/60 139/9/61
f 141/8/56 178/8/63 142/8/63
f 143/8/64 173/8/88 144/8/65
f 146/9/67 174/9/89 147/9/68
f 149/9/70 203/9/114 150/9/71
f 153/8/74 204/8/115 154/8/75
f 156/8/77 205/8/116 157/8/78
f 159/9/79 209/9/120 160/9/80
f 162/8/82 156/8/77 158/8/77
f 161/9/81 160/9/80 164/9/68
f 167/8/85 162/8/82 163/8/83
f 169/9/68 440/9/281 170/9/84
f 173/8/88 167/8/85 168/8/86
f 172/9/87 171/9/62 174/9/89
f 140/9/62 139/9/61 176/9/54
f 178/8/91 183/8/95 179/8/92
f 177/9/59 176/9/54 180/9/54
f 183/8/95 186/8/97 184/8/96
f 182/9/94 181/9/54 185/9/69
f 186/8/97 143/8/64 145/8/66
f 187/9/98 228/9/139 188/9/99
f 190/8/101 226/8/137 191/8/102
f 193/9/104 337/9/211 194/9/105
f 196/8/107 227/8/138 197/8/108
f 199/8/110 196/8/107 198/8/109
f 201/9/112 448/9/289 202/9/113
f 204/8/115 199/8/110 200/8/111
f 205/8/116 210/8/121 206/8/117
f 207/9/118 214/9/125 208/9/119
f 210/8/121 215/8/126 211/8/122
f 212/9/123 217/9/128 213/9/124
f 215/8/126 153/8/74 155/8/76
f 152/9/73 151/9/72 216/9/127
f 218/9/129 225/9/136 219/9/130
f 220/9/131 219/9/130 221/8/132
f 223/8/134 222/8/133 221/8/132
f 189/9/100 188/9/99 225/9/136
f 226/8/137 223/8/134 224/8/135
f 227/8/138 190/8/101 192/8/103
f 195/9/106 194/9/105 228/9/139
f 229/18/140 246/18/140 10/1/141
f 230/19/143 250/19/235 126/14/52
f 231/20/144 384/21/145 232/21/145
f 231/20/144 233/21/145 234/21/145
f 231/20/144 235/21/145 236/21/145
f 231/20/144 237/21/145 238/21/145
f 231/20/144 239/21/145 240/21/146
f 231/20/144 241/21/147 242/21/145
f 245/22/150 248/22/150 246/18/150
f 247/23/151 266/23/164 248/22/152
f 249/24/154 252/24/239 250/19/155
f 251/25/157 275/25/167 252/24/158
f 253/26/159 255/26/159 231/20/159
f 254/27/160 315/27/171 255/26/161
f 10/1/141 343/1/162 256/2/50
f 14/2/50 316/2/50 257/1/162
f 258/14/52 125/14/52 259/8/51
f 125/14/52 360/13/51 260/28/51
f 38/8/51 321/8/51 262/29/51
f 263/28/51 124/13/51 264/14/52
f 268/31/53 251/25/157 269/25/165
f 270/5/53 127/10/53 269/25/165
f 272/30/53 271/3/53 269/25/165
f 266/23/164 269/25/165 273/31/53
f 266/23/164 78/10/53 80/5/53
f 277/30/53 247/23/151 278/23/151
f 128/5/53 279/3/53 278/23/151
f 280/31/53 129/10/53 278/23/151
f 275/25/167 278/23/151 281/30/53
f 275/25/167 33/3/53 35/5/53
f 282/32/54 317/9/173 283/9/168
f 285/34/54 906/76/54 286/21/146
f 288/36/54 287/35/54 286/21/146
f 290/38/54 289/37/54 286/21/146
f 292/39/54 291/12/54 286/21/146
f 294/41/54 293/40/54 286/21/146
f 296/43/54 295/42/54 286/21/146
f 283/9/168 286/21/146 297/44/54
f 283/9/168 298/6/54 82/12/54
f 300/43/54 318/9/168 301/9/168
f 303/41/54 302/42/54 301/9/168
f 305/39/54 304/40/54 301/9/168
f 307/45/54 306/12/54 301/9/168
f 130/15/54 308/46/54 301/9/168
f 310/48/54 309/47/54 301/9/168
f 243/21/148 301/9/168 311/32/54
f 243/21/148 312/33/54 313/12/54
f 12/2/50 256/2/50 314/27/170
f 254/27/160 356/27/170 316/2/50
f 83/9/172 324/9/58 283/9/168
f 136/9/58 39/9/58 301/9/168
f 84/8/174 259/8/175 319/8/175
f 84/8/174 320/8/176 135/8/57
f 40/8/56 141/8/56 321/8/55
f 141/8/56 133/8/55 322/8/179
f 87/9/62 333/9/62 324/9/58
f 140/9/62 334/9/62 39/9/58
f 134/8/56 142/8/63 86/8/63
f 178/8/63 141/8/56 40/8/56
f 145/8/66 144/8/65 101/8/180
f 173/8/88 143/8/64 43/8/64
f 89/9/87 332/9/89 325/9/68
f 174/9/89 42/9/89 44/9/68
f 91/9/184 149/9/70 152/9/73
f 326/9/186 45/9/186 47/9/187
f 155/8/76 154/8/75 93/8/188
f 204/8/115 153/8/74 46/8/190
f 158/8/77 157/8/78 94/8/191
f 205/8/116 156/8/77 328/8/77
f 115/9/193 159/9/79 161/9/81
f 329/9/195 50/9/195 49/9/196
f 163/8/83 158/8/77 96/8/192
f 156/8/77 162/8/82 51/8/82
f 95/9/194 161/9/81 165/9/84
f 330/9/196 49/9/196 52/9/84
f 168/8/86 163/8/83 97/8/197
f 162/8/82 167/8/85 53/8/85
f 98/9/84 165/9/84 331/9/62
f 170/9/84 52/9/84 54/9/62
f 144/8/65 168/8/86 99/8/198
f 167/8/85 173/8/88 55/8/182
f 100/9/87 331/9/62 332/9/89
f 171/9/62 54/9/62 42/9/89
f 102/9/59 335/9/59 333/9/62
f 177/9/59 56/9/59 334/9/62
f 142/8/93 179/8/92 103/8/199
f 183/8/95 178/8/91 41/8/201
f 104/9/94 336/9/94 335/9/59
f 182/9/94 58/9/94 56/9/59
f 179/8/92 184/8/96 105/8/203
f 186/8/97 183/8/95 57/8/202
f 90/9/183 325/9/68 336/9/94
f 147/9/68 44/9/68 58/9/94
f 184/8/96 145/8/66 88/8/181
f 143/8/64 186/8/97 59/8/204
f 122/9/205 188/9/99 228/9/139
f 189/9/100 76/9/232 60/9/98
f 192/8/103 191/8/102 106/8/207
f 226/8/137 190/8/101 62/8/209
f 123/9/210 194/9/105 337/9/211
f 195/9/106 77/9/233 63/9/104
f 198/8/109 197/8/108 109/8/213
f 227/8/138 196/8/107 65/8/107
f 110/9/212 337/9/211 201/9/112
f 193/9/104 63/9/104 66/9/216
f 200/8/111 198/8/109 111/8/214
f 196/8/107 199/8/110 67/8/219
f 112/9/215 201/9/112 149/9/70
f 338/9/217 66/9/216 45/9/186
f 154/8/75 200/8/111 113/8/218
f 199/8/110 204/8/115 68/8/115
f 157/8/78 206/8/117 116/8/220
f 210/8/121 205/8/116 48/8/116
f 114/9/221 207/9/118 159/9/79
f 339/9/222 69/9/222 50/9/195
f 206/8/117 211/8/122 340/8/223
f 215/8/126 210/8/121 70/8/121
f 117/9/224 212/9/123 207/9/118
f 341/9/225 71/9/226 69/9/222
f 211/8/122 155/8/76 92/8/189
f 153/8/74 215/8/126 72/8/126
f 118/9/185 152/9/73 212/9/123
f 327/9/187 47/9/187 71/9/226
f 342/9/227 219/9/130 225/9/136
f 219/9/130 342/9/227 119/8/229
f 224/8/135 221/8/132 119/8/229
f 222/8/133 223/8/134 75/8/231
f 120/9/228 225/9/136 188/9/99
f 218/9/129 73/9/38 76/9/232
f 191/8/102 224/8/135 121/8/230
f 223/8/134 226/8/137 61/8/137
f 197/8/108 192/8/103 108/8/208
f 190/8/101 227/8/138 64/8/138
f 107/9/206 228/9/139 194/9/105
f 187/9/98 60/9/98 77/9/233
f 246/18/140 348/18/140 343/1/162
f 16/1/142 257/1/162 344/18/234
f 250/19/235 351/19/235 264/14/52
f 125/14/52 258/14/52 345/19/235
f 248/22/150 350/22/150 348/18/150
f 229/18/150 344/18/150 349/22/150
f 245/22/153 349/22/997 278/23/151
f 252/24/239 353/24/239 351/19/156
f 230/19/156 345/19/155 352/24/156
f 249/24/158 352/24/158 269/25/165
f 255/26/159 355/26/159 346/20/159
f 244/20/159 347/20/159 354/26/159
f 315/27/171 314/27/170 355/26/161
f 253/26/161 354/26/161 356/27/170
f 124/13/246 365/49/264 359/49/247
f 323/8/249 322/8/252 362/8/251
f 322/8/252 133/8/998 363/50/253
f 362/8/251 364/8/254 357/8/242
f 363/50/253 365/49/254 364/8/254
f 364/8/254 263/28/255 262/29/243
f 365/49/254 124/13/999 263/28/255
f 261/29/256 260/28/259 367/8/258
f 260/28/259 360/13/1000 359/49/260
f 367/8/258 368/8/261 358/8/244
f 359/49/260 369/50/262 368/8/261
f 368/8/261 320/8/263 319/8/245
f 369/50/262 135/8/1001 320/8/263
f 365/49/264 363/50/265 369/50/247
f 363/50/265 133/8/1002 135/8/266
f 370/51/54 389/60/54 235/21/145
f 304/40/54 402/69/54 371/52/54
f 372/52/54 423/69/54 293/40/54
f 373/53/54 418/9/274 374/9/267
f 376/9/168 411/9/271 377/53/54
f 379/55/54 241/21/147 240/21/146
f 287/35/54 288/36/54 381/17/54
f 286/21/146 906/76/54 383/56/54
f 383/56/54 427/61/54 385/57/54
f 385/57/54 386/55/54 233/21/145
f 386/55/54 370/51/54 234/21/145
f 237/21/145 236/21/145 387/58/54
f 236/21/145 235/21/145 389/60/54
f 390/58/54 238/21/145 237/21/145
f 391/60/54 239/21/145 238/21/145
f 380/51/54 240/21/146 239/21/145
f 242/21/145 393/57/54 392/61/54
f 241/21/147 379/55/54 393/57/54
f 394/62/54 401/12/54 306/12/54
f 307/45/54 308/46/54 395/63/54
f 308/46/54 130/15/54 132/17/54
f 392/61/54 396/64/54 310/48/54
f 396/64/54 131/16/54 309/47/54
f 300/43/54 398/66/54 397/65/54
f 302/42/54 399/67/54 398/66/54
f 303/41/54 371/52/54 399/67/54
f 400/68/54 305/39/54 306/12/54
f 402/69/54 304/40/54 305/39/54
f 403/9/268 406/9/269 404/70/54
f 406/9/269 408/9/270 407/72/54
f 408/9/270 376/9/168 378/54/54
f 397/65/54 410/73/54 409/9/168
f 410/73/54 377/53/54 411/9/271
f 412/70/54 414/9/272 403/9/268
f 413/72/54 415/9/273 414/9/272
f 375/54/54 374/9/267 415/9/273
f 416/9/168 419/73/54 417/65/54
f 418/9/274 373/53/54 419/73/54
f 417/65/54 420/66/54 296/43/54
f 420/66/54 421/67/54 295/42/54
f 421/67/54 372/52/54 294/41/54
f 422/68/54 424/12/54 291/12/54
f 292/39/54 293/40/54 423/69/54
f 290/38/54 291/12/54 424/12/54
f 289/37/54 290/38/54 425/62/54
f 288/36/54 289/37/54 426/63/54
f 383/56/54 906/76/54 285/34/54
f 382/16/54 428/64/54 285/34/54
f 429/74/37 38/8/37 351/19/37
f 274/31/166 276/10/37 430/11/37
f 276/10/37 35/5/37 34/4/37
f 257/1/37 316/2/37 431/75/37
f 281/30/37 278/23/37 344/18/37
f 37/7/37 33/3/37 281/30/37
f 311/32/37 301/9/37 38/8/37
f 312/33/37 311/32/37 429/74/37
f 313/12/37 312/33/37 430/11/37
f 431/75/37 316/2/37 354/26/37
f 37/7/37 431/75/37 299/44/169
f 432/75/40 256/2/40 348/18/40
f 265/30/163 267/3/40 433/7/40
f 267/3/40 80/5/40 79/4/40
f 258/14/40 84/8/42 434/74/40
f 273/31/40 269/25/40 345/19/40
f 81/11/40 78/10/40 273/31/40
f 314/27/40 256/2/40 432/75/40
f 297/44/40 286/21/40 355/26/40
f 433/7/40 298/6/40 297/44/40
f 79/4/40 82/12/40 298/6/40
f 282/32/40 434/74/40 84/8/42
f 284/33/40 81/11/40 434/74/40
f 272/30/53 266/23/164 247/23/151
f 271/3/53 272/30/53 277/30/53
f 270/5/53 271/3/53 279/3/53
f 280/31/53 275/25/167 251/25/157
f 129/10/53 280/31/53 268/31/53
f 330/9/196 439/9/280 435/9/276
f 436/9/277 437/9/278 339/9/222
f 439/9/280 330/9/196 170/9/84
f 341/9/225 339/9/222 438/9/279
f 441/9/282 442/9/283 327/9/187
f 443/9/284 444/9/285 326/9/186
f 445/9/286 446/9/287 338/9/217
f 448/9/289 201/9/112 337/9/211
f 447/9/288 904/9/1003 193/9/104
f 193/9/104 904/9/1003 450/9/291
f 165/9/84 166/9/84 451/9/292
f 332/9/89 331/9/62 452/9/61
f 453/9/293 454/9/294 325/9/68
f 336/9/94 325/9/68 455/9/183
f 456/9/94 457/9/293 335/9/59
f 458/9/59 459/9/54 333/9/62
f 460/9/61 461/9/295 324/9/58
f 324/9/58 462/9/296 463/9/297
f 465/9/299 136/9/58 416/9/168
f 136/9/58 318/9/168 409/9/168
s 0
f 376/9/301 408/9/301 406/9/301
f 414/9/305 415/9/273 374/9/1004
s 1
f 414/9/305 416/9/168 136/9/58
f 416/9/168 283/9/168 464/9/298
f 467/4/306 863/7/306 468/3/307
f 470/6/308 863/7/306 467/4/306
f 472/9/309 703/8/769 473/8/310
f 475/9/312 474/9/311 473/8/310
f 477/8/314 490/8/327 478/9/315
f 480/9/317 508/9/344 481/8/318
f 483/8/320 504/9/340 484/9/321
f 486/8/323 485/8/322 484/9/321
f 488/8/325 486/8/323 487/9/324
f 490/8/327 488/8/325 489/9/326
f 491/9/328 475/9/312 476/8/313
f 493/9/330 491/9/328 492/8/329
f 479/9/316 493/9/330 494/8/331
f 495/8/332 512/9/348 496/9/333
f 498/8/335 513/9/349 499/9/336
f 500/8/337 499/9/336 501/9/338
f 501/9/338 480/9/317 482/8/319
f 483/8/320 505/8/341 503/9/339
f 505/8/341 507/8/343 506/9/342
f 507/8/343 481/8/318 508/9/344
f 509/8/345 772/9/1005 510/9/346
f 511/8/347 510/9/346 512/9/348
f 513/9/349 498/8/335 497/8/334
f 514/4/350 518/11/350 515/10/351
f 517/12/352 722/33/352 518/11/350
f 519/9/353 752/9/1006 520/8/354
f 520/8/354 752/9/1006 522/9/356
f 524/9/358 537/8/371 525/8/359
f 527/9/361 550/8/384 528/8/362
f 530/8/364 762/8/1007 531/9/365
f 531/9/365 762/8/1007 533/8/367
f 534/9/368 533/8/367 535/8/369
f 536/9/370 535/8/369 537/8/371
f 523/8/357 522/9/356 538/9/372
f 539/8/373 538/9/372 540/9/374
f 541/8/375 540/9/374 526/9/360
f 542/9/376 558/9/392 543/8/377
f 545/9/379 559/9/393 546/8/380
f 548/9/382 545/9/379 547/8/381
f 548/9/382 549/8/383 550/8/384
f 530/8/364 532/9/366 551/9/385
f 552/8/386 551/9/385 553/9/387
f 554/8/388 553/9/387 529/9/363
f 555/9/389 771/9/1008 556/8/390
f 558/9/392 555/9/389 557/8/391
f 544/8/378 546/8/380 559/9/393
f 24/1/51 31/2/51 29/2/51
f 560/13/394 705/13/541 561/14/395
f 563/10/397 718/10/554 564/5/398
f 566/16/53 746/47/567 567/15/399
f 569/8/400 578/8/409 570/8/401
f 572/9/403 903/9/825 573/9/404
f 575/9/406 574/9/405 573/9/404
f 577/8/408 614/8/592 578/8/409
f 579/8/410 609/8/440 580/8/411
f 582/9/413 610/9/441 583/9/414
f 585/9/416 639/9/468 586/9/417
f 589/8/420 640/8/469 590/8/421
f 592/8/423 642/8/471 593/8/424
f 595/9/426 644/9/473 596/9/427
f 594/8/425 593/8/424 598/8/429
f 597/9/428 602/9/433 600/9/431
f 599/8/430 598/8/429 603/8/434
f 605/9/436 875/9/432 606/9/437
f 604/8/435 603/8/434 609/8/440
f 608/9/439 611/9/442 610/9/441
f 576/9/407 616/9/447 612/9/53
f 613/8/443 620/8/450 614/8/444
f 615/9/446 612/9/53 616/9/447
f 619/8/449 622/8/451 620/8/450
f 621/9/415 617/9/53 618/9/448
f 581/8/412 580/8/411 622/8/451
f 623/9/452 661/9/490 624/9/453
f 626/8/455 662/8/491 627/8/456
f 629/9/458 664/9/493 630/9/459
f 632/8/461 663/8/492 633/8/462
f 634/8/463 633/8/462 635/8/464
f 637/9/466 885/9/814 638/9/467
f 636/8/465 635/8/464 640/8/469
f 641/8/470 648/8/477 642/8/471
f 643/9/472 646/9/475 644/9/473
f 647/8/476 651/8/480 648/8/477
f 649/9/478 653/9/482 650/9/479
f 591/8/422 590/8/421 651/8/480
f 652/9/481 587/9/418 588/9/419
f 654/9/483 657/9/486 655/9/484
f 657/9/486 773/8/682 658/8/487
f 658/8/487 773/8/682 659/8/488
f 661/9/490 654/9/483 656/9/485
f 660/8/489 659/8/488 662/8/491
f 628/8/457 627/8/456 663/8/492
f 664/9/493 623/9/452 625/9/454
f 665/18/494 28/1/532 27/1/495
f 667/19/497 562/14/396 561/14/395
f 669/21/499 814/21/745 670/20/500
f 672/21/502 671/21/501 670/20/500
f 674/21/504 673/21/503 670/20/500
f 676/21/506 675/21/505 670/20/500
f 678/21/508 677/21/507 670/20/500
f 680/21/510 679/21/509 670/20/500
f 683/22/513 665/18/513 666/18/514
f 685/23/516 683/22/695 684/22/517
f 687/24/519 667/19/519 668/19/520
f 689/25/521 687/24/701 688/24/522
f 691/26/524 682/20/524 670/20/525
f 693/27/526 691/26/1009 692/26/527
f 27/1/495 30/2/571 695/2/529
f 697/2/531 32/2/574 28/1/532
f 562/14/396 777/14/686 521/8/534
f 560/13/394 562/14/396 700/29/536
f 702/29/538 756/8/1010 703/8/539
f 705/13/541 704/28/540 703/8/539
f 709/25/545 689/25/521 710/31/546
f 709/25/545 563/10/397 565/5/397
f 711/3/547 867/30/797 686/23/518
f 709/25/545 686/23/518 515/10/548
f 516/5/544 515/10/548 686/23/518
f 690/25/523 786/25/699 713/31/550
f 715/23/552 685/23/516 716/30/553
f 715/23/552 717/3/398 564/5/398
f 718/10/554 868/31/798 690/25/523
f 715/23/552 690/25/523 468/3/555
f 469/5/551 468/3/555 690/25/523
f 720/9/557 519/9/576 721/32/558
f 723/21/560 907/76/1011 724/34/561
f 723/21/560 725/35/561 726/36/561
f 723/21/560 727/37/561 728/38/561
f 723/21/560 729/12/561 730/39/561
f 723/21/560 731/40/561 732/41/561
f 723/21/560 733/42/561 734/43/561
f 723/21/560 720/9/557 735/6/562
f 517/12/559 735/6/562 720/9/557
f 681/21/511 780/21/689 737/44/564
f 472/9/566 753/9/578 738/43/399
f 472/9/566 739/42/399 740/41/399
f 472/9/566 741/40/399 742/39/399
f 472/9/566 743/12/399 744/45/399
f 472/9/566 745/46/399 567/15/399
f 472/9/566 746/47/567 747/48/568
f 748/32/569 472/9/566 681/21/511
f 471/12/565 749/33/570 681/21/511
f 30/2/571 694/27/528 750/27/572
f 751/27/573 693/27/526 32/2/574
f 720/9/557 759/9/587 752/9/575
f 474/9/577 573/9/404 753/9/578
f 754/8/579 699/8/1012 521/8/580
f 571/8/402 755/8/581 521/8/580
f 578/8/409 473/8/591 703/8/583
f 570/8/401 578/8/409 757/8/585
f 759/9/587 766/9/631 522/9/588
f 475/9/589 576/9/407 573/9/404
f 523/8/590 577/8/408 569/8/400
f 473/8/591 578/8/409 614/8/592
f 537/8/594 579/8/410 581/8/412
f 477/8/596 580/8/411 609/8/440
f 760/9/598 765/9/630 524/9/599
f 478/9/601 610/9/441 582/9/413
f 588/9/419 586/9/417 527/9/603
f 761/9/605 770/9/673 508/9/606
f 550/8/608 589/8/420 591/8/422
f 481/8/610 590/8/421 640/8/469
f 530/8/612 592/8/423 594/8/425
f 593/8/424 642/8/471 483/8/614
f 597/9/428 596/9/427 532/9/616
f 763/9/618 870/9/800 484/9/619
f 762/8/613 594/8/425 599/8/430
f 486/8/622 598/8/429 593/8/424
f 602/9/433 597/9/428 531/9/617
f 484/9/619 870/9/800 605/9/436
f 533/8/621 599/8/430 604/8/435
f 603/8/434 598/8/429 486/8/622
f 764/9/627 602/9/433 534/9/623
f 487/9/624 605/9/436 607/9/438
f 535/8/625 604/8/435 579/8/410
f 609/8/440 603/8/434 488/8/626
f 765/9/630 764/9/627 536/9/628
f 489/9/629 607/9/438 610/9/441
f 766/9/631 767/9/638 538/9/632
f 491/9/633 616/9/447 576/9/407
f 539/8/634 613/8/443 577/8/445
f 476/8/636 614/8/444 620/8/450
f 767/9/638 768/9/643 540/9/639
f 493/9/640 618/9/448 616/9/447
f 541/8/641 619/8/449 613/8/443
f 492/8/637 620/8/450 622/8/451
f 768/9/643 760/9/598 526/9/600
f 479/9/602 582/9/413 618/9/448
f 525/8/595 581/8/412 619/8/449
f 622/8/451 580/8/411 477/8/596
f 625/9/454 624/9/453 558/9/644
f 512/9/646 661/9/490 623/9/452
f 543/8/648 626/8/455 628/8/457
f 627/8/456 662/8/491 495/8/650
f 631/9/460 630/9/459 559/9/652
f 513/9/654 664/9/493 629/9/458
f 546/8/656 632/8/461 634/8/463
f 633/8/462 663/8/492 498/8/658
f 638/9/467 631/9/460 545/9/653
f 629/9/458 882/9/811 501/9/661
f 547/8/657 634/8/463 636/8/465
f 502/8/663 635/8/464 633/8/462
f 586/9/417 638/9/467 548/9/660
f 501/9/661 882/9/811 761/9/605
f 549/8/662 636/8/465 589/8/420
f 640/8/469 635/8/464 502/8/663
f 552/8/664 641/8/470 592/8/423
f 483/8/614 642/8/471 648/8/477
f 596/9/427 646/9/475 551/9/666
f 503/9/667 769/9/672 763/9/618
f 554/8/668 647/8/476 641/8/470
f 505/8/665 648/8/477 651/8/480
f 646/9/475 650/9/479 553/9/670
f 506/9/671 876/9/805 769/9/672
f 528/8/609 591/8/422 647/8/476
f 651/8/480 590/8/421 481/8/610
f 650/9/479 588/9/419 529/9/604
f 770/9/673 876/9/805 506/9/671
f 656/9/485 655/9/484 771/9/674
f 657/9/486 654/9/483 510/9/676
f 655/9/484 658/8/487 556/8/678
f 509/8/679 773/8/682 657/9/486
f 556/8/678 658/8/487 660/8/489
f 511/8/681 659/8/488 773/8/682
f 624/9/453 656/9/485 555/9/675
f 654/9/483 661/9/490 512/9/646
f 557/8/680 660/8/489 626/8/455
f 495/8/650 662/8/491 659/8/488
f 544/8/649 628/8/457 632/8/461
f 663/8/492 627/8/456 497/8/651
f 630/9/459 625/9/454 542/9/645
f 623/9/452 664/9/493 513/9/654
f 666/18/496 27/1/495 696/1/530
f 698/1/533 28/1/532 665/18/494
f 668/19/498 561/14/395 706/14/542
f 777/14/686 562/14/396 667/19/497
f 780/21/689 681/21/511 682/20/512
f 684/22/515 666/18/514 774/18/691
f 665/18/513 683/22/513 783/22/693
f 683/22/695 685/23/516 715/23/552
f 784/24/697 688/24/520 668/19/520
f 667/19/519 687/24/519 785/24/698
f 786/25/699 690/25/523 688/24/522
f 687/24/701 689/25/521 709/25/545
f 787/26/703 692/26/525 670/20/525
f 781/20/705 682/20/524 691/26/524
f 694/27/528 692/26/527 787/26/706
f 788/26/707 691/26/1009 693/27/526
f 791/49/714 796/49/736 705/13/715
f 758/8/719 757/8/718 792/8/717
f 794/50/721 570/8/1013 758/8/719
f 793/8/720 792/8/717 789/8/709
f 794/50/721 793/8/720 795/8/722
f 704/28/724 795/8/722 789/8/709
f 796/49/723 795/8/722 704/28/724
f 701/28/728 700/29/727 797/8/726
f 791/49/730 560/13/1014 701/28/728
f 798/8/729 797/8/726 790/8/712
f 791/49/730 798/8/729 799/8/731
f 755/8/733 799/8/731 790/8/712
f 800/50/732 799/8/731 755/8/733
f 800/50/735 794/50/738 796/49/736
f 571/8/737 570/8/1015 794/50/738
f 673/21/503 819/60/750 801/51/739
f 802/52/53 832/69/53 741/40/399
f 731/40/561 854/69/53 803/52/53
f 804/9/740 849/9/762 805/53/53
f 807/53/53 840/9/759 808/9/741
f 678/21/508 679/21/509 810/55/742
f 725/35/561 859/16/53 812/17/53
f 813/56/744 907/76/1011 723/21/560
f 815/57/746 857/61/763 813/56/744
f 671/21/501 816/55/747 815/57/746
f 672/21/502 801/51/739 816/55/747
f 817/58/748 674/21/504 675/21/505
f 819/60/750 673/21/503 674/21/504
f 675/21/505 676/21/506 820/58/751
f 676/21/506 677/21/507 821/60/752
f 677/21/507 678/21/508 811/51/743
f 822/61/753 823/57/754 680/21/510
f 823/57/754 810/55/742 679/21/509
f 824/62/53 744/45/399 743/12/399
f 826/63/53 745/46/399 744/45/399
f 568/17/53 567/15/399 745/46/399
f 747/48/568 827/64/755 822/61/753
f 746/47/567 566/16/53 827/64/755
f 828/65/53 829/66/53 738/43/399
f 829/66/53 830/67/53 739/42/399
f 830/67/53 802/52/53 740/41/399
f 743/12/399 742/39/399 831/68/53
f 742/39/399 741/40/399 832/69/53
f 833/70/53 837/9/757 834/9/756
f 836/72/53 838/9/758 837/9/757
f 809/54/53 808/9/741 838/9/758
f 839/9/741 841/73/53 828/65/53
f 840/9/759 807/53/53 841/73/53
f 834/9/756 843/9/760 842/70/53
f 843/9/760 845/9/761 844/72/53
f 845/9/761 804/9/740 806/54/53
f 846/65/53 848/73/53 847/9/741
f 848/73/53 805/53/53 849/9/762
f 734/43/561 850/66/53 846/65/53
f 733/42/561 851/67/53 850/66/53
f 732/41/561 803/52/53 851/67/53
f 852/68/53 730/39/561 729/12/561
f 854/69/53 731/40/561 730/39/561
f 728/38/561 855/62/53 853/12/53
f 727/37/561 856/63/53 855/62/53
f 726/36/561 812/17/53 856/63/53
f 724/34/561 907/76/1011 813/56/744
f 859/16/53 725/35/561 724/34/561
f 784/24/764 776/19/768 713/31/765
f 860/74/767 713/31/765 776/19/768
f 861/11/306 714/10/307 713/31/765
f 467/4/306 469/5/307 714/10/307
f 697/2/771 698/1/1016 775/18/772
f 719/30/774 862/75/773 775/18/772
f 719/30/774 468/3/307 863/7/306
f 472/9/309 748/32/777 860/74/767
f 749/33/308 861/11/306 860/74/767
f 471/12/308 467/4/306 861/11/306
f 781/20/778 788/26/781 737/44/779
f 697/2/771 862/75/773 737/44/779
f 863/7/306 470/6/308 737/44/779
f 782/22/1017 774/18/784 707/30/543
f 695/2/783 865/75/786 707/30/543
f 864/7/350 708/3/351 707/30/543
f 514/4/350 516/5/351 708/3/351
f 521/8/355 777/14/1018 778/19/787
f 712/31/789 866/74/788 778/19/787
f 712/31/789 515/10/351 518/11/350
f 695/2/783 750/27/1019 787/26/792
f 736/44/793 865/75/786 787/26/792
f 736/44/793 735/6/352 864/7/350
f 735/6/352 517/12/352 514/4/350
f 521/8/355 866/74/788 721/32/796
f 866/74/788 518/11/350 722/33/352
f 867/30/797 716/30/553 685/23/516
f 711/3/547 717/3/398 716/30/553
f 565/5/397 564/5/398 717/3/398
f 868/31/798 710/31/546 689/25/521
f 718/10/554 563/10/397 710/31/546
f 869/9/799 874/9/804 870/9/800
f 871/9/801 763/9/618 769/9/672
f 605/9/436 870/9/800 874/9/804
f 873/9/803 769/9/672 876/9/805
f 877/9/806 876/9/805 770/9/673
f 879/9/808 770/9/673 761/9/605
f 881/9/810 761/9/605 882/9/811
f 631/9/460 638/9/467 885/9/814
f 884/9/813 882/9/811 629/9/458
f 888/9/817 887/9/816 629/9/458
f 889/9/818 601/9/432 602/9/433
f 890/9/406 764/9/627 765/9/630
f 891/9/819 765/9/630 760/9/598
f 893/9/821 760/9/598 768/9/643
f 894/9/822 768/9/643 767/9/638
f 896/9/446 767/9/638 766/9/631
f 898/9/406 766/9/631 759/9/587
f 901/9/824 900/9/823 759/9/587
f 903/9/825 905/9/1020 847/9/741
f 839/9/741 753/9/578 573/9/404
f 837/9/757 838/9/758 808/9/741
f 804/9/740 845/9/761 843/9/760
f 843/9/760 808/9/741 573/9/404
f 847/9/741 905/9/1020 902/9/824
f 131/16/826 566/16/826 568/17/827
f 465/9/828 903/9/995 572/9/829
f 138/9/831 137/9/830 572/9/829
f 138/9/831 574/9/832 575/9/833
f 148/9/835 584/9/864 583/9/836
f 150/9/838 203/9/868 639/9/839
f 150/9/841 585/9/1021 587/9/842
f 160/9/844 209/9/1022 644/9/845
f 160/9/844 595/9/846 600/9/847
f 166/9/849 164/9/848 600/9/847
f 440/9/40 169/9/852 606/9/850
f 172/9/851 608/9/854 606/9/850
f 172/9/851 175/9/855 611/9/853
f 175/9/855 146/9/837 583/9/836
f 139/9/834 575/9/833 612/9/856
f 176/9/857 612/9/856 615/9/858
f 181/9/860 180/9/859 615/9/858
f 181/9/860 617/9/861 621/9/862
f 148/9/835 185/9/863 621/9/862
f 202/9/865 448/9/967 885/9/866
f 202/9/865 637/9/867 639/9/839
f 208/9/869 214/9/878 643/9/870
f 209/9/872 208/9/1023 645/9/873
f 213/9/875 217/9/881 653/9/876
f 213/9/875 649/9/877 643/9/870
f 216/9/879 151/9/843 587/9/842
f 216/9/879 652/9/880 653/9/876
f 254/27/882 693/27/882 694/27/882
f 315/27/883 694/27/1024 30/2/884
f 254/27/886 14/2/1025 32/2/887
f 370/51/889 801/51/889 819/60/890
f 402/69/891 832/69/891 802/52/892
f 372/52/893 803/52/893 854/69/894
f 375/54/895 806/54/895 805/53/896
f 377/53/897 807/53/897 809/54/898
f 380/51/900 811/51/912 810/55/901
f 381/17/902 812/17/902 859/16/903
f 427/61/904 857/61/904 815/57/905
f 385/57/905 815/57/905 816/55/906
f 386/55/906 816/55/906 801/51/889
f 387/58/907 817/58/908 818/59/51
f 389/60/890 819/60/890 817/58/908
f 388/59/51 818/59/51 820/58/909
f 391/60/911 390/58/910 820/58/909
f 380/51/900 391/60/911 821/60/911
f 393/57/913 823/57/913 822/61/914
f 379/55/901 810/55/901 823/57/913
f 394/62/915 824/62/915 825/12/40
f 395/63/916 826/63/916 824/62/915
f 132/17/827 568/17/827 826/63/916
f 392/61/914 822/61/914 827/64/917
f 396/64/918 827/64/917 566/16/826
f 398/66/919 829/66/919 828/65/920
f 399/67/921 830/67/921 829/66/919
f 371/52/892 802/52/892 830/67/921
f 401/12/40 825/12/40 831/68/922
f 400/68/922 831/68/922 832/69/891
f 404/70/923 833/70/923 835/71/50
f 407/72/924 836/72/924 833/70/923
f 378/54/899 809/54/898 836/72/924
f 397/65/920 828/65/920 841/73/925
f 410/73/925 841/73/925 807/53/897
f 405/71/50 835/71/50 842/70/926
f 412/70/926 842/70/926 844/72/927
f 413/72/927 844/72/927 806/54/895
f 419/73/928 848/73/928 846/65/929
f 373/53/896 805/53/896 848/73/928
f 417/65/929 846/65/929 850/66/930
f 420/66/930 850/66/930 851/67/931
f 421/67/931 851/67/931 803/52/893
f 422/68/932 852/68/932 853/12/37
f 423/69/894 854/69/894 852/68/932
f 424/12/37 853/12/37 855/62/933
f 425/62/933 855/62/933 856/63/934
f 426/63/934 856/63/934 812/17/902
f 428/64/935 858/64/936 857/61/904
f 382/16/903 859/16/903 858/64/936
f 14/2/937 12/2/938 30/2/938
f 439/9/40 874/9/40 869/9/939
f 435/9/940 869/9/939 871/9/941
f 437/9/943 436/9/942 871/9/941
f 437/9/943 872/9/944 873/9/945
f 439/9/40 440/9/40 875/9/40
f 438/9/946 873/9/945 877/9/947
f 442/9/949 441/9/948 877/9/947
f 442/9/949 878/9/950 879/9/951
f 444/9/953 443/9/952 879/9/951
f 444/9/953 880/9/954 881/9/955
f 446/9/957 445/9/956 881/9/955
f 446/9/957 883/9/958 884/9/959
f 904/9/961 447/9/960 884/9/959
f 904/9/961 887/9/962 888/9/963
f 450/9/964 888/9/963 886/9/965
f 449/9/966 886/9/965 885/9/866
f 451/9/968 166/9/849 601/9/849
f 452/9/970 451/9/968 889/9/969
f 452/9/970 890/9/971 891/9/972
f 454/9/974 453/9/973 891/9/972
f 455/9/976 454/9/974 892/9/975
f 456/9/978 455/9/976 893/9/977
f 456/9/978 894/9/979 895/9/980
f 457/9/981 895/9/980 896/9/982
f 458/9/982 896/9/982 897/9/983
f 460/9/985 459/9/984 897/9/983
f 460/9/985 898/9/986 899/9/987
f 462/9/989 461/9/988 899/9/987
f 463/9/991 462/9/989 900/9/990
f 464/9/993 463/9/991 901/9/992
f 465/9/828 466/9/996 905/9/994
f 464/9/993 902/9/993 905/9/994
f 220/9/131 222/8/133 74/8/39
f 274/31/166 351/19/37 353/24/240
f 299/44/169 354/26/37 347/20/237
f 265/30/163 348/18/40 350/22/238
f 684/22/517 782/22/1017 707/30/543
